date,description,amount,balance
2023-02-02,CARDPAY SETTLEMENT 20230201,48030.28,2548030.28
2023-02-03,CARDPAY SETTLEMENT 20230202,48030.28,2596060.56
2023-02-04,CARDPAY SETTLEMENT 20230203,50558.18,2646618.74
2023-02-05,CARDPAY SETTLEMENT 20230204,50558.18,2697176.92
2023-02-06,CARDPAY SETTLEMENT 20230205,58141.91,2755318.83
2023-02-07,CARDPAY SETTLEMENT 20230206,55614.0,2810932.83
2023-02-08,CARDPAY SETTLEMENT 20230207,48030.28,2858963.11
2023-02-09,CARDPAY SETTLEMENT 20230208,48030.28,2906993.39
2023-02-10,CARDPAY SETTLEMENT 20230209,48030.28,2955023.67
2023-02-11,CARDPAY SETTLEMENT 20230210,50558.18,3005581.85
2023-02-12,CARDPAY SETTLEMENT 20230211,50558.18,3056140.03
2023-02-13,CARDPAY SETTLEMENT 20230212,58141.91,3114281.94
2023-02-14,CARDPAY SETTLEMENT 20230213,55614.0,3169895.94
2023-02-15,CARDPAY SETTLEMENT 20230214,48030.28,3217926.22
2023-02-16,CARDPAY SETTLEMENT 20230215,48030.28,3265956.5
2023-02-17,CARDPAY SETTLEMENT 20230216,48030.28,3313986.78
2023-02-17,MKTPLACE PAYOUT S-0001,269603.0,3583589.78
2023-02-18,CARDPAY SETTLEMENT 20230217,50558.18,3634147.96
2023-02-19,CARDPAY SETTLEMENT 20230218,50558.18,3684706.14
2023-02-20,CARDPAY SETTLEMENT 20230219,58141.91,3742848.05
2023-02-21,CARDPAY SETTLEMENT 20230220,55614.0,3798462.05
2023-02-22,CARDPAY SETTLEMENT 20230221,48030.28,3846492.33
2023-02-23,CARDPAY SETTLEMENT 20230222,48030.28,3894522.61
2023-02-24,CARDPAY SETTLEMENT 20230223,48030.28,3942552.89
2023-02-25,CARDPAY SETTLEMENT 20230224,50558.18,3993111.07
2023-02-26,CARDPAY SETTLEMENT 20230225,50558.18,4043669.25
2023-02-27,CARDPAY SETTLEMENT 20230226,58141.91,4101811.16
2023-02-28,CARDPAY SETTLEMENT 20230227,55614.0,4157425.16
2023-02-28,PAYROLL 2023-02,-441524.91,3715900.25
2023-03-01,CARDPAY SETTLEMENT 20230228,48030.34,3763930.59
2023-03-02,CARDPAY SETTLEMENT 20230301,55868.92,3819799.51
2023-03-03,BACS ASHCOMBE & ROWE LLP AR-4267,-46303.68,3773495.83
2023-03-03,BACS CLOUDSTACK SOFTWARE LTD CS-07602,-63667.56,3709828.27
2023-03-03,BACS HARBOURLINE INSURANCE LTD HI02476,-28939.81,3680888.46
2023-03-03,BACS KESTREL GRID ENERGY LTD KGE002504,-34727.76,3646160.7
2023-03-03,BACS MIDSHIRE LOGISTICS PARK LTD MLP8409,-115759.2,3530401.5
2023-03-03,CARDPAY SETTLEMENT 20230302,55868.92,3586270.42
2023-03-03,MKTPLACE PAYOUT S-0002,269602.99,3855873.41
2023-03-04,CARDPAY SETTLEMENT 20230303,58809.39,3914682.8
2023-03-05,CARDPAY SETTLEMENT 20230304,58809.39,3973492.19
2023-03-06,BACS PARCELCO LTD PC-003642,-73654.65,3899837.54
2023-03-06,BACS PARCELCO LTD PC-003644,-44907.63,3854929.91
2023-03-06,CARDPAY SETTLEMENT 20230305,67630.79,3922560.7
2023-03-07,CARDPAY SETTLEMENT 20230306,64690.32,3987251.02
2023-03-08,CARDPAY SETTLEMENT 20230307,55868.92,4043119.94
2023-03-09,CARDPAY SETTLEMENT 20230308,55868.92,4098988.86
2023-03-10,CARDPAY SETTLEMENT 20230309,55868.92,4154857.78
2023-03-11,CARDPAY SETTLEMENT 20230310,58809.39,4213667.17
2023-03-12,CARDPAY SETTLEMENT 20230311,58809.39,4272476.56
2023-03-13,BACS FULCRUM AUTOMATION LTD FA-03849,-70000,4202476.56
2023-03-13,CARDPAY SETTLEMENT 20230312,67630.79,4270107.35
2023-03-14,CARDPAY SETTLEMENT 20230313,64690.32,4334797.67
2023-03-15,CARDPAY SETTLEMENT 20230314,55868.92,4390666.59
2023-03-16,CARDPAY SETTLEMENT 20230315,55868.92,4446535.51
2023-03-17,BACS PARCELCO LTD PC-003643,-64417.48,4382118.03
2023-03-17,BACS PARCELCO LTD PC-003645,-39275.65,4342842.38
2023-03-17,CARDPAY SETTLEMENT 20230316,55868.92,4398711.3
2023-03-17,MKTPLACE PAYOUT S-0003,296095.84,4694807.14
2023-03-18,CARDPAY SETTLEMENT 20230317,58809.39,4753616.53
2023-03-19,CARDPAY SETTLEMENT 20230318,58809.39,4812425.92
2023-03-20,CARDPAY SETTLEMENT 20230319,67630.79,4880056.71
2023-03-21,CARDPAY SETTLEMENT 20230320,64690.32,4944747.03
2023-03-22,CARDPAY SETTLEMENT 20230321,55868.92,5000615.95
2023-03-23,CARDPAY SETTLEMENT 20230322,55868.92,5056484.87
2023-03-24,CARDPAY SETTLEMENT 20230323,55868.92,5112353.79
2023-03-25,CARDPAY SETTLEMENT 20230324,58809.39,5171163.18
2023-03-26,CARDPAY SETTLEMENT 20230325,58809.39,5229972.57
2023-03-27,BACS SUMMIT OUTDOOR GOODS LTD SOG-06368,-50486.04,5179486.53
2023-03-27,CARDPAY SETTLEMENT 20230326,67630.79,5247117.32
2023-03-28,BACS SUMMIT OUTDOOR GOODS LTD SOG-06369,-41741.26,5205376.06
2023-03-28,CARDPAY SETTLEMENT 20230327,64690.32,5270066.38
2023-03-29,CARDPAY SETTLEMENT 20230328,55868.92,5325935.3
2023-03-30,BACS LINKPARTNER AFFILIATES LTD LPA-06126,-15391.93,5310543.37
2023-03-30,BACS SEARCHLY ADS LTD SRCH-07493,-92351.62,5218191.75
2023-03-30,BACS SOCIALREACH MEDIA LTD SRM04327,-46175.81,5172015.94
2023-03-30,CARDPAY SETTLEMENT 20230329,55868.92,5227884.86
2023-03-31,BACS ASHCOMBE & ROWE LLP AR-4268,-42894.02,5184990.84
2023-03-31,BACS CLOUDSTACK SOFTWARE LTD CS-07603,-58979.28,5126011.56
2023-03-31,BACS HARBOURLINE INSURANCE LTD HI02477,-26808.77,5099202.79
2023-03-31,BACS KESTREL GRID ENERGY LTD KGE002505,-32170.52,5067032.27
2023-03-31,BACS MIDSHIRE LOGISTICS PARK LTD MLP8410,-107235.06,4959797.21
2023-03-31,BACS STRIDE APPAREL LTD SA01112,-63752.7,4896044.51
2023-03-31,CARDPAY SETTLEMENT 20230330,55868.92,4951913.43
2023-03-31,MKTPLACE PAYOUT S-0004,296095.84,5248009.27
2023-03-31,PAYROLL 2023-03,-436771.88,4811237.39
2023-04-01,CARDPAY SETTLEMENT 20230331,58809.41,4870046.8
2023-04-02,CARDPAY SETTLEMENT 20230401,57822.21,4927869.01
2023-04-03,BACS PARCELCO LTD PC-003646,-79217.11,4848651.9
2023-04-03,BACS PARCELCO LTD PC-003648,-48567.64,4800084.26
2023-04-03,BACS STRIDE APPAREL LTD SA01113,-67534.65,4732549.61
2023-04-03,CARDPAY SETTLEMENT 20230402,66495.53,4799045.14
2023-04-04,BACS NORTHFIELD SPORTSWEAR LTD NS008595,-28905.22,4770139.92
2023-04-04,BACS PEAK FOOTWEAR DISTRIBUTION LTD PFD/04802,-47872.38,4722267.54
2023-04-04,BACS VELOCITY EQUIPMENT CO LTD VE-01652,-49645.84,4672621.7
2023-04-04,CARDPAY SETTLEMENT 20230403,63604.42,4736226.12
2023-04-05,BACS APEX ATHLETIC SUPPLY LTD APX-01888,-32025.33,4704200.79
2023-04-05,BACS BRIGHTDESK IT LTD BIT05877,-70000,4634200.79
2023-04-05,BACS NORTHFIELD SPORTSWEAR LTD NS008596,-15780.52,4618420.27
2023-04-05,CARDPAY SETTLEMENT 20230404,54931.1,4673351.37
2023-04-06,BACS APEX ATHLETIC SUPPLY LTD APX-01889,-67971.42,4605379.95
2023-04-06,CARDPAY SETTLEMENT 20230405,54931.1,4660311.05
2023-04-07,CARDPAY SETTLEMENT 20230406,54931.1,4715242.15
2023-04-08,CARDPAY SETTLEMENT 20230407,57822.21,4773064.36
2023-04-09,CARDPAY SETTLEMENT 20230408,57822.21,4830886.57
2023-04-10,BACS APEX ATHLETIC SUPPLY LTD APX-01890,-60728.69,4770157.88
2023-04-10,CARDPAY SETTLEMENT 20230409,66495.53,4836653.41
2023-04-11,BACS PEAK FOOTWEAR DISTRIBUTION LTD PFD/04803,-26906.96,4809746.45
2023-04-11,CARDPAY SETTLEMENT 20230410,63604.42,4873350.87
2023-04-12,CARDPAY SETTLEMENT 20230411,54931.1,4928281.97
2023-04-13,BACS PEAK FOOTWEAR DISTRIBUTION LTD PFD/04804,-21079.63,4907202.34
2023-04-13,CARDPAY SETTLEMENT 20230412,54931.1,4962133.44
2023-04-14,CARDPAY SETTLEMENT 20230413,54931.1,5017064.54
2023-04-14,MKTPLACE PAYOUT S-0005,297160.44,5314224.98
2023-04-15,CARDPAY SETTLEMENT 20230414,57822.21,5372047.19
2023-04-16,CARDPAY SETTLEMENT 20230415,57822.21,5429869.4
2023-04-17,BACS PARCELCO LTD PC-003647,-84445.99,5345423.41
2023-04-17,BACS PARCELCO LTD PC-003649,-51773.41,5293650.0
2023-04-17,BACS PEAK FOOTWEAR DISTRIBUTION LTD PFD/04805,-61637.92,5232012.08
2023-04-17,BACS STRIDE APPAREL LTD SA01114,-51964.22,5180047.86
2023-04-17,CARDPAY SETTLEMENT 20230416,66495.53,5246543.39
2023-04-18,BACS STRIDE APPAREL LTD SA01115,-48796.34,5197747.05
2023-04-18,BACS VELOCITY EQUIPMENT CO LTD VE-01653,-35359.38,5162387.67
2023-04-18,BACS VELOCITY EQUIPMENT CO LTD VE-01654,-34377.44,5128010.23
2023-04-18,BACS VELOCITY EQUIPMENT CO LTD VE-01655,-63097.92,5064912.31
2023-04-18,CARDPAY SETTLEMENT 20230417,63604.42,5128516.73
2023-04-19,BACS SUMMIT OUTDOOR GOODS LTD SOG-06370,-34763.48,5093753.25
2023-04-19,CARDPAY SETTLEMENT 20230418,54931.1,5148684.35
2023-04-20,BACS NORTHFIELD SPORTSWEAR LTD NS008597,-39506.24,5109178.11
2023-04-20,BACS VELOCITY EQUIPMENT CO LTD VE-01656,-65885.0,5043293.11
2023-04-20,CARDPAY SETTLEMENT 20230419,54931.1,5098224.21
2023-04-21,CARDPAY SETTLEMENT 20230420,54931.1,5153155.31
2023-04-22,CARDPAY SETTLEMENT 20230421,57822.21,5210977.52
2023-04-23,CARDPAY SETTLEMENT 20230422,57822.21,5268799.73
2023-04-24,BACS NORTHFIELD SPORTSWEAR LTD NS008598,-48116.28,5220683.45
2023-04-24,BACS PEAK FOOTWEAR DISTRIBUTION LTD PFD/04806,-62314.31,5158369.14
2023-04-24,BACS STRIDE APPAREL LTD SA01116,-31715.94,5126653.2
2023-04-24,BACS SUMMIT OUTDOOR GOODS LTD SOG-06371,-53730.83,5072922.37
2023-04-24,BACS VELOCITY EQUIPMENT CO LTD VE-01657,-58428.26,5014494.11
2023-04-24,BACS VELOCITY EQUIPMENT CO LTD VE-01658,-19179.79,4995314.32
2023-04-24,CARDPAY SETTLEMENT 20230423,66495.53,5061809.85
2023-04-25,CARDPAY SETTLEMENT 20230424,63604.42,5125414.27
2023-04-26,CARDPAY SETTLEMENT 20230425,54931.1,5180345.37
2023-04-27,BACS SUMMIT OUTDOOR GOODS LTD SOG-06372,-56375.15,5123970.22
2023-04-27,CARDPAY SETTLEMENT 20230426,54931.1,5178901.32
2023-04-28,CARDPAY SETTLEMENT 20230427,54931.1,5233832.42
2023-04-28,MKTPLACE PAYOUT S-0006,297433.58,5531266.0
2023-04-28,PAYROLL 2023-04,-452640.82,5078625.18
2023-04-29,CARDPAY SETTLEMENT 20230428,57822.21,5136447.39
2023-04-30,CARDPAY SETTLEMENT 20230429,57822.21,5194269.6
2023-05-01,BACS ASHCOMBE & ROWE LLP AR-4269,-42643.14,5151626.46
2023-05-01,BACS CLOUDSTACK SOFTWARE LTD CS-07604,-58634.31,5092992.15
2023-05-01,BACS HARBOURLINE INSURANCE LTD HI02478,-26651.97,5066340.18
2023-05-01,BACS KESTREL GRID ENERGY LTD KGE002506,-31982.35,5034357.83
2023-05-01,BACS LINKPARTNER AFFILIATES LTD LPA-06127,-18029.6,5016328.23
2023-05-01,BACS MIDSHIRE LOGISTICS PARK LTD MLP8411,-106607.84,4909720.39
2023-05-01,BACS NORTHFIELD SPORTSWEAR LTD NS008599,-23145.9,4886574.49
2023-05-01,BACS SEARCHLY ADS LTD SRCH-07494,-108177.61,4778396.88
2023-05-01,BACS SOCIALREACH MEDIA LTD SRM04328,-54088.81,4724308.07
2023-05-01,BACS SUMMIT OUTDOOR GOODS LTD SOG-06373,-71037.02,4653271.05
2023-05-01,CARDPAY SETTLEMENT 20230430,66495.43,4719766.48
2023-05-02,BACS NORTHFIELD SPORTSWEAR LTD NS008600,-55739.12,4664027.36
2023-05-02,BACS PARCELCO LTD PC-003650,-82944.62,4581082.74
2023-05-02,BACS PARCELCO LTD PC-003652,-50052.19,4531030.55
2023-05-02,BACS VELOCITY EQUIPMENT CO LTD VE-01659,-28472.95,4502557.6
2023-05-02,CARDPAY SETTLEMENT 20230501,74290.26,4576847.86
2023-05-03,BACS PEAK FOOTWEAR DISTRIBUTION LTD PFD/04807,-21827.36,4555020.5
2023-05-03,BACS STRIDE APPAREL LTD SA01117,-52841.33,4502179.17
2023-05-03,CARDPAY SETTLEMENT 20230502,64159.77,4566338.94
2023-05-04,BACS NORTHFIELD SPORTSWEAR LTD NS008601,-53285.23,4513053.71
2023-05-04,CARDPAY SETTLEMENT 20230503,64159.77,4577213.48
2023-05-05,CARDPAY SETTLEMENT 20230504,64159.77,4641373.25
2023-05-06,CARDPAY SETTLEMENT 20230505,67536.6,4708909.85
2023-05-07,CARDPAY SETTLEMENT 20230506,67536.6,4776446.45
2023-05-08,BACS APEX ATHLETIC SUPPLY LTD APX-01891,-60938.93,4715507.52
2023-05-08,BACS NORTHFIELD SPORTSWEAR LTD NS008602,-26678.81,4688828.71
2023-05-08,BACS NORTHFIELD SPORTSWEAR LTD NS008603,-38920.37,4649908.34
2023-05-08,CARDPAY SETTLEMENT 20230507,77667.09,4727575.43
2023-05-09,BACS PEAK FOOTWEAR DISTRIBUTION LTD PFD/04808,-39872.72,4687702.71
2023-05-09,BACS VELOCITY EQUIPMENT CO LTD VE-01660,-72564.86,4615137.85
2023-05-09,CARDPAY SETTLEMENT 20230508,74290.26,4689428.11
2023-05-10,CARDPAY SETTLEMENT 20230509,64159.77,4753587.88
2023-05-11,BACS FULCRUM AUTOMATION LTD FA-03850,-70000,4683587.88
2023-05-11,BACS STRIDE APPAREL LTD SA01118,-41163.31,4642424.57
2023-05-11,BACS SUMMIT OUTDOOR GOODS LTD SOG-06374,-58341.58,4584082.99
2023-05-11,BACS VELOCITY EQUIPMENT CO LTD VE-01661,-73489.59,4510593.4
2023-05-11,CARDPAY SETTLEMENT 20230510,64159.77,4574753.17
2023-05-12,CARDPAY SETTLEMENT 20230511,64159.77,4638912.94
2023-05-12,MKTPLACE PAYOUT S-0007,337334.95,4976247.89
2023-05-13,CARDPAY SETTLEMENT 20230512,67536.6,5043784.49
2023-05-14,CARDPAY SETTLEMENT 20230513,67536.6,5111321.09
2023-05-15,BACS NORTHFIELD SPORTSWEAR LTD NS008604,-38901.24,5072419.85
2023-05-15,CARDPAY SETTLEMENT 20230514,77667.09,5150086.94
2023-05-16,CARDPAY SETTLEMENT 20230515,74290.26,5224377.2
2023-05-17,BACS PARCELCO LTD PC-003651,-83763.15,5140614.05
2023-05-17,BACS PARCELCO LTD PC-003653,-50546.09,5090067.96
2023-05-17,CARDPAY SETTLEMENT 20230516,64159.77,5154227.73
2023-05-18,BACS APEX ATHLETIC SUPPLY LTD APX-01892,-27349.53,5126878.2
2023-05-18,BACS APEX ATHLETIC SUPPLY LTD APX-01893,-37853.17,5089025.03
2023-05-18,BACS NORTHFIELD SPORTSWEAR LTD NS008605,-47914.65,5041110.38
2023-05-18,BACS SUMMIT OUTDOOR GOODS LTD SOG-06375,-73510.39,4967599.99
2023-05-18,CARDPAY SETTLEMENT 20230517,64159.77,5031759.76
2023-05-19,CARDPAY SETTLEMENT 20230518,64159.77,5095919.53
2023-05-20,CARDPAY SETTLEMENT 20230519,67536.6,5163456.13
2023-05-21,CARDPAY SETTLEMENT 20230520,67536.6,5230992.73
2023-05-22,BACS SUMMIT OUTDOOR GOODS LTD SOG-06376,-22158.42,5208834.31
2023-05-22,BACS SUMMIT OUTDOOR GOODS LTD SOG-06377,-31911.02,5176923.29
2023-05-22,CARDPAY SETTLEMENT 20230521,77667.09,5254590.38
2023-05-23,BACS VELOCITY EQUIPMENT CO LTD VE-01662,-66079.07,5188511.31
2023-05-23,CARDPAY SETTLEMENT 20230522,74290.26,5262801.57
2023-05-24,BACS SUMMIT OUTDOOR GOODS LTD SOG-06378,-56631.13,5206170.44
2023-05-24,CARDPAY SETTLEMENT 20230523,64159.77,5270330.21
2023-05-25,CARDPAY SETTLEMENT 20230524,64159.77,5334489.98
2023-05-26,CARDPAY SETTLEMENT 20230525,64159.77,5398649.75
2023-05-26,MKTPLACE PAYOUT S-0008,359357.08,5758006.83
2023-05-27,CARDPAY SETTLEMENT 20230526,67536.6,5825543.43
2023-05-28,CARDPAY SETTLEMENT 20230527,67536.6,5893080.03
2023-05-29,BACS NORTHFIELD SPORTSWEAR LTD NS008606,-64040.14,5829039.89
2023-05-29,BACS PEAK FOOTWEAR DISTRIBUTION LTD PFD/04809,-52841.57,5776198.32
2023-05-29,BACS STRIDE APPAREL LTD SA01119,-92342.0,5683856.32
2023-05-29,BACS STRIDE APPAREL LTD SA01120,-57121.01,5626735.31
2023-05-29,BACS SUMMIT OUTDOOR GOODS LTD SOG-06379,-47803.64,5578931.67
2023-05-29,BACS SUMMIT OUTDOOR GOODS LTD SOG-06380,-59660.86,5519270.81
2023-05-29,CARDPAY SETTLEMENT 20230528,77667.09,5596937.9
2023-05-30,BACS LINKPARTNER AFFILIATES LTD LPA-06128,-17733.03,5579204.87
2023-05-30,BACS SEARCHLY ADS LTD SRCH-07495,-106398.14,5472806.73
2023-05-30,BACS SOCIALREACH MEDIA LTD SRM04329,-53199.07,5419607.66
2023-05-30,CARDPAY SETTLEMENT 20230529,74290.26,5493897.92
2023-05-31,BACS ASHCOMBE & ROWE LLP AR-4270,-45211.49,5448686.43
2023-05-31,BACS CLOUDSTACK SOFTWARE LTD CS-07605,-62165.8,5386520.63
2023-05-31,BACS HARBOURLINE INSURANCE LTD HI02479,-28257.18,5358263.45
2023-05-31,BACS KESTREL GRID ENERGY LTD KGE002507,-33908.62,5324354.83
2023-05-31,BACS MIDSHIRE LOGISTICS PARK LTD MLP8412,-113028.73,5211326.1
2023-05-31,BACS NORTHFIELD SPORTSWEAR LTD NS008607,-23897.42,5187428.68
2023-05-31,CARDPAY SETTLEMENT 20230530,64159.77,5251588.45
2023-05-31,PAYROLL 2023-05,-469838.31,4781750.14
2023-06-01,BACS NORTHFIELD SPORTSWEAR LTD NS008608,-54141.66,4727608.48
2023-06-01,BACS PARCELCO LTD PC-003654,-98604.52,4629003.96
2023-06-01,BACS PARCELCO LTD PC-003656,-59745.16,4569258.8
2023-06-01,CARDPAY SETTLEMENT 20230531,64159.69,4633418.49
2023-06-02,BACS STRIDE APPAREL LTD SA01121,-83210.11,4550208.38
2023-06-02,CARDPAY SETTLEMENT 20230601,68425.74,4618634.12
2023-06-03,CARDPAY SETTLEMENT 20230602,72027.1,4690661.22
2023-06-04,CARDPAY SETTLEMENT 20230603,72027.1,4762688.32
2023-06-05,BACS APEX ATHLETIC SUPPLY LTD APX-01894,-31258.11,4731430.21
2023-06-05,CARDPAY SETTLEMENT 20230604,82831.16,4814261.37
2023-06-06,BACS SUMMIT OUTDOOR GOODS LTD SOG-06381,-23845.96,4790415.41
2023-06-06,CARDPAY SETTLEMENT 20230605,79229.8,4869645.21
2023-06-07,BACS APEX ATHLETIC SUPPLY LTD APX-01895,-62436.33,4807208.88
2023-06-07,BACS APEX ATHLETIC SUPPLY LTD APX-01896,-79926.97,4727281.91
2023-06-07,CARDPAY SETTLEMENT 20230606,68425.74,4795707.65
2023-06-08,BACS NORTHFIELD SPORTSWEAR LTD NS008609,-58554.98,4737152.67
2023-06-08,CARDPAY SETTLEMENT 20230607,68425.74,4805578.41
2023-06-09,CARDPAY SETTLEMENT 20230608,68425.74,4874004.15
2023-06-09,MKTPLACE PAYOUT S-0009,380267.88,5254272.03
2023-06-10,CARDPAY SETTLEMENT 20230609,72027.1,5326299.13
2023-06-11,CARDPAY SETTLEMENT 20230610,72027.1,5398326.23
2023-06-12,BACS BRIGHTDESK IT LTD BIT05878,-70000,5328326.23
2023-06-12,CARDPAY SETTLEMENT 20230611,82831.16,5411157.39
2023-06-13,CARDPAY SETTLEMENT 20230612,79229.8,5490387.19
2023-06-14,BACS SUMMIT OUTDOOR GOODS LTD SOG-06382,-40287.41,5450099.78
2023-06-14,CARDPAY SETTLEMENT 20230613,68425.74,5518525.52
2023-06-15,BACS APEX ATHLETIC SUPPLY LTD APX-01897,-21080.43,5497445.09
2023-06-15,CARDPAY SETTLEMENT 20230614,68425.74,5565870.83
2023-06-16,CARDPAY SETTLEMENT 20230615,68425.74,5634296.57
2023-06-17,CARDPAY SETTLEMENT 20230616,72027.1,5706323.67
2023-06-18,CARDPAY SETTLEMENT 20230617,72027.1,5778350.77
2023-06-19,BACS NORTHFIELD SPORTSWEAR LTD NS008610,-92457.2,5685893.57
2023-06-19,BACS NORTHFIELD SPORTSWEAR LTD NS008611,-68953.08,5616940.49
2023-06-19,BACS PARCELCO LTD PC-003655,-103760.38,5513180.11
2023-06-19,BACS PARCELCO LTD PC-003657,-62869.07,5450311.04
2023-06-19,BACS PEAK FOOTWEAR DISTRIBUTION LTD PFD/04810,-30123.55,5420187.49
2023-06-19,BACS STRIDE APPAREL LTD SA01122,-85334.1,5334853.39
2023-06-19,BACS SUMMIT OUTDOOR GOODS LTD SOG-06383,-91653.41,5243199.98
2023-06-19,BACS VELOCITY EQUIPMENT CO LTD VE-01663,-55503.93,5187696.05
2023-06-19,CARDPAY SETTLEMENT 20230618,82831.16,5270527.21
2023-06-20,CARDPAY SETTLEMENT 20230619,79229.8,5349757.01
2023-06-21,CARDPAY SETTLEMENT 20230620,68425.74,5418182.75
2023-06-22,CARDPAY SETTLEMENT 20230621,68425.74,5486608.49
2023-06-23,CARDPAY SETTLEMENT 20230622,68425.74,5555034.23
2023-06-23,MKTPLACE PAYOUT S-0010,407638.96,5962673.19
2023-06-24,CARDPAY SETTLEMENT 20230623,72027.1,6034700.29
2023-06-25,CARDPAY SETTLEMENT 20230624,72027.1,6106727.39
2023-06-26,BACS STRIDE APPAREL LTD SA01123,-23622.56,6083104.83
2023-06-26,BACS STRIDE APPAREL LTD SA01124,-39872.75,6043232.08
2023-06-26,BACS VELOCITY EQUIPMENT CO LTD VE-01664,-73816.22,5969415.86
2023-06-26,CARDPAY SETTLEMENT 20230625,82831.16,6052247.02
2023-06-27,BACS PEAK FOOTWEAR DISTRIBUTION LTD PFD/04811,-62165.64,5990081.38
2023-06-27,BACS STRIDE APPAREL LTD SA01125,-56599.31,5933482.07
2023-06-27,BACS SUMMIT OUTDOOR GOODS LTD SOG-06384,-46770.86,5886711.21
2023-06-27,CARDPAY SETTLEMENT 20230626,79229.8,5965941.01
2023-06-28,CARDPAY SETTLEMENT 20230627,68425.74,6034366.75
2023-06-29,CARDPAY SETTLEMENT 20230628,68425.74,6102792.49
2023-06-30,BACS LINKPARTNER AFFILIATES LTD LPA-06129,-23409.44,6079383.05
2023-06-30,BACS SEARCHLY ADS LTD SRCH-07496,-140456.62,5938926.43
2023-06-30,BACS SOCIALREACH MEDIA LTD SRM04330,-70228.31,5868698.12
2023-06-30,BACS VELOCITY EQUIPMENT CO LTD VE-01665,-74025.36,5794672.76
2023-06-30,CARDPAY SETTLEMENT 20230629,68425.74,5863098.5
2023-06-30,PAYROLL 2023-06,-457926.29,5405172.21
2023-07-01,CARDPAY SETTLEMENT 20230630,72027.14,5477199.35
2023-07-02,CARDPAY SETTLEMENT 20230701,79639.44,5556838.79
2023-07-03,BACS ASHCOMBE & ROWE LLP AR-4271,-44436.84,5512401.95
2023-07-03,BACS CLOUDSTACK SOFTWARE LTD CS-07606,-61100.65,5451301.3
2023-07-03,BACS HARBOURLINE INSURANCE LTD HI02480,-27773.02,5423528.28
2023-07-03,BACS KESTREL GRID ENERGY LTD KGE002508,-33327.63,5390200.65
2023-07-03,BACS MIDSHIRE LOGISTICS PARK LTD MLP8413,-111092.09,5279108.56
2023-07-03,BACS PARCELCO LTD PC-003658,-100688.31,5178420.25
2023-07-03,BACS PARCELCO LTD PC-003660,-69270.09,5109150.16
2023-07-03,BACS PEAK FOOTWEAR DISTRIBUTION LTD PFD/04812,-82689.15,5026461.01
2023-07-03,CARDPAY SETTLEMENT 20230702,91585.35,5118046.36
2023-07-04,CARDPAY SETTLEMENT 20230703,87603.39,5205649.75
2023-07-05,BACS SUMMIT OUTDOOR GOODS LTD SOG-06385,-57610.08,5148039.67
2023-07-05,CARDPAY SETTLEMENT 20230704,75657.47,5223697.14
2023-07-06,BACS APEX ATHLETIC SUPPLY LTD APX-01898,-80601.19,5143095.95
2023-07-06,CARDPAY SETTLEMENT 20230705,75657.47,5218753.42
2023-07-07,CARDPAY SETTLEMENT 20230706,75657.47,5294410.89
2023-07-07,MKTPLACE PAYOUT S-0011,408011.14,5702422.03
2023-07-08,CARDPAY SETTLEMENT 20230707,79639.44,5782061.47
2023-07-09,CARDPAY SETTLEMENT 20230708,79639.44,5861700.91
2023-07-10,BACS FULCRUM AUTOMATION LTD FA-03851,-70000,5791700.91
2023-07-10,BACS PEAK FOOTWEAR DISTRIBUTION LTD PFD/04813,-49818.47,5741882.44
2023-07-10,BACS STRIDE APPAREL LTD SA01126,-60252.8,5681629.64
2023-07-10,BACS STRIDE APPAREL LTD SA01127,-41668.18,5639961.46
2023-07-10,CARDPAY SETTLEMENT 20230709,91585.35,5731546.81
2023-07-11,BACS APEX ATHLETIC SUPPLY LTD APX-01899,-57849.03,5673697.78
2023-07-11,CARDPAY SETTLEMENT 20230710,87603.39,5761301.17
2023-07-12,BACS STRIDE APPAREL LTD SA01128,-76966.03,5684335.14
2023-07-12,CARDPAY SETTLEMENT 20230711,75657.47,5759992.61
2023-07-13,BACS NORTHFIELD SPORTSWEAR LTD NS008612,-53507.08,5706485.53
2023-07-13,BACS VELOCITY EQUIPMENT CO LTD VE-01666,-81639.19,5624846.34
2023-07-13,CARDPAY SETTLEMENT 20230712,75657.47,5700503.81
2023-07-14,BACS SUMMIT OUTDOOR GOODS LTD SOG-06386,-56262.55,5644241.26
2023-07-14,CARDPAY SETTLEMENT 20230713,75657.47,5719898.73
2023-07-15,CARDPAY SETTLEMENT 20230714,79639.44,5799538.17
2023-07-16,CARDPAY SETTLEMENT 20230715,79639.44,5879177.61
2023-07-17,BACS APEX ATHLETIC SUPPLY LTD APX-01900,-61549.68,5817627.93
2023-07-17,BACS PARCELCO LTD PC-003659,-101020.64,5716607.29
2023-07-17,BACS PARCELCO LTD PC-003661,-69498.69,5647108.6
2023-07-17,CARDPAY SETTLEMENT 20230716,91585.35,5738693.95
2023-07-18,CARDPAY SETTLEMENT 20230717,87603.39,5826297.34
2023-07-19,BACS APEX ATHLETIC SUPPLY LTD APX-01901,-101136.52,5725160.82
2023-07-19,CARDPAY SETTLEMENT 20230718,75657.47,5800818.29
2023-07-20,BACS STRIDE APPAREL LTD SA01129,-59318.61,5741499.68
2023-07-20,CARDPAY SETTLEMENT 20230719,75657.47,5817157.15
2023-07-21,BACS STRIDE APPAREL LTD SA01130,-22578.68,5794578.47
2023-07-21,CARDPAY SETTLEMENT 20230720,75657.47,5870235.94
2023-07-21,MKTPLACE PAYOUT S-0012,408897.38,6279133.32
2023-07-22,CARDPAY SETTLEMENT 20230721,79639.44,6358772.76
2023-07-23,CARDPAY SETTLEMENT 20230722,79639.44,6438412.2
2023-07-24,BACS APEX ATHLETIC SUPPLY LTD APX-01902,-53752.08,6384660.12
2023-07-24,BACS NORTHFIELD SPORTSWEAR LTD NS008613,-49213.13,6335446.99
2023-07-24,CARDPAY SETTLEMENT 20230723,91585.35,6427032.34
2023-07-25,CARDPAY SETTLEMENT 20230724,87603.39,6514635.73
2023-07-26,BACS NORTHFIELD SPORTSWEAR LTD NS008614,-69297.92,6445337.81
2023-07-26,CARDPAY SETTLEMENT 20230725,75657.47,6520995.28
2023-07-27,BACS STRIDE APPAREL LTD SA01131,-89896.92,6431098.36
2023-07-27,BACS STRIDE APPAREL LTD SA01132,-15449.54,6415648.82
2023-07-27,CARDPAY SETTLEMENT 20230726,75657.47,6491306.29
2023-07-28,BACS NORTHFIELD SPORTSWEAR LTD NS008615,-20894.21,6470412.08
2023-07-28,CARDPAY SETTLEMENT 20230727,75657.47,6546069.55
2023-07-29,CARDPAY SETTLEMENT 20230728,79639.44,6625708.99
2023-07-30,CARDPAY SETTLEMENT 20230729,79639.44,6705348.43
2023-07-31,BACS ASHCOMBE & ROWE LLP AR-4272,-41779.06,6663569.37
2023-07-31,BACS CLOUDSTACK SOFTWARE LTD CS-07607,-57446.2,6606123.17
2023-07-31,BACS HARBOURLINE INSURANCE LTD HI02481,-26111.91,6580011.26
2023-07-31,BACS KESTREL GRID ENERGY LTD KGE002509,-31334.29,6548676.97
2023-07-31,BACS LINKPARTNER AFFILIATES LTD LPA-06130,-23511.35,6525165.62
2023-07-31,BACS MIDSHIRE LOGISTICS PARK LTD MLP8414,-104447.64,6420717.98
2023-07-31,BACS SEARCHLY ADS LTD SRCH-07497,-141068.08,6279649.9
2023-07-31,BACS SOCIALREACH MEDIA LTD SRM04331,-70534.04,6209115.86
2023-07-31,BACS STRIDE APPAREL LTD SA01133,-77727.65,6131388.21
2023-07-31,BACS STRIDE APPAREL LTD SA01134,-74899.5,6056488.71
2023-07-31,BACS VELOCITY EQUIPMENT CO LTD VE-01667,-97532.72,5958955.99
2023-07-31,CARDPAY SETTLEMENT 20230730,91585.35,6050541.34
2023-07-31,PAYROLL 2023-07,-488400.38,5562140.96
2023-08-01,BACS PARCELCO LTD PC-003662,-111426.13,5450714.83
2023-08-01,BACS PARCELCO LTD PC-003664,-62266.99,5388447.84
2023-08-01,CARDPAY SETTLEMENT 20230731,87603.39,5476051.23
2023-08-02,CARDPAY SETTLEMENT 20230801,78231.82,5554283.05
2023-08-03,BACS STRIDE APPAREL LTD SA01135,-88263.4,5466019.65
2023-08-03,CARDPAY SETTLEMENT 20230802,78231.82,5544251.47
2023-08-04,CARDPAY SETTLEMENT 20230803,78231.82,5622483.29
2023-08-04,MKTPLACE PAYOUT S-0013,408481.03,6030964.32
2023-08-05,CARDPAY SETTLEMENT 20230804,82349.29,6113313.61
2023-08-06,CARDPAY SETTLEMENT 20230805,82349.29,6195662.9
2023-08-07,BACS APEX ATHLETIC SUPPLY LTD APX-01903,-59705.03,6135957.87
2023-08-07,BACS BRIGHTDESK IT LTD BIT05879,-70000,6065957.87
2023-08-07,BACS STRIDE APPAREL LTD SA01136,-84349.32,5981608.55
2023-08-07,CARDPAY SETTLEMENT 20230806,94701.68,6076310.23
2023-08-08,CARDPAY SETTLEMENT 20230807,90584.22,6166894.45
2023-08-09,BACS STRIDE APPAREL LTD SA01137,-81423.13,6085471.32
2023-08-09,BACS VELOCITY EQUIPMENT CO LTD VE-01668,-43665.93,6041805.39
2023-08-09,CARDPAY SETTLEMENT 20230808,78231.82,6120037.21
2023-08-10,CARDPAY SETTLEMENT 20230809,78231.82,6198269.03
2023-08-11,CARDPAY SETTLEMENT 20230810,78231.82,6276500.85
2023-08-12,CARDPAY SETTLEMENT 20230811,82349.29,6358850.14
2023-08-13,CARDPAY SETTLEMENT 20230812,82349.29,6441199.43
2023-08-14,BACS NORTHFIELD SPORTSWEAR LTD NS008616,-51388.67,6389810.76
2023-08-14,BACS STRIDE APPAREL LTD SA01138,-81931.9,6307878.86
2023-08-14,CARDPAY SETTLEMENT 20230813,94701.68,6402580.54
2023-08-15,BACS APEX ATHLETIC SUPPLY LTD APX-01904,-66748.85,6335831.69
2023-08-15,CARDPAY SETTLEMENT 20230814,90584.22,6426415.91
2023-08-16,BACS APEX ATHLETIC SUPPLY LTD APX-01905,-72547.08,6353868.83
2023-08-16,CARDPAY SETTLEMENT 20230815,78231.82,6432100.65
2023-08-17,BACS PARCELCO LTD PC-003663,-120589.49,6311511.16
2023-08-17,BACS PARCELCO LTD PC-003665,-67387.61,6244123.55
2023-08-17,BACS VELOCITY EQUIPMENT CO LTD VE-01669,-47784.94,6196338.61
2023-08-17,CARDPAY SETTLEMENT 20230816,78231.82,6274570.43
2023-08-18,CARDPAY SETTLEMENT 20230817,78231.82,6352802.25
2023-08-18,MKTPLACE PAYOUT S-0014,436372.14,6789174.39
2023-08-19,CARDPAY SETTLEMENT 20230818,82349.29,6871523.68
2023-08-20,CARDPAY SETTLEMENT 20230819,82349.29,6953872.97
2023-08-21,BACS APEX ATHLETIC SUPPLY LTD APX-01906,-81738.75,6872134.22
2023-08-21,CARDPAY SETTLEMENT 20230820,94701.68,6966835.9
2023-08-22,CARDPAY SETTLEMENT 20230821,90584.22,7057420.12
2023-08-23,BACS APEX ATHLETIC SUPPLY LTD APX-01907,-53421.74,7003998.38
2023-08-23,BACS SUMMIT OUTDOOR GOODS LTD SOG-06387,-54105.93,6949892.45
2023-08-23,CARDPAY SETTLEMENT 20230822,78231.82,7028124.27
2023-08-24,BACS NORTHFIELD SPORTSWEAR LTD NS008617,-56003.43,6972120.84
2023-08-24,BACS PEAK FOOTWEAR DISTRIBUTION LTD PFD/04814,-51579.94,6920540.9
2023-08-24,BACS STRIDE APPAREL LTD SA01139,-83152.92,6837387.98
2023-08-24,CARDPAY SETTLEMENT 20230823,78231.82,6915619.8
2023-08-25,BACS PEAK FOOTWEAR DISTRIBUTION LTD PFD/04815,-47471.29,6868148.51
2023-08-25,CARDPAY SETTLEMENT 20230824,78231.82,6946380.33
2023-08-26,CARDPAY SETTLEMENT 20230825,82349.29,7028729.62
2023-08-27,CARDPAY SETTLEMENT 20230826,82349.29,7111078.91
2023-08-28,BACS NORTHFIELD SPORTSWEAR LTD NS008618,-85787.22,7025291.69
2023-08-28,BACS NORTHFIELD SPORTSWEAR LTD NS008619,-49734.43,6975557.26
2023-08-28,BACS NORTHFIELD SPORTSWEAR LTD NS008620,-53855.98,6921701.28
2023-08-28,BACS PEAK FOOTWEAR DISTRIBUTION LTD PFD/04816,-89717.02,6831984.26
2023-08-28,CARDPAY SETTLEMENT 20230827,94701.68,6926685.94
2023-08-29,BACS PEAK FOOTWEAR DISTRIBUTION LTD PFD/04817,-66232.34,6860453.6
2023-08-29,BACS VELOCITY EQUIPMENT CO LTD VE-01670,-69377.73,6791075.87
2023-08-29,CARDPAY SETTLEMENT 20230828,90584.22,6881660.09
2023-08-30,BACS LINKPARTNER AFFILIATES LTD LPA-06131,-25567.94,6856092.15
2023-08-30,BACS SEARCHLY ADS LTD SRCH-07498,-153407.64,6702684.51
2023-08-30,BACS SOCIALREACH MEDIA LTD SRM04332,-76703.82,6625980.69
2023-08-30,BACS STRIDE APPAREL LTD SA01140,-89031.21,6536949.48
2023-08-30,CARDPAY SETTLEMENT 20230829,78231.82,6615181.3
2023-08-31,BACS APEX ATHLETIC SUPPLY LTD APX-01908,-41444.31,6573736.99
2023-08-31,BACS ASHCOMBE & ROWE LLP AR-4273,-43707.78,6530029.21
2023-08-31,BACS CLOUDSTACK SOFTWARE LTD CS-07608,-60098.2,6469931.01
2023-08-31,BACS HARBOURLINE INSURANCE LTD HI02482,-27317.36,6442613.65
2023-08-31,BACS KESTREL GRID ENERGY LTD KGE002510,-32780.84,6409832.81
2023-08-31,BACS MIDSHIRE LOGISTICS PARK LTD MLP8415,-109269.46,6300563.35
2023-08-31,BACS VELOCITY EQUIPMENT CO LTD VE-01671,-108589.25,6191974.1
2023-08-31,CARDPAY SETTLEMENT 20230830,78231.82,6270205.92
2023-08-31,PAYROLL 2023-08,-473296.66,5796909.26
2023-09-01,BACS PARCELCO LTD PC-003666,-122180.57,5674728.69
2023-09-01,BACS PARCELCO LTD PC-003668,-72062.64,5602666.05
2023-09-01,BACS PEAK FOOTWEAR DISTRIBUTION LTD PFD/04818,-54962.59,5547703.46
2023-09-01,CARDPAY SETTLEMENT 20230831,78231.94,5625935.4
2023-09-01,MKTPLACE PAYOUT S-0015,436372.14,6062307.54
2023-09-02,CARDPAY SETTLEMENT 20230901,78407.03,6140714.57
2023-09-03,CARDPAY SETTLEMENT 20230902,78407.03,6219121.6
2023-09-04,BACS APEX ATHLETIC SUPPLY LTD APX-01909,-123608.73,6095512.87
2023-09-04,BACS PEAK FOOTWEAR DISTRIBUTION LTD PFD/04819,-115497.81,5980015.06
2023-09-04,BACS STRIDE APPAREL LTD SA01141,-22888.84,5957126.22
2023-09-04,BACS SUMMIT OUTDOOR GOODS LTD SOG-06388,-75252.07,5881874.15
2023-09-04,BACS VELOCITY EQUIPMENT CO LTD VE-01672,-63325.77,5818548.38
2023-09-04,CARDPAY SETTLEMENT 20230903,90168.08,5908716.46
2023-09-05,BACS VELOCITY EQUIPMENT CO LTD VE-01673,-59950.54,5848765.92
2023-09-05,CARDPAY SETTLEMENT 20230904,86247.73,5935013.65
2023-09-06,BACS NORTHFIELD SPORTSWEAR LTD NS008621,-75011.84,5860001.81
2023-09-06,CARDPAY SETTLEMENT 20230905,74486.68,5934488.49
2023-09-07,CARDPAY SETTLEMENT 20230906,74486.68,6008975.17
2023-09-08,BACS PEAK FOOTWEAR DISTRIBUTION LTD PFD/04820,-89897.45,5919077.72
2023-09-08,BACS VELOCITY EQUIPMENT CO LTD VE-01674,-86945.76,5832131.96
2023-09-08,CARDPAY SETTLEMENT 20230907,74486.68,5906618.64
2023-09-09,CARDPAY SETTLEMENT 20230908,78407.03,5985025.67
2023-09-10,CARDPAY SETTLEMENT 20230909,78407.03,6063432.7
2023-09-11,BACS PEAK FOOTWEAR DISTRIBUTION LTD PFD/04821,-97184.86,5966247.84
2023-09-11,CARDPAY SETTLEMENT 20230910,90168.08,6056415.92
2023-09-12,BACS PEAK FOOTWEAR DISTRIBUTION LTD PFD/04822,-121757.95,5934657.97
2023-09-12,CARDPAY SETTLEMENT 20230911,86247.73,6020905.7
2023-09-13,BACS SUMMIT OUTDOOR GOODS LTD SOG-06389,-90366.01,5930539.69
2023-09-13,CARDPAY SETTLEMENT 20230912,74486.68,6005026.37
2023-09-14,CARDPAY SETTLEMENT 20230913,74486.68,6079513.05
2023-09-15,CARDPAY SETTLEMENT 20230914,74486.68,6153999.73
2023-09-15,MKTPLACE PAYOUT S-0016,411219.38,6565219.11
2023-09-16,CARDPAY SETTLEMENT 20230915,78407.03,6643626.14
2023-09-17,CARDPAY SETTLEMENT 20230916,78407.03,6722033.17
2023-09-18,BACS FULCRUM AUTOMATION LTD FA-03852,-70000,6652033.17
2023-09-18,BACS PARCELCO LTD PC-003667,-129842.07,6522191.1
2023-09-18,BACS PARCELCO LTD PC-003669,-76581.5,6445609.6
2023-09-18,BACS VELOCITY EQUIPMENT CO LTD VE-01675,-75745.78,6369863.82
2023-09-18,CARDPAY SETTLEMENT 20230917,90168.08,6460031.9
2023-09-19,CARDPAY SETTLEMENT 20230918,86247.73,6546279.63
2023-09-20,BACS NORTHFIELD SPORTSWEAR LTD NS008622,-97142.81,6449136.82
2023-09-20,CARDPAY SETTLEMENT 20230919,74486.68,6523623.5
2023-09-21,BACS APEX ATHLETIC SUPPLY LTD APX-01910,-86899.08,6436724.42
2023-09-21,BACS SUMMIT OUTDOOR GOODS LTD SOG-06390,-84881.48,6351842.94
2023-09-21,CARDPAY SETTLEMENT 20230920,74486.68,6426329.62
2023-09-22,BACS STRIDE APPAREL LTD SA01142,-127015.29,6299314.33
2023-09-22,CARDPAY SETTLEMENT 20230921,74486.68,6373801.01
2023-09-23,CARDPAY SETTLEMENT 20230922,78407.03,6452208.04
2023-09-24,CARDPAY SETTLEMENT 20230923,78407.03,6530615.07
2023-09-25,BACS PEAK FOOTWEAR DISTRIBUTION LTD PFD/04823,-35507.65,6495107.42
2023-09-25,BACS SUMMIT OUTDOOR GOODS LTD SOG-06391,-94249.82,6400857.6
2023-09-25,BACS SUMMIT OUTDOOR GOODS LTD SOG-06392,-81303.13,6319554.47
2023-09-25,BACS VELOCITY EQUIPMENT CO LTD VE-01676,-91746.37,6227808.1
2023-09-25,CARDPAY SETTLEMENT 20230924,90168.08,6317976.18
2023-09-26,CARDPAY SETTLEMENT 20230925,86247.73,6404223.91
2023-09-27,BACS SUMMIT OUTDOOR GOODS LTD SOG-06393,-115245.42,6288978.49
2023-09-27,CARDPAY SETTLEMENT 20230926,74486.68,6363465.17
2023-09-28,CARDPAY SETTLEMENT 20230927,74486.68,6437951.85
2023-09-29,CARDPAY SETTLEMENT 20230928,74486.68,6512438.53
2023-09-29,MKTPLACE PAYOUT S-0017,407333.94,6919772.47
2023-09-29,PAYROLL 2023-09,-476652.85,6443119.62
2023-09-30,CARDPAY SETTLEMENT 20230929,78407.03,6521526.65
2023-10-01,CARDPAY SETTLEMENT 20230930,78406.98,6599933.63
2023-10-02,BACS ASHCOMBE & ROWE LLP AR-4274,-45002.52,6554931.11
2023-10-02,BACS CLOUDSTACK SOFTWARE LTD CS-07609,-61878.46,6493052.65
2023-10-02,BACS HARBOURLINE INSURANCE LTD HI02483,-28126.57,6464926.08
2023-10-02,BACS KESTREL GRID ENERGY LTD KGE002511,-33751.89,6431174.19
2023-10-02,BACS LINKPARTNER AFFILIATES LTD LPA-06132,-26698.58,6404475.61
2023-10-02,BACS MIDSHIRE LOGISTICS PARK LTD MLP8416,-112506.29,6291969.32
2023-10-02,BACS PARCELCO LTD PC-003670,-106697.62,6185271.7
2023-10-02,BACS PARCELCO LTD PC-003672,-67964.04,6117307.66
2023-10-02,BACS SEARCHLY ADS LTD SRCH-07499,-160191.49,5957116.17
2023-10-02,BACS SOCIALREACH MEDIA LTD SRM04333,-80095.75,5877020.42
2023-10-02,CARDPAY SETTLEMENT 20231001,80051.56,5957071.98
2023-10-03,CARDPAY SETTLEMENT 20231002,76571.06,6033643.04
2023-10-04,CARDPAY SETTLEMENT 20231003,66129.56,6099772.6
2023-10-05,CARDPAY SETTLEMENT 20231004,66129.56,6165902.16
2023-10-06,CARDPAY SETTLEMENT 20231005,66129.56,6232031.72
2023-10-07,CARDPAY SETTLEMENT 20231006,69610.06,6301641.78
2023-10-08,CARDPAY SETTLEMENT 20231007,69610.06,6371251.84
2023-10-09,BACS NORTHFIELD SPORTSWEAR LTD NS008623,-96197.89,6275053.95
2023-10-09,BACS SUMMIT OUTDOOR GOODS LTD SOG-06394,-97866.81,6177187.14
2023-10-09,CARDPAY SETTLEMENT 20231008,80051.56,6257238.7
2023-10-10,BACS NORTHFIELD SPORTSWEAR LTD NS008624,-31546.64,6225692.06
2023-10-10,BACS NORTHFIELD SPORTSWEAR LTD NS008625,-28648.82,6197043.24
2023-10-10,BACS PEAK FOOTWEAR DISTRIBUTION LTD PFD/04824,-117778.38,6079264.86
2023-10-10,BACS SUMMIT OUTDOOR GOODS LTD SOG-06395,-32231.69,6047033.17
2023-10-10,CARDPAY SETTLEMENT 20231009,76571.06,6123604.23
2023-10-11,CARDPAY SETTLEMENT 20231010,66129.56,6189733.79
2023-10-12,BACS PEAK FOOTWEAR DISTRIBUTION LTD PFD/04825,-36516.44,6153217.35
2023-10-12,CARDPAY SETTLEMENT 20231011,66129.56,6219346.91
2023-10-13,BACS BRIGHTDESK IT LTD BIT05880,-70000,6149346.91
2023-10-13,BACS NORTHFIELD SPORTSWEAR LTD NS008626,-161646.31,5987700.6
2023-10-13,CARDPAY SETTLEMENT 20231012,66129.56,6053830.16
2023-10-13,MKTPLACE PAYOUT S-0018,365752.44,6419582.6
2023-10-14,CARDPAY SETTLEMENT 20231013,69610.06,6489192.66
2023-10-15,CARDPAY SETTLEMENT 20231014,69610.06,6558802.72
2023-10-16,BACS APEX ATHLETIC SUPPLY LTD APX-01911,-126328.9,6432473.82
2023-10-16,BACS STRIDE APPAREL LTD SA01143,-72440.12,6360033.7
2023-10-16,BACS VELOCITY EQUIPMENT CO LTD VE-01677,-162044.04,6197989.66
2023-10-16,CARDPAY SETTLEMENT 20231015,80051.56,6278041.22
2023-10-17,BACS PARCELCO LTD PC-003671,-106697.73,6171343.49
2023-10-17,BACS PARCELCO LTD PC-003673,-67964.07,6103379.42
2023-10-17,BACS STRIDE APPAREL LTD SA01144,-109140.17,5994239.25
2023-10-17,CARDPAY SETTLEMENT 20231016,76571.06,6070810.31
2023-10-18,CARDPAY SETTLEMENT 20231017,66129.56,6136939.87
2023-10-19,BACS NORTHFIELD SPORTSWEAR LTD NS008627,-52945.55,6083994.32
2023-10-19,CARDPAY SETTLEMENT 20231018,66129.56,6150123.88
2023-10-20,BACS STRIDE APPAREL LTD SA01145,-53576.4,6096547.48
2023-10-20,CARDPAY SETTLEMENT 20231019,66129.56,6162677.04
2023-10-21,CARDPAY SETTLEMENT 20231020,69610.06,6232287.1
2023-10-22,CARDPAY SETTLEMENT 20231021,69610.06,6301897.16
2023-10-23,BACS STRIDE APPAREL LTD SA01146,-93194.67,6208702.49
2023-10-23,BACS SUMMIT OUTDOOR GOODS LTD SOG-06396,-74421.73,6134280.76
2023-10-23,CARDPAY SETTLEMENT 20231022,80051.56,6214332.32
2023-10-24,CARDPAY SETTLEMENT 20231023,76571.06,6290903.38
2023-10-25,BACS APEX ATHLETIC SUPPLY LTD APX-01912,-101442.88,6189460.5
2023-10-25,BACS STRIDE APPAREL LTD SA01147,-55796.58,6133663.92
2023-10-25,CARDPAY SETTLEMENT 20231024,66129.56,6199793.48
2023-10-26,CARDPAY SETTLEMENT 20231025,66129.56,6265923.04
2023-10-27,BACS NORTHFIELD SPORTSWEAR LTD NS008628,-156115.1,6109807.94
2023-10-27,BACS VELOCITY EQUIPMENT CO LTD VE-01678,-118295.55,5991512.39
2023-10-27,CARDPAY SETTLEMENT 20231026,66129.56,6057641.95
2023-10-27,MKTPLACE PAYOUT S-0019,350007.9,6407649.85
2023-10-28,CARDPAY SETTLEMENT 20231027,69610.06,6477259.91
2023-10-29,CARDPAY SETTLEMENT 20231028,69610.06,6546869.97
2023-10-30,BACS LINKPARTNER AFFILIATES LTD LPA-06133,-24701.64,6522168.33
2023-10-30,BACS PEAK FOOTWEAR DISTRIBUTION LTD PFD/04826,-37942.38,6484225.95
2023-10-30,BACS SEARCHLY ADS LTD SRCH-07500,-148209.83,6336016.12
2023-10-30,BACS SOCIALREACH MEDIA LTD SRM04334,-74104.91,6261911.21
2023-10-30,CARDPAY SETTLEMENT 20231029,80051.56,6341962.77
2023-10-31,BACS ASHCOMBE & ROWE LLP AR-4275,-46625.77,6295337.0
2023-10-31,BACS CLOUDSTACK SOFTWARE LTD CS-07610,-64110.44,6231226.56
2023-10-31,BACS HARBOURLINE INSURANCE LTD HI02484,-29141.11,6202085.45
2023-10-31,BACS KESTREL GRID ENERGY LTD KGE002512,-34969.33,6167116.12
2023-10-31,BACS MIDSHIRE LOGISTICS PARK LTD MLP8417,-116564.43,6050551.69
2023-10-31,CARDPAY SETTLEMENT 20231030,76571.06,6127122.75
2023-10-31,PAYROLL 2023-10,-448131.03,5678991.72
2023-11-01,BACS NORTHFIELD SPORTSWEAR LTD NS008629,-30162.3,5648829.42
2023-11-01,BACS PARCELCO LTD PC-003674,-106030.02,5542799.4
2023-11-01,BACS PARCELCO LTD PC-003676,-60262.76,5482536.64
2023-11-01,BACS STRIDE APPAREL LTD SA01148,-120631.72,5361904.92
2023-11-01,CARDPAY SETTLEMENT 20231031,66129.42,5428034.34
2023-11-02,CARDPAY SETTLEMENT 20231101,81514.62,5509548.96
2023-11-03,CARDPAY SETTLEMENT 20231102,81514.62,5591063.58
2023-11-04,CARDPAY SETTLEMENT 20231103,85804.86,5676868.44
2023-11-05,CARDPAY SETTLEMENT 20231104,85804.86,5762673.3
2023-11-06,CARDPAY SETTLEMENT 20231105,98675.59,5861348.89
2023-11-07,BACS VELOCITY EQUIPMENT CO LTD VE-01679,-107870.53,5753478.36
2023-11-07,CARDPAY SETTLEMENT 20231106,94385.34,5847863.7
2023-11-08,CARDPAY SETTLEMENT 20231107,81514.62,5929378.32
2023-11-09,BACS NORTHFIELD SPORTSWEAR LTD NS008630,-130480.09,5798898.23
2023-11-09,BACS SUMMIT OUTDOOR GOODS LTD SOG-06397,-50680.71,5748217.52
2023-11-09,CARDPAY SETTLEMENT 20231108,81514.62,5829732.14
2023-11-10,CARDPAY SETTLEMENT 20231109,81514.62,5911246.76
2023-11-10,MKTPLACE PAYOUT S-0020,394363.03,6305609.79
2023-11-11,CARDPAY SETTLEMENT 20231110,85804.86,6391414.65
2023-11-12,CARDPAY SETTLEMENT 20231111,85804.86,6477219.51
2023-11-13,BACS NORTHFIELD SPORTSWEAR LTD NS008631,-80890.03,6396329.48
2023-11-13,BACS PEAK FOOTWEAR DISTRIBUTION LTD PFD/04827,-55908.0,6340421.48
2023-11-13,BACS PEAK FOOTWEAR DISTRIBUTION LTD PFD/04828,-63350.32,6277071.16
2023-11-13,BACS PEAK FOOTWEAR DISTRIBUTION LTD PFD/04829,-82584.03,6194487.13
2023-11-13,CARDPAY SETTLEMENT 20231112,98675.59,6293162.72
2023-11-14,BACS PEAK FOOTWEAR DISTRIBUTION LTD PFD/04830,-50783.79,6242378.93
2023-11-14,CARDPAY SETTLEMENT 20231113,94385.34,6336764.27
2023-11-15,CARDPAY SETTLEMENT 20231114,81514.62,6418278.89
2023-11-16,CARDPAY SETTLEMENT 20231115,81514.62,6499793.51
2023-11-17,BACS PARCELCO LTD PC-003675,-112246.73,6387546.78
2023-11-17,BACS PARCELCO LTD PC-003677,-63796.11,6323750.67
2023-11-17,CARDPAY SETTLEMENT 20231116,81514.62,6405265.29
2023-11-18,CARDPAY SETTLEMENT 20231117,85804.86,6491070.15
2023-11-19,CARDPAY SETTLEMENT 20231118,85804.86,6576875.01
2023-11-20,BACS FULCRUM AUTOMATION LTD FA-03853,-70000,6506875.01
2023-11-20,BACS PEAK FOOTWEAR DISTRIBUTION LTD PFD/04831,-81995.23,6424879.78
2023-11-20,BACS STRIDE APPAREL LTD SA01149,-93365.03,6331514.75
2023-11-20,CARDPAY SETTLEMENT 20231119,98675.59,6430190.34
2023-11-21,BACS APEX ATHLETIC SUPPLY LTD APX-01913,-74065.72,6356124.62
2023-11-21,BACS NORTHFIELD SPORTSWEAR LTD NS008632,-75694.56,6280430.06
2023-11-21,BACS PEAK FOOTWEAR DISTRIBUTION LTD PFD/04832,-91785.04,6188645.02
2023-11-21,CARDPAY SETTLEMENT 20231120,94385.34,6283030.36
2023-11-22,BACS NORTHFIELD SPORTSWEAR LTD NS008633,-81475.26,6201555.1
2023-11-22,CARDPAY SETTLEMENT 20231121,81514.62,6283069.72
2023-11-23,BACS STRIDE APPAREL LTD SA01150,-79483.96,6203585.76
2023-11-23,BACS STRIDE APPAREL LTD SA01151,-48771.23,6154814.53
2023-11-23,BACS SUMMIT OUTDOOR GOODS LTD SOG-06398,-82626.31,6072188.22
2023-11-23,CARDPAY SETTLEMENT 20231122,81514.62,6153702.84
2023-11-24,CARDPAY SETTLEMENT 20231123,81514.62,6235217.46
2023-11-24,MKTPLACE PAYOUT S-0021,438718.44,6673935.9
2023-11-25,CARDPAY SETTLEMENT 20231124,257414.58,6931350.48
2023-11-26,CARDPAY SETTLEMENT 20231125,85804.86,7017155.34
2023-11-27,BACS PEAK FOOTWEAR DISTRIBUTION LTD PFD/04833,-81043.71,6936111.63
2023-11-27,BACS VELOCITY EQUIPMENT CO LTD VE-01680,-26472.08,6909639.55
2023-11-27,CARDPAY SETTLEMENT 20231126,98675.59,7008315.14
2023-11-28,BACS NORTHFIELD SPORTSWEAR LTD NS008634,-90412.9,6917902.24
2023-11-28,BACS SUMMIT OUTDOOR GOODS LTD SOG-06399,-95176.95,6822725.29
2023-11-28,CARDPAY SETTLEMENT 20231127,188770.69,7011495.98
2023-11-29,CARDPAY SETTLEMENT 20231128,81514.62,7093010.6
2023-11-30,BACS LINKPARTNER AFFILIATES LTD LPA-06134,-22712.88,7070297.72
2023-11-30,BACS SEARCHLY ADS LTD SRCH-07501,-136277.25,6934020.47
2023-11-30,BACS SOCIALREACH MEDIA LTD SRM04335,-68138.62,6865881.85
2023-11-30,BACS VELOCITY EQUIPMENT CO LTD VE-01681,-82319.24,6783562.61
2023-11-30,CARDPAY SETTLEMENT 20231129,81514.62,6865077.23
2023-11-30,PAYROLL 2023-11,-486742.4,6378334.83
2023-12-01,BACS ASHCOMBE & ROWE LLP AR-4276,-43063.96,6335270.87
2023-12-01,BACS CLOUDSTACK SOFTWARE LTD CS-07611,-59212.95,6276057.92
2023-12-01,BACS HARBOURLINE INSURANCE LTD HI02485,-26914.99,6249142.93
2023-12-01,BACS KESTREL GRID ENERGY LTD KGE002513,-32297.97,6216844.96
2023-12-01,BACS MIDSHIRE LOGISTICS PARK LTD MLP8418,-107659.91,6109185.05
2023-12-01,CARDPAY SETTLEMENT 20231130,81514.57,6190699.62
2023-12-02,CARDPAY SETTLEMENT 20231201,99952.39,6290652.01
2023-12-03,CARDPAY SETTLEMENT 20231202,99952.39,6390604.4
2023-12-04,BACS PARCELCO LTD PC-003678,-118867.2,6271737.2
2023-12-04,BACS PARCELCO LTD PC-003680,-71864.71,6199872.49
2023-12-04,BACS VELOCITY EQUIPMENT CO LTD VE-01682,-78177.44,6121695.05
2023-12-04,CARDPAY SETTLEMENT 20231203,114945.24,6236640.29
2023-12-05,CARDPAY SETTLEMENT 20231204,109947.62,6346587.91
2023-12-06,CARDPAY SETTLEMENT 20231205,94954.76,6441542.67
2023-12-07,BACS SUMMIT OUTDOOR GOODS LTD SOG-06400,-24948.64,6416594.03
2023-12-07,CARDPAY SETTLEMENT 20231206,94954.76,6511548.79
2023-12-08,BACS APEX ATHLETIC SUPPLY LTD APX-01914,-94862.09,6416686.7
2023-12-08,BACS NORTHFIELD SPORTSWEAR LTD NS008635,-49576.04,6367110.66
2023-12-08,BACS SUMMIT OUTDOOR GOODS LTD SOG-06401,-71450.98,6295659.68
2023-12-08,CARDPAY SETTLEMENT 20231207,94954.76,6390614.44
2023-12-08,MKTPLACE PAYOUT S-0022,551524.55,6942138.99
2023-12-09,CARDPAY SETTLEMENT 20231208,99952.39,7042091.38
2023-12-10,CARDPAY SETTLEMENT 20231209,99952.39,7142043.77
2023-12-11,BACS APEX ATHLETIC SUPPLY LTD APX-01915,-68236.28,7073807.49
2023-12-11,BACS NORTHFIELD SPORTSWEAR LTD NS008636,-23569.92,7050237.57
2023-12-11,BACS NORTHFIELD SPORTSWEAR LTD NS008637,-67255.71,6982981.86
2023-12-11,CARDPAY SETTLEMENT 20231210,114945.24,7097927.1
2023-12-12,BACS BRIGHTDESK IT LTD BIT05881,-70000,7027927.1
2023-12-12,CARDPAY SETTLEMENT 20231211,109947.62,7137874.72
2023-12-13,CARDPAY SETTLEMENT 20231212,94954.76,7232829.48
2023-12-14,BACS PEAK FOOTWEAR DISTRIBUTION LTD PFD/04834,-34396.52,7198432.96
2023-12-14,BACS STRIDE APPAREL LTD SA01152,-80196.5,7118236.46
2023-12-14,CARDPAY SETTLEMENT 20231213,94954.76,7213191.22
2023-12-15,BACS NORTHFIELD SPORTSWEAR LTD NS008638,-87809.74,7125381.48
2023-12-15,CARDPAY SETTLEMENT 20231214,94954.76,7220336.24
2023-12-16,CARDPAY SETTLEMENT 20231215,99952.39,7320288.63
2023-12-17,CARDPAY SETTLEMENT 20231216,99952.39,7420241.02
2023-12-18,BACS NORTHFIELD SPORTSWEAR LTD NS008639,-90343.07,7329897.95
2023-12-18,BACS PARCELCO LTD PC-003679,-143189.83,7186708.12
2023-12-18,BACS PARCELCO LTD PC-003681,-86569.68,7100138.44
2023-12-18,BACS PEAK FOOTWEAR DISTRIBUTION LTD PFD/04835,-63360.01,7036778.43
2023-12-18,BACS STRIDE APPAREL LTD SA01153,-135878.39,6900900.04
2023-12-18,BACS VELOCITY EQUIPMENT CO LTD VE-01683,-28314.34,6872585.7
2023-12-18,CARDPAY SETTLEMENT 20231217,114945.24,6987530.94
2023-12-19,BACS PEAK FOOTWEAR DISTRIBUTION LTD PFD/04836,-64848.81,6922682.13
2023-12-19,CARDPAY SETTLEMENT 20231218,109947.62,7032629.75
2023-12-20,CARDPAY SETTLEMENT 20231219,94954.76,7127584.51
2023-12-21,BACS PEAK FOOTWEAR DISTRIBUTION LTD PFD/04837,-62322.01,7065262.5
2023-12-21,BACS STRIDE APPAREL LTD SA01154,-64710.9,7000551.6
2023-12-21,CARDPAY SETTLEMENT 20231220,94954.76,7095506.36
2023-12-22,CARDPAY SETTLEMENT 20231221,94954.76,7190461.12
2023-12-22,MKTPLACE PAYOUT S-0023,485221.88,7675683.0
2023-12-23,CARDPAY SETTLEMENT 20231222,99952.39,7775635.39
2023-12-24,CARDPAY SETTLEMENT 20231223,99952.39,7875587.78
2023-12-25,BACS APEX ATHLETIC SUPPLY LTD APX-01916,-25586.46,7850001.32
2023-12-25,BACS NORTHFIELD SPORTSWEAR LTD NS008640,-31596.96,7818404.36
2023-12-25,BACS STRIDE APPAREL LTD SA01155,-97009.24,7721395.12
2023-12-25,BACS SUMMIT OUTDOOR GOODS LTD SOG-06402,-55616.66,7665778.46
2023-12-25,BACS SUMMIT OUTDOOR GOODS LTD SOG-06403,-113558.07,7552220.39
2023-12-25,CARDPAY SETTLEMENT 20231224,114945.24,7667165.63
2023-12-26,CARDPAY SETTLEMENT 20231225,32984.29,7700149.92
2023-12-27,CARDPAY SETTLEMENT 20231226,170918.58,7871068.5
2023-12-28,BACS PEAK FOOTWEAR DISTRIBUTION LTD PFD/04838,-59012.14,7812056.36
2023-12-28,CARDPAY SETTLEMENT 20231227,94954.76,7907011.12
2023-12-29,BACS APEX ATHLETIC SUPPLY LTD APX-01917,-49301.11,7857710.01
2023-12-29,CARDPAY SETTLEMENT 20231228,94954.76,7952664.77
2023-12-29,PAYROLL 2023-12,-494945.44,7457719.33
2023-12-30,CARDPAY SETTLEMENT 20231229,99952.39,7557671.72
2023-12-31,CARDPAY SETTLEMENT 20231230,99952.39,7657624.11
2024-01-01,BACS ASHCOMBE & ROWE LLP AR-4277,-46028.38,7611595.73
2024-01-01,BACS CLOUDSTACK SOFTWARE LTD CS-07612,-63289.02,7548306.71
2024-01-01,BACS HARBOURLINE INSURANCE LTD HI02486,-28767.74,7519538.97
2024-01-01,BACS KESTREL GRID ENERGY LTD KGE002514,-34521.29,7485017.68
2024-01-01,BACS LINKPARTNER AFFILIATES LTD LPA-06135,-27262.74,7457754.94
2024-01-01,BACS MIDSHIRE LOGISTICS PARK LTD MLP8419,-115070.95,7342683.99
2024-01-01,BACS PARCELCO LTD PC-003682,-138382.36,7204301.63
2024-01-01,BACS PARCELCO LTD PC-003684,-77766.43,7126535.2
2024-01-01,BACS SEARCHLY ADS LTD SRCH-07502,-163576.45,6962958.75
2024-01-01,BACS SOCIALREACH MEDIA LTD SRM04336,-81788.22,6881170.53
2024-01-01,CARDPAY SETTLEMENT 20231231,114945.21,6996115.74
2024-01-02,BACS APEX ATHLETIC SUPPLY LTD APX-01918,-60135.38,6935980.36
2024-01-02,CARDPAY SETTLEMENT 20240101,85687.42,7021667.78
2024-01-03,CARDPAY SETTLEMENT 20240102,74002.78,7095670.56
2024-01-04,CARDPAY SETTLEMENT 20240103,74002.78,7169673.34
2024-01-05,BACS NORTHFIELD SPORTSWEAR LTD NS008641,-170300.64,6999372.7
2024-01-05,CARDPAY SETTLEMENT 20240104,74002.78,7073375.48
2024-01-05,MKTPLACE PAYOUT S-0024,472939.42,7546314.9
2024-01-06,CARDPAY SETTLEMENT 20240105,77897.66,7624212.56
2024-01-07,CARDPAY SETTLEMENT 20240106,77897.66,7702110.22
2024-01-08,BACS PEAK FOOTWEAR DISTRIBUTION LTD PFD/04839,-36332.5,7665777.72
2024-01-08,BACS STRIDE APPAREL LTD SA01156,-100153.32,7565624.4
2024-01-08,CARDPAY SETTLEMENT 20240107,89582.31,7655206.71
2024-01-09,CARDPAY SETTLEMENT 20240108,85687.42,7740894.13
2024-01-10,BACS APEX ATHLETIC SUPPLY LTD APX-01919,-152601.42,7588292.71
2024-01-10,CARDPAY SETTLEMENT 20240109,74002.78,7662295.49
2024-01-11,BACS NORTHFIELD SPORTSWEAR LTD NS008642,-160383.7,7501911.79
2024-01-11,CARDPAY SETTLEMENT 20240110,74002.78,7575914.57
2024-01-12,BACS APEX ATHLETIC SUPPLY LTD APX-01920,-74637.18,7501277.39
2024-01-12,CARDPAY SETTLEMENT 20240111,74002.78,7575280.17
2024-01-13,CARDPAY SETTLEMENT 20240112,77897.66,7653177.83
2024-01-14,CARDPAY SETTLEMENT 20240113,77897.66,7731075.49
2024-01-15,BACS FULCRUM AUTOMATION LTD FA-03854,-70000,7661075.49
2024-01-15,BACS NORTHFIELD SPORTSWEAR LTD NS008643,-35959.65,7625115.84
2024-01-15,BACS VELOCITY EQUIPMENT CO LTD VE-01684,-180748.98,7444366.86
2024-01-15,CARDPAY SETTLEMENT 20240114,89582.31,7533949.17
2024-01-16,BACS NORTHFIELD SPORTSWEAR LTD NS008644,-116725.99,7417223.18
2024-01-16,BACS SUMMIT OUTDOOR GOODS LTD SOG-06404,-140548.84,7276674.34
2024-01-16,CARDPAY SETTLEMENT 20240115,85687.42,7362361.76
2024-01-17,BACS PARCELCO LTD PC-003683,-148761.01,7213600.75
2024-01-17,BACS PARCELCO LTD PC-003685,-83598.97,7130001.78
2024-01-17,BACS VELOCITY EQUIPMENT CO LTD VE-01685,-51432.04,7078569.74
2024-01-17,CARDPAY SETTLEMENT 20240116,74002.78,7152572.52
2024-01-18,BACS STRIDE APPAREL LTD SA01157,-152974.52,6999598.0
2024-01-18,CARDPAY SETTLEMENT 20240117,74002.78,7073600.78
2024-01-19,CARDPAY SETTLEMENT 20240118,74002.78,7147603.56
2024-01-19,MKTPLACE PAYOUT S-0025,402510.38,7550113.94
2024-01-20,CARDPAY SETTLEMENT 20240119,77897.66,7628011.6
2024-01-21,CARDPAY SETTLEMENT 20240120,77897.66,7705909.26
2024-01-22,BACS NORTHFIELD SPORTSWEAR LTD NS008645,-86597.49,7619311.77
2024-01-22,BACS STRIDE APPAREL LTD SA01158,-68065.95,7551245.82
2024-01-22,CARDPAY SETTLEMENT 20240121,89582.31,7640828.13
2024-01-23,BACS APEX ATHLETIC SUPPLY LTD APX-01921,-87124.7,7553703.43
2024-01-23,CARDPAY SETTLEMENT 20240122,85687.42,7639390.85
2024-01-24,BACS SUMMIT OUTDOOR GOODS LTD SOG-06405,-114371.69,7525019.16
2024-01-24,CARDPAY SETTLEMENT 20240123,74002.78,7599021.94
2024-01-25,CARDPAY SETTLEMENT 20240124,74002.78,7673024.72
2024-01-26,BACS NORTHFIELD SPORTSWEAR LTD NS008646,-32743.33,7640281.39
2024-01-26,CARDPAY SETTLEMENT 20240125,74002.78,7714284.17
2024-01-27,CARDPAY SETTLEMENT 20240126,77897.66,7792181.83
2024-01-28,CARDPAY SETTLEMENT 20240127,77897.66,7870079.49
2024-01-29,BACS APEX ATHLETIC SUPPLY LTD APX-01922,-94011.35,7776068.14
2024-01-29,BACS VELOCITY EQUIPMENT CO LTD VE-01686,-124726.2,7651341.94
2024-01-29,CARDPAY SETTLEMENT 20240128,89582.31,7740924.25
2024-01-30,BACS LINKPARTNER AFFILIATES LTD LPA-06136,-29595.59,7711328.66
2024-01-30,BACS SEARCHLY ADS LTD SRCH-07503,-177573.56,7533755.1
2024-01-30,BACS SOCIALREACH MEDIA LTD SRM04337,-88786.78,7444968.32
2024-01-30,BACS SUMMIT OUTDOOR GOODS LTD SOG-06406,-42267.78,7402700.54
2024-01-30,CARDPAY SETTLEMENT 20240129,85687.42,7488387.96
2024-01-31,BACS ASHCOMBE & ROWE LLP AR-4278,-43462.51,7444925.45
2024-01-31,BACS CLOUDSTACK SOFTWARE LTD CS-07613,-59760.95,7385164.5
2024-01-31,BACS HARBOURLINE INSURANCE LTD HI02487,-27164.06,7358000.44
2024-01-31,BACS KESTREL GRID ENERGY LTD KGE002515,-32596.88,7325403.56
2024-01-31,BACS MIDSHIRE LOGISTICS PARK LTD MLP8420,-108656.27,7216747.29
2024-01-31,CARDPAY SETTLEMENT 20240130,74002.78,7290750.07
2024-01-31,PAYROLL 2024-01,-460060.64,6830689.43
2024-02-01,BACS PARCELCO LTD PC-003686,-112550.36,6718139.07
2024-02-01,BACS PARCELCO LTD PC-003688,-65478.5,6652660.57
2024-02-01,CARDPAY SETTLEMENT 20240131,74002.79,6726663.36
2024-02-02,CARDPAY SETTLEMENT 20240201,54060.28,6780723.64
2024-02-02,MKTPLACE PAYOUT S-0026,402510.38,7183234.02
2024-02-03,CARDPAY SETTLEMENT 20240202,56905.55,7240139.57
2024-02-04,CARDPAY SETTLEMENT 20240203,56905.55,7297045.12
2024-02-05,BACS NORTHFIELD SPORTSWEAR LTD NS008647,-116336.95,7180708.17
2024-02-05,BACS VELOCITY EQUIPMENT CO LTD VE-01687,-153396.52,7027311.65
2024-02-05,CARDPAY SETTLEMENT 20240204,65441.4,7092753.05
2024-02-06,CARDPAY SETTLEMENT 20240205,62596.11,7155349.16
2024-02-07,BACS VELOCITY EQUIPMENT CO LTD VE-01688,-189967.87,6965381.29
2024-02-07,CARDPAY SETTLEMENT 20240206,54060.28,7019441.57
2024-02-08,CARDPAY SETTLEMENT 20240207,54060.28,7073501.85
2024-02-09,CARDPAY SETTLEMENT 20240208,54060.28,7127562.13
2024-02-10,CARDPAY SETTLEMENT 20240209,56905.55,7184467.68
2024-02-11,CARDPAY SETTLEMENT 20240210,56905.55,7241373.23
2024-02-12,BACS NORTHFIELD SPORTSWEAR LTD NS008648,-196461.92,7044911.31
2024-02-12,BACS NORTHFIELD SPORTSWEAR LTD NS008649,-100504.39,6944406.92
2024-02-12,BACS STRIDE APPAREL LTD SA01159,-84780.49,6859626.43
2024-02-12,BACS VELOCITY EQUIPMENT CO LTD VE-01689,-152708.87,6706917.56
2024-02-12,CARDPAY SETTLEMENT 20240211,65441.4,6772358.96
2024-02-13,CARDPAY SETTLEMENT 20240212,62596.11,6834955.07
2024-02-14,BACS SUMMIT OUTDOOR GOODS LTD SOG-06407,-106771.42,6728183.65
2024-02-14,CARDPAY SETTLEMENT 20240213,54060.28,6782243.93
2024-02-15,BACS NORTHFIELD SPORTSWEAR LTD NS008650,-40150.2,6742093.73
2024-02-15,BACS NORTHFIELD SPORTSWEAR LTD NS008651,-114953.59,6627140.14
2024-02-15,CARDPAY SETTLEMENT 20240214,54060.28,6681200.42
2024-02-16,BACS BRIGHTDESK IT LTD BIT05882,-70000,6611200.42
2024-02-16,CARDPAY SETTLEMENT 20240215,54060.28,6665260.7
2024-02-16,MKTPLACE PAYOUT S-0027,300924.25,6966184.95
2024-02-17,CARDPAY SETTLEMENT 20240216,56905.55,7023090.5
2024-02-18,CARDPAY SETTLEMENT 20240217,56905.55,7079996.05
2024-02-19,BACS PARCELCO LTD PC-003687,-118435.32,6961560.73
2024-02-19,BACS PARCELCO LTD PC-003689,-68902.22,6892658.51
2024-02-19,BACS PEAK FOOTWEAR DISTRIBUTION LTD PFD/04840,-123253.81,6769404.7
2024-02-19,CARDPAY SETTLEMENT 20240218,65441.4,6834846.1
2024-02-20,CARDPAY SETTLEMENT 20240219,62596.11,6897442.21
2024-02-21,CARDPAY SETTLEMENT 20240220,54060.28,6951502.49
2024-02-22,BACS APEX ATHLETIC SUPPLY LTD APX-01923,-72729.7,6878772.79
2024-02-22,BACS NORTHFIELD SPORTSWEAR LTD NS008652,-42198.74,6836574.05
2024-02-22,CARDPAY SETTLEMENT 20240221,54060.28,6890634.33
2024-02-23,BACS APEX ATHLETIC SUPPLY LTD APX-01924,-81689.54,6808944.79
2024-02-23,CARDPAY SETTLEMENT 20240222,54060.28,6863005.07
2024-02-24,CARDPAY SETTLEMENT 20240223,56905.55,6919910.62
2024-02-25,CARDPAY SETTLEMENT 20240224,56905.55,6976816.17
2024-02-26,BACS STRIDE APPAREL LTD SA01160,-52416.14,6924400.03
2024-02-26,BACS STRIDE APPAREL LTD SA01161,-98504.77,6825895.26
2024-02-26,CARDPAY SETTLEMENT 20240225,65441.4,6891336.66
2024-02-27,CARDPAY SETTLEMENT 20240226,62596.11,6953932.77
2024-02-28,BACS VELOCITY EQUIPMENT CO LTD VE-01690,-91076.5,6862856.27
2024-02-28,CARDPAY SETTLEMENT 20240227,54060.28,6916916.55
2024-02-29,BACS STRIDE APPAREL LTD SA01162,-72358.7,6844557.85
2024-02-29,BACS SUMMIT OUTDOOR GOODS LTD SOG-06408,-26414.36,6818143.49
2024-02-29,CARDPAY SETTLEMENT 20240228,54060.28,6872203.77
2024-02-29,PAYROLL 2024-02,-479299.84,6392903.93
2024-03-01,BACS LINKPARTNER AFFILIATES LTD LPA-06137,-22849.62,6370054.31
2024-03-01,BACS SEARCHLY ADS LTD SRCH-07504,-137097.7,6232956.61
2024-03-01,BACS SOCIALREACH MEDIA LTD SRM04338,-68548.85,6164407.76
2024-03-01,BACS SUMMIT OUTDOOR GOODS LTD SOG-06409,-73818.99,6090588.77
2024-03-01,CARDPAY SETTLEMENT 20240229,54060.36,6144649.13
2024-03-01,MKTPLACE PAYOUT S-0028,293640.62,6438289.75
2024-03-02,CARDPAY SETTLEMENT 20240301,62673.69,6500963.44
2024-03-03,CARDPAY SETTLEMENT 20240302,62673.69,6563637.13
2024-03-04,BACS ASHCOMBE & ROWE LLP AR-4279,-50238.79,6513398.34
2024-03-04,BACS CLOUDSTACK SOFTWARE LTD CS-07614,-69078.34,6444320.0
2024-03-04,BACS HARBOURLINE INSURANCE LTD HI02488,-31399.24,6412920.76
2024-03-04,BACS KESTREL GRID ENERGY LTD KGE002516,-37679.09,6375241.67
2024-03-04,BACS MIDSHIRE LOGISTICS PARK LTD MLP8421,-125596.98,6249644.69
2024-03-04,BACS NORTHFIELD SPORTSWEAR LTD NS008653,-68077.24,6181567.45
2024-03-04,BACS PARCELCO LTD PC-003690,-80785.01,6100782.44
2024-03-04,BACS PARCELCO LTD PC-003692,-48008.88,6052773.56
2024-03-04,BACS PEAK FOOTWEAR DISTRIBUTION LTD PFD/04841,-106597.83,5946175.73
2024-03-04,BACS PEAK FOOTWEAR DISTRIBUTION LTD PFD/04842,-44307.45,5901868.28
2024-03-04,BACS SUMMIT OUTDOOR GOODS LTD SOG-06410,-37893.64,5863974.64
2024-03-04,BACS VELOCITY EQUIPMENT CO LTD VE-01691,-86087.16,5777887.48
2024-03-04,BACS VELOCITY EQUIPMENT CO LTD VE-01692,-73692.42,5704195.06
2024-03-04,CARDPAY SETTLEMENT 20240303,72074.75,5776269.81
2024-03-05,BACS STRIDE APPAREL LTD SA01163,-66027.48,5710242.33
2024-03-05,CARDPAY SETTLEMENT 20240304,68941.07,5779183.4
2024-03-06,BACS NORTHFIELD SPORTSWEAR LTD NS008654,-23261.06,5755922.34
2024-03-06,BACS PEAK FOOTWEAR DISTRIBUTION LTD PFD/04843,-43102.92,5712819.42
2024-03-06,BACS SUMMIT OUTDOOR GOODS LTD SOG-06411,-64629.35,5648190.07
2024-03-06,CARDPAY SETTLEMENT 20240305,59540.01,5707730.08
2024-03-07,CARDPAY SETTLEMENT 20240306,59540.01,5767270.09
2024-03-08,CARDPAY SETTLEMENT 20240307,59540.01,5826810.1
2024-03-09,CARDPAY SETTLEMENT 20240308,62673.69,5889483.79
2024-03-10,CARDPAY SETTLEMENT 20240309,62673.69,5952157.48
2024-03-11,BACS NORTHFIELD SPORTSWEAR LTD NS008655,-24983.85,5927173.63
2024-03-11,BACS PEAK FOOTWEAR DISTRIBUTION LTD PFD/04844,-27490.67,5899682.96
2024-03-11,BACS STRIDE APPAREL LTD SA01164,-94261.51,5805421.45
2024-03-11,BACS SUMMIT OUTDOOR GOODS LTD SOG-06412,-76799.9,5728621.55
2024-03-11,BACS VELOCITY EQUIPMENT CO LTD VE-01693,-89121.72,5639499.83
2024-03-11,BACS VELOCITY EQUIPMENT CO LTD VE-01694,-102564.88,5536934.95
2024-03-11,CARDPAY SETTLEMENT 20240310,72074.75,5609009.7
2024-03-12,CARDPAY SETTLEMENT 20240311,68941.07,5677950.77
2024-03-13,CARDPAY SETTLEMENT 20240312,59540.01,5737490.78
2024-03-14,BACS VELOCITY EQUIPMENT CO LTD VE-01695,-58488.37,5679002.41
2024-03-14,CARDPAY SETTLEMENT 20240313,59540.01,5738542.42
2024-03-15,CARDPAY SETTLEMENT 20240314,59540.01,5798082.43
2024-03-15,MKTPLACE PAYOUT S-0029,328510.18,6126592.61
2024-03-16,CARDPAY SETTLEMENT 20240315,62673.69,6189266.3
2024-03-17,CARDPAY SETTLEMENT 20240316,62673.69,6251939.99
2024-03-18,BACS FULCRUM AUTOMATION LTD FA-03855,-70000,6181939.99
2024-03-18,BACS NORTHFIELD SPORTSWEAR LTD NS008656,-110622.17,6071317.82
2024-03-18,BACS PARCELCO LTD PC-003691,-75719.24,5995598.58
2024-03-18,BACS PARCELCO LTD PC-003693,-44998.39,5950600.19
2024-03-18,CARDPAY SETTLEMENT 20240317,72074.75,6022674.94
2024-03-19,BACS NORTHFIELD SPORTSWEAR LTD NS008657,-118421.13,5904253.81
2024-03-19,CARDPAY SETTLEMENT 20240318,68941.07,5973194.88
2024-03-20,CARDPAY SETTLEMENT 20240319,59540.01,6032734.89
2024-03-21,BACS PEAK FOOTWEAR DISTRIBUTION LTD PFD/04845,-48786.35,5983948.54
2024-03-21,CARDPAY SETTLEMENT 20240320,59540.01,6043488.55
2024-03-22,BACS STRIDE APPAREL LTD SA01165,-26393.48,6017095.07
2024-03-22,CARDPAY SETTLEMENT 20240321,59540.01,6076635.08
2024-03-23,CARDPAY SETTLEMENT 20240322,62673.69,6139308.77
2024-03-24,CARDPAY SETTLEMENT 20240323,62673.69,6201982.46
2024-03-25,BACS SUMMIT OUTDOOR GOODS LTD SOG-06413,-20880.48,6181101.98
2024-03-25,CARDPAY SETTLEMENT 20240324,72074.75,6253176.73
2024-03-26,BACS NORTHFIELD SPORTSWEAR LTD NS008658,-46694.45,6206482.28
2024-03-26,CARDPAY SETTLEMENT 20240325,68941.07,6275423.35
2024-03-27,CARDPAY SETTLEMENT 20240326,59540.01,6334963.36
2024-03-28,CARDPAY SETTLEMENT 20240327,59540.01,6394503.37
2024-03-29,CARDPAY SETTLEMENT 20240328,59540.01,6454043.38
2024-03-29,MKTPLACE PAYOUT S-0030,333896.6,6787939.98
2024-03-29,PAYROLL 2024-03,-495129.05,6292810.93
2024-03-30,CARDPAY SETTLEMENT 20240329,62673.69,6355484.62
2024-03-31,CARDPAY SETTLEMENT 20240330,62673.69,6418158.31
2024-04-01,BACS ASHCOMBE & ROWE LLP AR-4280,-47444.71,6370713.6
2024-04-01,BACS CLOUDSTACK SOFTWARE LTD CS-07615,-65236.48,6305477.12
2024-04-01,BACS HARBOURLINE INSURANCE LTD HI02489,-29652.94,6275824.18
2024-04-01,BACS KESTREL GRID ENERGY LTD KGE002517,-35583.53,6240240.65
2024-04-01,BACS LINKPARTNER AFFILIATES LTD LPA-06138,-17012.18,6223228.47
2024-04-01,BACS MIDSHIRE LOGISTICS PARK LTD MLP8422,-118611.78,6104616.69
2024-04-01,BACS PARCELCO LTD PC-003694,-86403.82,6018212.87
2024-04-01,BACS PARCELCO LTD PC-003696,-53969.27,5964243.6
2024-04-01,BACS PEAK FOOTWEAR DISTRIBUTION LTD PFD/04846,-50608.78,5913634.82
2024-04-01,BACS SEARCHLY ADS LTD SRCH-07505,-102073.07,5811561.75
2024-04-01,BACS SOCIALREACH MEDIA LTD SRM04339,-51036.54,5760525.21
2024-04-01,CARDPAY SETTLEMENT 20240331,72074.84,5832600.05
2024-04-02,BACS NORTHFIELD SPORTSWEAR LTD NS008659,-78627.34,5753972.71
2024-04-02,CARDPAY SETTLEMENT 20240401,69022.36,5822995.07
2024-04-03,CARDPAY SETTLEMENT 20240402,59610.21,5882605.28
2024-04-04,BACS STRIDE APPAREL LTD SA01166,-69147.59,5813457.69
2024-04-04,BACS SUMMIT OUTDOOR GOODS LTD SOG-06414,-68138.78,5745318.91
2024-04-04,CARDPAY SETTLEMENT 20240403,59610.21,5804929.12
2024-04-05,CARDPAY SETTLEMENT 20240404,59610.21,5864539.33
2024-04-06,CARDPAY SETTLEMENT 20240405,62747.6,5927286.93
2024-04-07,CARDPAY SETTLEMENT 20240406,62747.6,5990034.53
2024-04-08,BACS NORTHFIELD SPORTSWEAR LTD NS008660,-69514.01,5920520.52
2024-04-08,BACS NORTHFIELD SPORTSWEAR LTD NS008661,-78827.92,5841692.6
2024-04-08,BACS PEAK FOOTWEAR DISTRIBUTION LTD PFD/04847,-33297.91,5808394.69
2024-04-08,CARDPAY SETTLEMENT 20240407,72159.73,5880554.42
2024-04-09,BACS NORTHFIELD SPORTSWEAR LTD NS008662,-33396.19,5847158.23
2024-04-09,CARDPAY SETTLEMENT 20240408,69022.36,5916180.59
2024-04-10,BACS APEX ATHLETIC SUPPLY LTD APX-01925,-69921.1,5846259.49
2024-04-10,CARDPAY SETTLEMENT 20240409,59610.21,5905869.7
2024-04-11,CARDPAY SETTLEMENT 20240410,59610.21,5965479.91
2024-04-12,CARDPAY SETTLEMENT 20240411,59610.21,6025090.12
2024-04-12,MKTPLACE PAYOUT S-0031,340521.16,6365611.28
2024-04-13,CARDPAY SETTLEMENT 20240412,62747.6,6428358.88
2024-04-14,CARDPAY SETTLEMENT 20240413,62747.6,6491106.48
2024-04-15,BACS APEX ATHLETIC SUPPLY LTD APX-01926,-57506.06,6433600.42
2024-04-15,BACS APEX ATHLETIC SUPPLY LTD APX-01927,-64132.52,6369467.9
2024-04-15,BACS NORTHFIELD SPORTSWEAR LTD NS008663,-105771.3,6263696.6
2024-04-15,BACS NORTHFIELD SPORTSWEAR LTD NS008664,-87504.76,6176191.84
2024-04-15,BACS PEAK FOOTWEAR DISTRIBUTION LTD PFD/04848,-75714.19,6100477.65
2024-04-15,BACS STRIDE APPAREL LTD SA01167,-31961.3,6068516.35
2024-04-15,BACS STRIDE APPAREL LTD SA01168,-23897.35,6044619.0
2024-04-15,CARDPAY SETTLEMENT 20240414,72159.73,6116778.73
2024-04-16,CARDPAY SETTLEMENT 20240415,69022.36,6185801.09
2024-04-17,BACS PARCELCO LTD PC-003695,-92940.88,6092860.21
2024-04-17,BACS PARCELCO LTD PC-003697,-58052.49,6034807.72
2024-04-17,BACS PEAK FOOTWEAR DISTRIBUTION LTD PFD/04849,-49024.35,5985783.37
2024-04-17,CARDPAY SETTLEMENT 20240416,59610.21,6045393.58
2024-04-18,CARDPAY SETTLEMENT 20240417,59610.21,6105003.79
2024-04-19,BACS APEX ATHLETIC SUPPLY LTD APX-01928,-47412.99,6057590.8
2024-04-19,CARDPAY SETTLEMENT 20240418,59610.21,6117201.01
2024-04-20,CARDPAY SETTLEMENT 20240419,62747.6,6179948.61
2024-04-21,CARDPAY SETTLEMENT 20240420,62747.6,6242696.21
2024-04-22,BACS BRIGHTDESK IT LTD BIT05883,-70000,6172696.21
2024-04-22,BACS NORTHFIELD SPORTSWEAR LTD NS008665,-45661.31,6127034.9
2024-04-22,BACS PEAK FOOTWEAR DISTRIBUTION LTD PFD/04850,-80799.95,6046234.95
2024-04-22,BACS STRIDE APPAREL LTD SA01169,-57882.54,5988352.41
2024-04-22,CARDPAY SETTLEMENT 20240421,72159.73,6060512.14
2024-04-23,CARDPAY SETTLEMENT 20240422,69022.36,6129534.5
2024-04-24,CARDPAY SETTLEMENT 20240423,59610.21,6189144.71
2024-04-25,CARDPAY SETTLEMENT 20240424,59610.21,6248754.92
2024-04-26,CARDPAY SETTLEMENT 20240425,59610.21,6308365.13
2024-04-26,MKTPLACE PAYOUT S-0032,344177.36,6652542.49
2024-04-27,CARDPAY SETTLEMENT 20240426,62747.6,6715290.09
2024-04-28,CARDPAY SETTLEMENT 20240427,62747.6,6778037.69
2024-04-29,BACS PEAK FOOTWEAR DISTRIBUTION LTD PFD/04851,-86047.23,6691990.46
2024-04-29,CARDPAY SETTLEMENT 20240428,72159.73,6764150.19
2024-04-30,BACS LINKPARTNER AFFILIATES LTD LPA-06139,-19734.09,6744416.1
2024-04-30,BACS SEARCHLY ADS LTD SRCH-07506,-118404.56,6626011.54
2024-04-30,BACS SOCIALREACH MEDIA LTD SRM04340,-59202.28,6566809.26
2024-04-30,BACS SUMMIT OUTDOOR GOODS LTD SOG-06415,-29390.27,6537418.99
2024-04-30,CARDPAY SETTLEMENT 20240429,69022.36,6606441.35
2024-04-30,PAYROLL 2024-04,-496833.32,6109608.03
2024-05-01,BACS ASHCOMBE & ROWE LLP AR-4281,-47740.37,6061867.66
2024-05-01,BACS CLOUDSTACK SOFTWARE LTD CS-07616,-65643.01,5996224.65
2024-05-01,BACS HARBOURLINE INSURANCE LTD HI02490,-29837.74,5966386.91
2024-05-01,BACS KESTREL GRID ENERGY LTD KGE002518,-35805.28,5930581.63
2024-05-01,BACS MIDSHIRE LOGISTICS PARK LTD MLP8423,-119350.93,5811230.7
2024-05-01,CARDPAY SETTLEMENT 20240430,59610.27,5870840.97
2024-05-02,BACS PARCELCO LTD PC-003698,-91186.25,5779654.72
2024-05-02,BACS PARCELCO LTD PC-003700,-56303.46,5723351.26
2024-05-02,BACS STRIDE APPAREL LTD SA01170,-24392.1,5698959.16
2024-05-02,BACS STRIDE APPAREL LTD SA01171,-36488.09,5662471.07
2024-05-02,CARDPAY SETTLEMENT 20240501,71272.29,5733743.36
2024-05-03,BACS PEAK FOOTWEAR DISTRIBUTION LTD PFD/04852,-59192.1,5674551.26
2024-05-03,BACS VELOCITY EQUIPMENT CO LTD VE-01696,-83905.07,5590646.19
2024-05-03,CARDPAY SETTLEMENT 20240502,71272.29,5661918.48
2024-05-04,CARDPAY SETTLEMENT 20240503,75023.48,5736941.96
2024-05-05,CARDPAY SETTLEMENT 20240504,75023.48,5811965.44
2024-05-06,BACS STRIDE APPAREL LTD SA01172,-59869.72,5752095.72
2024-05-06,CARDPAY SETTLEMENT 20240505,86276.99,5838372.71
2024-05-07,BACS STRIDE APPAREL LTD SA01173,-79773.23,5758599.48
2024-05-07,CARDPAY SETTLEMENT 20240506,82525.82,5841125.3
2024-05-08,BACS SUMMIT OUTDOOR GOODS LTD SOG-06416,-69592.12,5771533.18
2024-05-08,CARDPAY SETTLEMENT 20240507,71272.29,5842805.47
2024-05-09,BACS STRIDE APPAREL LTD SA01174,-27003.0,5815802.47
2024-05-09,CARDPAY SETTLEMENT 20240508,71272.29,5887074.76
2024-05-10,BACS NORTHFIELD SPORTSWEAR LTD NS008666,-19837.84,5867236.92
2024-05-10,BACS PEAK FOOTWEAR DISTRIBUTION LTD PFD/04853,-66657.41,5800579.51
2024-05-10,BACS PEAK FOOTWEAR DISTRIBUTION LTD PFD/04854,-75873.13,5724706.38
2024-05-10,BACS PEAK FOOTWEAR DISTRIBUTION LTD PFD/04855,-41567.24,5683139.14
2024-05-10,CARDPAY SETTLEMENT 20240509,71272.29,5754411.43
2024-05-10,MKTPLACE PAYOUT S-0033,377944.23,6132355.66
2024-05-11,CARDPAY SETTLEMENT 20240510,75023.48,6207379.14
2024-05-12,CARDPAY SETTLEMENT 20240511,75023.48,6282402.62
2024-05-13,BACS FULCRUM AUTOMATION LTD FA-03856,-70000,6212402.62
2024-05-13,BACS PEAK FOOTWEAR DISTRIBUTION LTD PFD/04856,-61920.11,6150482.51
2024-05-13,CARDPAY SETTLEMENT 20240512,86276.99,6236759.5
2024-05-14,CARDPAY SETTLEMENT 20240513,82525.82,6319285.32
2024-05-15,CARDPAY SETTLEMENT 20240514,71272.29,6390557.61
2024-05-16,BACS NORTHFIELD SPORTSWEAR LTD NS008667,-21511.9,6369045.71
2024-05-16,BACS NORTHFIELD SPORTSWEAR LTD NS008668,-41794.16,6327251.55
2024-05-16,BACS VELOCITY EQUIPMENT CO LTD VE-01697,-34469.29,6292782.26
2024-05-16,CARDPAY SETTLEMENT 20240515,71272.29,6364054.55
2024-05-17,BACS PARCELCO LTD PC-003699,-90292.26,6273762.29
2024-05-17,BACS PARCELCO LTD PC-003701,-55751.46,6218010.83
2024-05-17,CARDPAY SETTLEMENT 20240516,71272.29,6289283.12
2024-05-18,CARDPAY SETTLEMENT 20240517,75023.48,6364306.6
2024-05-19,CARDPAY SETTLEMENT 20240518,75023.48,6439330.08
2024-05-20,BACS STRIDE APPAREL LTD SA01175,-36907.95,6402422.13
2024-05-20,BACS VELOCITY EQUIPMENT CO LTD VE-01698,-54546.67,6347875.46
2024-05-20,CARDPAY SETTLEMENT 20240519,86276.99,6434152.45
2024-05-21,BACS APEX ATHLETIC SUPPLY LTD APX-01929,-62531.15,6371621.3
2024-05-21,CARDPAY SETTLEMENT 20240520,82525.82,6454147.12
2024-05-22,CARDPAY SETTLEMENT 20240521,71272.29,6525419.41
2024-05-23,BACS VELOCITY EQUIPMENT CO LTD VE-01699,-84804.0,6440615.41
2024-05-23,CARDPAY SETTLEMENT 20240522,71272.29,6511887.7
2024-05-24,CARDPAY SETTLEMENT 20240523,71272.29,6583159.99
2024-05-24,MKTPLACE PAYOUT S-0034,411711.06,6994871.05
2024-05-25,CARDPAY SETTLEMENT 20240524,75023.48,7069894.53
2024-05-26,CARDPAY SETTLEMENT 20240525,75023.48,7144918.01
2024-05-27,BACS NORTHFIELD SPORTSWEAR LTD NS008669,-57604.26,7087313.75
2024-05-27,BACS PEAK FOOTWEAR DISTRIBUTION LTD PFD/04857,-56498.75,7030815.0
2024-05-27,BACS VELOCITY EQUIPMENT CO LTD VE-01700,-67658.11,6963156.89
2024-05-27,CARDPAY SETTLEMENT 20240526,86276.99,7049433.88
2024-05-28,BACS VELOCITY EQUIPMENT CO LTD VE-01701,-79463.13,6969970.75
2024-05-28,CARDPAY SETTLEMENT 20240527,82525.82,7052496.57
2024-05-29,BACS VELOCITY EQUIPMENT CO LTD VE-01702,-23794.76,7028701.81
2024-05-29,CARDPAY SETTLEMENT 20240528,71272.29,7099974.1
2024-05-30,BACS LINKPARTNER AFFILIATES LTD LPA-06140,-19833.53,7080140.57
2024-05-30,BACS SEARCHLY ADS LTD SRCH-07507,-119001.17,6961139.4
2024-05-30,BACS SOCIALREACH MEDIA LTD SRM04341,-59500.58,6901638.82
2024-05-30,CARDPAY SETTLEMENT 20240529,71272.29,6972911.11
2024-05-31,BACS ASHCOMBE & ROWE LLP AR-4282,-50706.14,6922204.97
2024-05-31,BACS CLOUDSTACK SOFTWARE LTD CS-07617,-69720.94,6852484.03
2024-05-31,BACS HARBOURLINE INSURANCE LTD HI02491,-31691.33,6820792.7
2024-05-31,BACS KESTREL GRID ENERGY LTD KGE002519,-38029.6,6782763.1
2024-05-31,BACS MIDSHIRE LOGISTICS PARK LTD MLP8424,-126765.34,6655997.76
2024-05-31,BACS PEAK FOOTWEAR DISTRIBUTION LTD PFD/04858,-55812.05,6600185.71
2024-05-31,BACS SUMMIT OUTDOOR GOODS LTD SOG-06417,-20882.14,6579303.57
2024-05-31,CARDPAY SETTLEMENT 20240530,71272.29,6650575.86
2024-05-31,PAYROLL 2024-05,-509460.34,6141115.52
2024-06-01,CARDPAY SETTLEMENT 20240531,75023.54,6216139.06
2024-06-02,CARDPAY SETTLEMENT 20240601,83952.12,6300091.18
2024-06-03,BACS PARCELCO LTD PC-003702,-107932.78,6192158.4
2024-06-03,BACS PARCELCO LTD PC-003704,-66487.59,6125670.81
2024-06-03,BACS PEAK FOOTWEAR DISTRIBUTION LTD PFD/04859,-66116.01,6059554.8
2024-06-03,CARDPAY SETTLEMENT 20240602,96544.94,6156099.74
2024-06-04,CARDPAY SETTLEMENT 20240603,92347.34,6248447.08
2024-06-05,CARDPAY SETTLEMENT 20240604,79754.52,6328201.6
2024-06-06,BACS VELOCITY EQUIPMENT CO LTD VE-01703,-101423.12,6226778.48
2024-06-06,CARDPAY SETTLEMENT 20240605,79754.52,6306533.0
2024-06-07,BACS STRIDE APPAREL LTD SA01176,-98320.74,6208212.26
2024-06-07,CARDPAY SETTLEMENT 20240606,79754.52,6287966.78
2024-06-07,MKTPLACE PAYOUT S-0035,422679.71,6710646.49
2024-06-08,CARDPAY SETTLEMENT 20240607,83952.12,6794598.61
2024-06-09,CARDPAY SETTLEMENT 20240608,83952.12,6878550.73
2024-06-10,BACS STRIDE APPAREL LTD SA01177,-99385.76,6779164.97
2024-06-10,CARDPAY SETTLEMENT 20240609,96544.94,6875709.91
2024-06-11,BACS NORTHFIELD SPORTSWEAR LTD NS008670,-84427.1,6791282.81
2024-06-11,BACS VELOCITY EQUIPMENT CO LTD VE-01704,-39020.42,6752262.39
2024-06-11,CARDPAY SETTLEMENT 20240610,92347.34,6844609.73
2024-06-12,CARDPAY SETTLEMENT 20240611,79754.52,6924364.25
2024-06-13,BACS VELOCITY EQUIPMENT CO LTD VE-01705,-88897.64,6835466.61
2024-06-13,CARDPAY SETTLEMENT 20240612,79754.52,6915221.13
2024-06-14,BACS BRIGHTDESK IT LTD BIT05884,-70000,6845221.13
2024-06-14,BACS VELOCITY EQUIPMENT CO LTD VE-01706,-97389.23,6747831.9
2024-06-14,CARDPAY SETTLEMENT 20240613,79754.52,6827586.42
2024-06-15,CARDPAY SETTLEMENT 20240614,83952.12,6911538.54
2024-06-16,CARDPAY SETTLEMENT 20240615,83952.12,6995490.66
2024-06-17,BACS APEX ATHLETIC SUPPLY LTD APX-01930,-63568.79,6931921.87
2024-06-17,BACS NORTHFIELD SPORTSWEAR LTD NS008671,-74203.71,6857718.16
2024-06-17,BACS PARCELCO LTD PC-003703,-115057.09,6742661.07
2024-06-17,BACS PARCELCO LTD PC-003705,-70876.16,6671784.91
2024-06-17,BACS SUMMIT OUTDOOR GOODS LTD SOG-06418,-111817.3,6559967.61
2024-06-17,CARDPAY SETTLEMENT 20240616,96544.94,6656512.55
2024-06-18,BACS VELOCITY EQUIPMENT CO LTD VE-01707,-19771.31,6636741.24
2024-06-18,CARDPAY SETTLEMENT 20240617,92347.34,6729088.58
2024-06-19,BACS VELOCITY EQUIPMENT CO LTD VE-01708,-91952.51,6637136.07
2024-06-19,CARDPAY SETTLEMENT 20240618,79754.52,6716890.59
2024-06-20,BACS PEAK FOOTWEAR DISTRIBUTION LTD PFD/04860,-53979.35,6662911.24
2024-06-20,BACS STRIDE APPAREL LTD SA01178,-24713.15,6638198.09
2024-06-20,BACS VELOCITY EQUIPMENT CO LTD VE-01709,-56212.41,6581985.68
2024-06-20,CARDPAY SETTLEMENT 20240619,79754.52,6661740.2
2024-06-21,CARDPAY SETTLEMENT 20240620,79754.52,6741494.72
2024-06-21,MKTPLACE PAYOUT S-0036,448796.06,7190290.78
2024-06-22,CARDPAY SETTLEMENT 20240621,83952.12,7274242.9
2024-06-23,CARDPAY SETTLEMENT 20240622,83952.12,7358195.02
2024-06-24,BACS NORTHFIELD SPORTSWEAR LTD NS008672,-23874.14,7334320.88
2024-06-24,BACS NORTHFIELD SPORTSWEAR LTD NS008673,-67862.68,7266458.2
2024-06-24,BACS NORTHFIELD SPORTSWEAR LTD NS008674,-99710.07,7166748.13
2024-06-24,BACS SUMMIT OUTDOOR GOODS LTD SOG-06419,-71968.22,7094779.91
2024-06-24,BACS VELOCITY EQUIPMENT CO LTD VE-01710,-29779.21,7065000.7
2024-06-24,BACS VELOCITY EQUIPMENT CO LTD VE-01711,-50448.61,7014552.09
2024-06-24,CARDPAY SETTLEMENT 20240623,96544.94,7111097.03
2024-06-25,BACS STRIDE APPAREL LTD SA01179,-44933.92,7066163.11
2024-06-25,CARDPAY SETTLEMENT 20240624,92347.34,7158510.45
2024-06-26,CARDPAY SETTLEMENT 20240625,79754.52,7238264.97
2024-06-27,CARDPAY SETTLEMENT 20240626,79754.52,7318019.49
2024-06-28,CARDPAY SETTLEMENT 20240627,79754.52,7397774.01
2024-06-28,PAYROLL 2024-06,-509126.62,6888647.39
2024-06-29,CARDPAY SETTLEMENT 20240628,83952.12,6972599.51
2024-06-30,CARDPAY SETTLEMENT 20240629,83952.12,7056551.63
2024-07-01,BACS APEX ATHLETIC SUPPLY LTD APX-01931,-100667.88,6955883.75
2024-07-01,BACS ASHCOMBE & ROWE LLP AR-4283,-48047.78,6907835.97
2024-07-01,BACS CLOUDSTACK SOFTWARE LTD CS-07618,-66065.7,6841770.27
2024-07-01,BACS HARBOURLINE INSURANCE LTD HI02492,-30029.86,6811740.41
2024-07-01,BACS KESTREL GRID ENERGY LTD KGE002520,-36035.84,6775704.57
2024-07-01,BACS LINKPARTNER AFFILIATES LTD LPA-06141,-25615.62,6750088.95
2024-07-01,BACS MIDSHIRE LOGISTICS PARK LTD MLP8425,-120119.45,6629969.5
2024-07-01,BACS SEARCHLY ADS LTD SRCH-07508,-153693.76,6476275.74
2024-07-01,BACS SOCIALREACH MEDIA LTD SRM04342,-76846.88,6399428.86
2024-07-01,BACS STRIDE APPAREL LTD SA01180,-63552.85,6335876.01
2024-07-01,CARDPAY SETTLEMENT 20240630,96545.02,6432421.03
2024-07-02,BACS NORTHFIELD SPORTSWEAR LTD NS008675,-47782.55,6384638.48
2024-07-02,BACS PARCELCO LTD PC-003706,-118562.85,6266075.63
2024-07-02,BACS PARCELCO LTD PC-003708,-76890.87,6189184.76
2024-07-02,CARDPAY SETTLEMENT 20240701,97665.47,6286850.23
2024-07-03,CARDPAY SETTLEMENT 20240702,84347.46,6371197.69
2024-07-04,CARDPAY SETTLEMENT 20240703,84347.46,6455545.15
2024-07-05,CARDPAY SETTLEMENT 20240704,84347.46,6539892.61
2024-07-05,MKTPLACE PAYOUT S-0037,445304.77,6985197.38
2024-07-06,CARDPAY SETTLEMENT 20240705,88786.8,7073984.18
2024-07-07,CARDPAY SETTLEMENT 20240706,88786.8,7162770.98
2024-07-08,BACS APEX ATHLETIC SUPPLY LTD APX-01932,-82538.32,7080232.66
2024-07-08,CARDPAY SETTLEMENT 20240707,102104.81,7182337.47
2024-07-09,BACS STRIDE APPAREL LTD SA01181,-115546.58,7066790.89
2024-07-09,BACS STRIDE APPAREL LTD SA01182,-52908.65,7013882.24
2024-07-09,BACS SUMMIT OUTDOOR GOODS LTD SOG-06420,-44628.96,6969253.28
2024-07-09,CARDPAY SETTLEMENT 20240708,97665.47,7066918.75
2024-07-10,CARDPAY SETTLEMENT 20240709,84347.46,7151266.21
2024-07-11,BACS APEX ATHLETIC SUPPLY LTD APX-01933,-70568.47,7080697.74
2024-07-11,BACS FULCRUM AUTOMATION LTD FA-03857,-70000,7010697.74
2024-07-11,CARDPAY SETTLEMENT 20240710,84347.46,7095045.2
2024-07-12,BACS PEAK FOOTWEAR DISTRIBUTION LTD PFD/04861,-109736.83,6985308.37
2024-07-12,BACS SUMMIT OUTDOOR GOODS LTD SOG-06421,-32166.19,6953142.18
2024-07-12,CARDPAY SETTLEMENT 20240711,84347.46,7037489.64
2024-07-13,CARDPAY SETTLEMENT 20240712,88786.8,7126276.44
2024-07-14,CARDPAY SETTLEMENT 20240713,88786.8,7215063.24
2024-07-15,BACS NORTHFIELD SPORTSWEAR LTD NS008676,-56551.5,7158511.74
2024-07-15,BACS NORTHFIELD SPORTSWEAR LTD NS008677,-89633.39,7068878.35
2024-07-15,BACS PEAK FOOTWEAR DISTRIBUTION LTD PFD/04862,-61981.09,7006897.26
2024-07-15,BACS STRIDE APPAREL LTD SA01183,-86205.42,6920691.84
2024-07-15,BACS VELOCITY EQUIPMENT CO LTD VE-01712,-88682.03,6832009.81
2024-07-15,CARDPAY SETTLEMENT 20240714,102104.81,6934114.62
2024-07-16,BACS APEX ATHLETIC SUPPLY LTD APX-01934,-87434.9,6846679.72
2024-07-16,BACS STRIDE APPAREL LTD SA01184,-118515.51,6728164.21
2024-07-16,CARDPAY SETTLEMENT 20240715,97665.47,6825829.68
2024-07-17,BACS PARCELCO LTD PC-003707,-119732.84,6706096.84
2024-07-17,BACS PARCELCO LTD PC-003709,-77649.71,6628447.13
2024-07-17,CARDPAY SETTLEMENT 20240716,84347.46,6712794.59
2024-07-18,BACS STRIDE APPAREL LTD SA01185,-71118.6,6641675.99
2024-07-18,BACS STRIDE APPAREL LTD SA01186,-125102.94,6516573.05
2024-07-18,CARDPAY SETTLEMENT 20240717,84347.46,6600920.51
2024-07-19,BACS APEX ATHLETIC SUPPLY LTD APX-01935,-75703.54,6525216.97
2024-07-19,CARDPAY SETTLEMENT 20240718,84347.46,6609564.43
2024-07-19,MKTPLACE PAYOUT S-0038,440109.14,7049673.57
2024-07-20,CARDPAY SETTLEMENT 20240719,88786.8,7138460.37
2024-07-21,CARDPAY SETTLEMENT 20240720,88786.8,7227247.17
2024-07-22,BACS STRIDE APPAREL LTD SA01187,-69832.19,7157414.98
2024-07-22,CARDPAY SETTLEMENT 20240721,102104.81,7259519.79
2024-07-23,BACS STRIDE APPAREL LTD SA01188,-48539.78,7210980.01
2024-07-23,BACS SUMMIT OUTDOOR GOODS LTD SOG-06422,-42785.01,7168195.0
2024-07-23,BACS VELOCITY EQUIPMENT CO LTD VE-01713,-87162.89,7081032.11
2024-07-23,CARDPAY SETTLEMENT 20240722,97665.47,7178697.58
2024-07-24,BACS STRIDE APPAREL LTD SA01189,-94032.1,7084665.48
2024-07-24,CARDPAY SETTLEMENT 20240723,84347.46,7169012.94
2024-07-25,BACS APEX ATHLETIC SUPPLY LTD APX-01936,-85657.66,7083355.28
2024-07-25,BACS STRIDE APPAREL LTD SA01190,-119096.82,6964258.46
2024-07-25,CARDPAY SETTLEMENT 20240724,84347.46,7048605.92
2024-07-26,CARDPAY SETTLEMENT 20240725,84347.46,7132953.38
2024-07-27,CARDPAY SETTLEMENT 20240726,88786.8,7221740.18
2024-07-28,CARDPAY SETTLEMENT 20240727,88786.8,7310526.98
2024-07-29,BACS NORTHFIELD SPORTSWEAR LTD NS008678,-65677.34,7244849.64
2024-07-29,CARDPAY SETTLEMENT 20240728,102104.81,7346954.45
2024-07-30,BACS LINKPARTNER AFFILIATES LTD LPA-06142,-26724.04,7320230.41
2024-07-30,BACS SEARCHLY ADS LTD SRCH-07509,-160344.2,7159886.21
2024-07-30,BACS SOCIALREACH MEDIA LTD SRM04343,-80172.1,7079714.11
2024-07-30,CARDPAY SETTLEMENT 20240729,97665.47,7177379.58
2024-07-31,BACS ASHCOMBE & ROWE LLP AR-4284,-46322.49,7131057.09
2024-07-31,BACS CLOUDSTACK SOFTWARE LTD CS-07619,-63693.42,7067363.67
2024-07-31,BACS HARBOURLINE INSURANCE LTD HI02493,-28951.55,7038412.12
2024-07-31,BACS KESTREL GRID ENERGY LTD KGE002521,-34741.86,7003670.26
2024-07-31,BACS MIDSHIRE LOGISTICS PARK LTD MLP8426,-115806.22,6887864.04
2024-07-31,CARDPAY SETTLEMENT 20240730,84347.46,6972211.5
2024-07-31,PAYROLL 2024-07,-522491.12,6449720.38
2024-08-01,BACS PARCELCO LTD PC-003710,-124651.36,6325069.02
2024-08-01,BACS PARCELCO LTD PC-003712,-70660.25,6254408.77
2024-08-01,CARDPAY SETTLEMENT 20240731,84347.5,6338756.27
2024-08-02,CARDPAY SETTLEMENT 20240801,87198.93,6425955.2
2024-08-02,MKTPLACE PAYOUT S-0039,440109.14,6866064.34
2024-08-03,CARDPAY SETTLEMENT 20240802,91788.34,6957852.68
2024-08-04,CARDPAY SETTLEMENT 20240803,91788.34,7049641.02
2024-08-05,BACS APEX ATHLETIC SUPPLY LTD APX-01937,-104701.25,6944939.77
2024-08-05,BACS VELOCITY EQUIPMENT CO LTD VE-01714,-95001.08,6849938.69
2024-08-05,CARDPAY SETTLEMENT 20240804,105556.59,6955495.28
2024-08-06,BACS VELOCITY EQUIPMENT CO LTD VE-01715,-119031.47,6836463.81
2024-08-06,CARDPAY SETTLEMENT 20240805,100967.18,6937430.99
2024-08-07,CARDPAY SETTLEMENT 20240806,87198.93,7024629.92
2024-08-08,CARDPAY SETTLEMENT 20240807,87198.93,7111828.85
2024-08-09,CARDPAY SETTLEMENT 20240808,87198.93,7199027.78
2024-08-10,CARDPAY SETTLEMENT 20240809,91788.34,7290816.12
2024-08-11,CARDPAY SETTLEMENT 20240810,91788.34,7382604.46
2024-08-12,BACS APEX ATHLETIC SUPPLY LTD APX-01938,-90403.15,7292201.31
2024-08-12,BACS NORTHFIELD SPORTSWEAR LTD NS008679,-49549.51,7242651.8
2024-08-12,BACS PEAK FOOTWEAR DISTRIBUTION LTD PFD/04863,-63112.24,7179539.56
2024-08-12,BACS VELOCITY EQUIPMENT CO LTD VE-01716,-98265.8,7081273.76
2024-08-12,CARDPAY SETTLEMENT 20240811,105556.59,7186830.35
2024-08-13,CARDPAY SETTLEMENT 20240812,100967.18,7287797.53
2024-08-14,BACS NORTHFIELD SPORTSWEAR LTD NS008680,-97401.93,7190395.6
2024-08-14,CARDPAY SETTLEMENT 20240813,87198.93,7277594.53
2024-08-15,BACS BRIGHTDESK IT LTD BIT05885,-70000,7207594.53
2024-08-15,CARDPAY SETTLEMENT 20240814,87198.93,7294793.46
2024-08-16,CARDPAY SETTLEMENT 20240815,87198.93,7381992.39
2024-08-16,MKTPLACE PAYOUT S-0040,473184.4,7855176.79
2024-08-17,CARDPAY SETTLEMENT 20240816,91788.34,7946965.13
2024-08-18,CARDPAY SETTLEMENT 20240817,91788.34,8038753.47
2024-08-19,BACS PARCELCO LTD PC-003711,-131169.0,7907584.47
2024-08-19,BACS PARCELCO LTD PC-003713,-74354.86,7833229.61
2024-08-19,BACS VELOCITY EQUIPMENT CO LTD VE-01717,-58438.55,7774791.06
2024-08-19,CARDPAY SETTLEMENT 20240818,105556.59,7880347.65
2024-08-20,CARDPAY SETTLEMENT 20240819,100967.18,7981314.83
2024-08-21,BACS NORTHFIELD SPORTSWEAR LTD NS008681,-126960.32,7854354.51
2024-08-21,BACS VELOCITY EQUIPMENT CO LTD VE-01718,-41315.66,7813038.85
2024-08-21,CARDPAY SETTLEMENT 20240820,87198.93,7900237.78
2024-08-22,CARDPAY SETTLEMENT 20240821,87198.93,7987436.71
2024-08-23,CARDPAY SETTLEMENT 20240822,87198.93,8074635.64
2024-08-24,CARDPAY SETTLEMENT 20240823,91788.34,8166423.98
2024-08-25,CARDPAY SETTLEMENT 20240824,91788.34,8258212.32
2024-08-26,CARDPAY SETTLEMENT 20240825,105556.59,8363768.91
2024-08-27,BACS VELOCITY EQUIPMENT CO LTD VE-01719,-101651.32,8262117.59
2024-08-27,CARDPAY SETTLEMENT 20240826,100967.18,8363084.77
2024-08-28,BACS VELOCITY EQUIPMENT CO LTD VE-01720,-122142.28,8240942.49
2024-08-28,CARDPAY SETTLEMENT 20240827,87198.93,8328141.42
2024-08-29,BACS PEAK FOOTWEAR DISTRIBUTION LTD PFD/04864,-156804.41,8171337.01
2024-08-29,BACS STRIDE APPAREL LTD SA01191,-94031.13,8077305.88
2024-08-29,CARDPAY SETTLEMENT 20240828,87198.93,8164504.81
2024-08-30,BACS LINKPARTNER AFFILIATES LTD LPA-06143,-27825.3,8136679.51
2024-08-30,BACS SEARCHLY ADS LTD SRCH-07510,-166951.78,7969727.73
2024-08-30,BACS SOCIALREACH MEDIA LTD SRM04344,-83475.89,7886251.84
2024-08-30,BACS SUMMIT OUTDOOR GOODS LTD SOG-06423,-148788.63,7737463.21
2024-08-30,CARDPAY SETTLEMENT 20240829,87198.93,7824662.14
2024-08-30,MKTPLACE PAYOUT S-0041,475555.86,8300218.0
2024-08-30,PAYROLL 2024-08,-520705.22,7779512.78
2024-08-31,CARDPAY SETTLEMENT 20240830,91788.34,7871301.12
2024-09-01,CARDPAY SETTLEMENT 20240831,91788.23,7963089.35
2024-09-02,BACS ASHCOMBE & ROWE LLP AR-4285,-47840.87,7915248.48
2024-09-02,BACS CLOUDSTACK SOFTWARE LTD CS-07620,-65781.2,7849467.28
2024-09-02,BACS HARBOURLINE INSURANCE LTD HI02494,-29900.54,7819566.74
2024-09-02,BACS KESTREL GRID ENERGY LTD KGE002522,-35880.65,7783686.09
2024-09-02,BACS MIDSHIRE LOGISTICS PARK LTD MLP8427,-119602.18,7664083.91
2024-09-02,BACS NORTHFIELD SPORTSWEAR LTD NS008682,-91319.67,7572764.24
2024-09-02,BACS NORTHFIELD SPORTSWEAR LTD NS008683,-135061.87,7437702.37
2024-09-02,BACS PARCELCO LTD PC-003714,-133659.74,7304042.63
2024-09-02,BACS PARCELCO LTD PC-003716,-76077.86,7227964.77
2024-09-02,BACS SUMMIT OUTDOOR GOODS LTD SOG-06424,-40504.32,7187460.45
2024-09-02,BACS VELOCITY EQUIPMENT CO LTD VE-01721,-104869.08,7082591.37
2024-09-02,BACS VELOCITY EQUIPMENT CO LTD VE-01722,-140628.57,6941962.8
2024-09-02,BACS VELOCITY EQUIPMENT CO LTD VE-01723,-49681.89,6892280.91
2024-09-02,CARDPAY SETTLEMENT 20240901,100280.25,6992561.16
2024-09-03,CARDPAY SETTLEMENT 20240902,95920.24,7088481.4
2024-09-04,BACS APEX ATHLETIC SUPPLY LTD APX-01939,-77088.74,7011392.66
2024-09-04,CARDPAY SETTLEMENT 20240903,82840.2,7094232.86
2024-09-05,CARDPAY SETTLEMENT 20240904,82840.2,7177073.06
2024-09-06,BACS PEAK FOOTWEAR DISTRIBUTION LTD PFD/04865,-72557.66,7104515.4
2024-09-06,BACS PEAK FOOTWEAR DISTRIBUTION LTD PFD/04866,-33552.69,7070962.71
2024-09-06,BACS SUMMIT OUTDOOR GOODS LTD SOG-06425,-63042.78,7007919.93
2024-09-06,CARDPAY SETTLEMENT 20240905,82840.2,7090760.13
2024-09-07,CARDPAY SETTLEMENT 20240906,87200.21,7177960.34
2024-09-08,CARDPAY SETTLEMENT 20240907,87200.21,7265160.55
2024-09-09,BACS SUMMIT OUTDOOR GOODS LTD SOG-06426,-105568.63,7159591.92
2024-09-09,CARDPAY SETTLEMENT 20240908,100280.25,7259872.17
2024-09-10,CARDPAY SETTLEMENT 20240909,95920.24,7355792.41
2024-09-11,CARDPAY SETTLEMENT 20240910,82840.2,7438632.61
2024-09-12,CARDPAY SETTLEMENT 20240911,82840.2,7521472.81
2024-09-13,BACS FULCRUM AUTOMATION LTD FA-03858,-70000,7451472.81
2024-09-13,CARDPAY SETTLEMENT 20240912,82840.2,7534313.01
2024-09-13,MKTPLACE PAYOUT S-0042,461652.58,7995965.59
2024-09-14,CARDPAY SETTLEMENT 20240913,87200.21,8083165.8
2024-09-15,CARDPAY SETTLEMENT 20240914,87200.21,8170366.01
2024-09-16,BACS APEX ATHLETIC SUPPLY LTD APX-01940,-91666.03,8078699.98
2024-09-16,BACS PEAK FOOTWEAR DISTRIBUTION LTD PFD/04867,-137845.84,7940854.14
2024-09-16,BACS STRIDE APPAREL LTD SA01192,-120388.51,7820465.63
2024-09-16,BACS SUMMIT OUTDOOR GOODS LTD SOG-06427,-102592.33,7717873.3
2024-09-16,BACS SUMMIT OUTDOOR GOODS LTD SOG-06428,-112855.08,7605018.22
2024-09-16,BACS VELOCITY EQUIPMENT CO LTD VE-01724,-103987.17,7501031.05
2024-09-16,CARDPAY SETTLEMENT 20240915,100280.25,7601311.3
2024-09-17,BACS PARCELCO LTD PC-003715,-142923.29,7458388.01
2024-09-17,BACS PARCELCO LTD PC-003717,-81350.56,7377037.45
2024-09-17,BACS PEAK FOOTWEAR DISTRIBUTION LTD PFD/04868,-65115.01,7311922.44
2024-09-17,CARDPAY SETTLEMENT 20240916,95920.24,7407842.68
2024-09-18,CARDPAY SETTLEMENT 20240917,82840.2,7490682.88
2024-09-19,BACS APEX ATHLETIC SUPPLY LTD APX-01941,-160579.83,7330103.05
2024-09-19,CARDPAY SETTLEMENT 20240918,82840.2,7412943.25
2024-09-20,CARDPAY SETTLEMENT 20240919,82840.2,7495783.45
2024-09-21,CARDPAY SETTLEMENT 20240920,87200.21,7582983.66
2024-09-22,CARDPAY SETTLEMENT 20240921,87200.21,7670183.87
2024-09-23,BACS SUMMIT OUTDOOR GOODS LTD SOG-06429,-75925.98,7594257.89
2024-09-23,BACS VELOCITY EQUIPMENT CO LTD VE-01725,-37770.88,7556487.01
2024-09-23,BACS VELOCITY EQUIPMENT CO LTD VE-01726,-165705.98,7390781.03
2024-09-23,CARDPAY SETTLEMENT 20240922,100280.25,7491061.28
2024-09-24,CARDPAY SETTLEMENT 20240923,95920.24,7586981.52
2024-09-25,BACS PEAK FOOTWEAR DISTRIBUTION LTD PFD/04869,-53002.18,7533979.34
2024-09-25,BACS SUMMIT OUTDOOR GOODS LTD SOG-06430,-75202.99,7458776.35
2024-09-25,CARDPAY SETTLEMENT 20240924,82840.2,7541616.55
2024-09-26,CARDPAY SETTLEMENT 20240925,82840.2,7624456.75
2024-09-27,CARDPAY SETTLEMENT 20240926,82840.2,7707296.95
2024-09-27,MKTPLACE PAYOUT S-0043,456388.3,8163685.25
2024-09-28,CARDPAY SETTLEMENT 20240927,87200.21,8250885.46
2024-09-29,CARDPAY SETTLEMENT 20240928,87200.21,8338085.67
2024-09-30,BACS LINKPARTNER AFFILIATES LTD LPA-06144,-27743.92,8310341.75
2024-09-30,BACS NORTHFIELD SPORTSWEAR LTD NS008684,-77118.04,8233223.71
2024-09-30,BACS NORTHFIELD SPORTSWEAR LTD NS008685,-103331.51,8129892.2
2024-09-30,BACS SEARCHLY ADS LTD SRCH-07511,-166463.51,7963428.69
2024-09-30,BACS SOCIALREACH MEDIA LTD SRM04345,-83231.75,7880196.94
2024-09-30,CARDPAY SETTLEMENT 20240929,100280.25,7980477.19
2024-09-30,PAYROLL 2024-09,-532170.81,7448306.38
2024-10-01,BACS ASHCOMBE & ROWE LLP AR-4286,-47756.52,7400549.86
2024-10-01,BACS CLOUDSTACK SOFTWARE LTD CS-07621,-65665.22,7334884.64
2024-10-01,BACS HARBOURLINE INSURANCE LTD HI02495,-29847.84,7305036.8
2024-10-01,BACS KESTREL GRID ENERGY LTD KGE002523,-35817.39,7269219.41
2024-10-01,BACS MIDSHIRE LOGISTICS PARK LTD MLP8428,-119391.31,7149828.1
2024-10-01,BACS NORTHFIELD SPORTSWEAR LTD NS008686,-104919.89,7044908.21
2024-10-01,BACS STRIDE APPAREL LTD SA01193,-86063.34,6958844.87
2024-10-01,CARDPAY SETTLEMENT 20240930,95920.24,7054765.11
2024-10-02,BACS NORTHFIELD SPORTSWEAR LTD NS008687,-119454.12,6935310.99
2024-10-02,BACS PARCELCO LTD PC-003718,-120516.37,6814794.62
2024-10-02,BACS PARCELCO LTD PC-003720,-75069.31,6739725.31
2024-10-02,CARDPAY SETTLEMENT 20241001,74786.44,6814511.75
2024-10-03,BACS STRIDE APPAREL LTD SA01194,-87029.29,6727482.46
2024-10-03,CARDPAY SETTLEMENT 20241002,74786.44,6802268.9
2024-10-04,BACS APEX ATHLETIC SUPPLY LTD APX-01942,-45939.79,6756329.11
2024-10-04,BACS PEAK FOOTWEAR DISTRIBUTION LTD PFD/04870,-39673.53,6716655.58
2024-10-04,CARDPAY SETTLEMENT 20241003,74786.44,6791442.02
2024-10-05,CARDPAY SETTLEMENT 20241004,78722.57,6870164.59
2024-10-06,CARDPAY SETTLEMENT 20241005,78722.57,6948887.16
2024-10-07,BACS STRIDE APPAREL LTD SA01195,-121351.36,6827535.8
2024-10-07,BACS STRIDE APPAREL LTD SA01196,-83010.0,6744525.8
2024-10-07,BACS STRIDE APPAREL LTD SA01197,-24562.47,6719963.33
2024-10-07,CARDPAY SETTLEMENT 20241006,90530.96,6810494.29
2024-10-08,BACS STRIDE APPAREL LTD SA01198,-106112.76,6704381.53
2024-10-08,CARDPAY SETTLEMENT 20241007,86594.83,6790976.36
2024-10-09,BACS BRIGHTDESK IT LTD BIT05886,-70000,6720976.36
2024-10-09,BACS VELOCITY EQUIPMENT CO LTD VE-01727,-47145.81,6673830.55
2024-10-09,CARDPAY SETTLEMENT 20241008,74786.44,6748616.99
2024-10-10,CARDPAY SETTLEMENT 20241009,74786.44,6823403.43
2024-10-11,CARDPAY SETTLEMENT 20241010,74786.44,6898189.87
2024-10-11,MKTPLACE PAYOUT S-0044,421527.27,7319717.14
2024-10-12,CARDPAY SETTLEMENT 20241011,78722.57,7398439.71
2024-10-13,CARDPAY SETTLEMENT 20241012,78722.57,7477162.28
2024-10-14,BACS PEAK FOOTWEAR DISTRIBUTION LTD PFD/04871,-75763.65,7401398.63
2024-10-14,BACS VELOCITY EQUIPMENT CO LTD VE-01728,-85020.09,7316378.54
2024-10-14,BACS VELOCITY EQUIPMENT CO LTD VE-01729,-129538.12,7186840.42
2024-10-14,CARDPAY SETTLEMENT 20241013,90530.96,7277371.38
2024-10-15,BACS NORTHFIELD SPORTSWEAR LTD NS008688,-66243.93,7211127.45
2024-10-15,CARDPAY SETTLEMENT 20241014,86594.83,7297722.28
2024-10-16,CARDPAY SETTLEMENT 20241015,74786.44,7372508.72
2024-10-17,BACS PARCELCO LTD PC-003719,-120123.82,7252384.9
2024-10-17,BACS PARCELCO LTD PC-003721,-74824.83,7177560.07
2024-10-17,CARDPAY SETTLEMENT 20241016,74786.44,7252346.51
2024-10-18,BACS STRIDE APPAREL LTD SA01199,-159839.16,7092507.35
2024-10-18,CARDPAY SETTLEMENT 20241017,74786.44,7167293.79
2024-10-19,CARDPAY SETTLEMENT 20241018,78722.57,7246016.36
2024-10-20,CARDPAY SETTLEMENT 20241019,78722.57,7324738.93
2024-10-21,BACS APEX ATHLETIC SUPPLY LTD APX-01943,-97827.03,7226911.9
2024-10-21,BACS NORTHFIELD SPORTSWEAR LTD NS008689,-57351.67,7169560.23
2024-10-21,BACS SUMMIT OUTDOOR GOODS LTD SOG-06431,-29102.02,7140458.21
2024-10-21,CARDPAY SETTLEMENT 20241020,90530.96,7230989.17
2024-10-22,CARDPAY SETTLEMENT 20241021,86594.83,7317584.0
2024-10-23,BACS VELOCITY EQUIPMENT CO LTD VE-01730,-24590.53,7292993.47
2024-10-23,CARDPAY SETTLEMENT 20241022,74786.44,7367779.91
2024-10-24,BACS STRIDE APPAREL LTD SA01200,-153246.4,7214533.51
2024-10-24,CARDPAY SETTLEMENT 20241023,74786.44,7289319.95
2024-10-25,CARDPAY SETTLEMENT 20241024,74786.44,7364106.39
2024-10-25,MKTPLACE PAYOUT S-0045,395814.77,7759921.16
2024-10-26,CARDPAY SETTLEMENT 20241025,78722.57,7838643.73
2024-10-27,CARDPAY SETTLEMENT 20241026,78722.57,7917366.3
2024-10-28,BACS APEX ATHLETIC SUPPLY LTD APX-01944,-38337.64,7879028.66
2024-10-28,BACS APEX ATHLETIC SUPPLY LTD APX-01945,-50683.66,7828345.0
2024-10-28,BACS APEX ATHLETIC SUPPLY LTD APX-01946,-41424.91,7786920.09
2024-10-28,BACS APEX ATHLETIC SUPPLY LTD APX-01947,-89629.48,7697290.61
2024-10-28,CARDPAY SETTLEMENT 20241027,90530.96,7787821.57
2024-10-29,BACS SUMMIT OUTDOOR GOODS LTD SOG-06432,-128008.54,7659813.03
2024-10-29,CARDPAY SETTLEMENT 20241028,86594.83,7746407.86
2024-10-30,BACS LINKPARTNER AFFILIATES LTD LPA-06145,-26795.39,7719612.47
2024-10-30,BACS SEARCHLY ADS LTD SRCH-07512,-160772.35,7558840.12
2024-10-30,BACS SOCIALREACH MEDIA LTD SRM04346,-80386.18,7478453.94
2024-10-30,CARDPAY SETTLEMENT 20241029,74786.44,7553240.38
2024-10-31,BACS ASHCOMBE & ROWE LLP AR-4287,-50144.86,7503095.52
2024-10-31,BACS CLOUDSTACK SOFTWARE LTD CS-07622,-68949.19,7434146.33
2024-10-31,BACS HARBOURLINE INSURANCE LTD HI02496,-31340.53,7402805.8
2024-10-31,BACS KESTREL GRID ENERGY LTD KGE002524,-37608.65,7365197.15
2024-10-31,BACS MIDSHIRE LOGISTICS PARK LTD MLP8429,-125362.16,7239834.99
2024-10-31,BACS NORTHFIELD SPORTSWEAR LTD NS008690,-117653.91,7122181.08
2024-10-31,BACS VELOCITY EQUIPMENT CO LTD VE-01731,-127729.99,6994451.09
2024-10-31,CARDPAY SETTLEMENT 20241030,74786.44,7069237.53
2024-10-31,PAYROLL 2024-10,-496423.14,6572814.39
2024-11-01,BACS PARCELCO LTD PC-003722,-116250.15,6456564.24
2024-11-01,BACS PARCELCO LTD PC-003724,-65563.14,6391001.1
2024-11-01,CARDPAY SETTLEMENT 20241031,74786.35,6465787.45
2024-11-02,CARDPAY SETTLEMENT 20241101,92690.0,6558477.45
2024-11-03,CARDPAY SETTLEMENT 20241102,92690.0,6651167.45
2024-11-04,BACS STRIDE APPAREL LTD SA01201,-49654.74,6601512.71
2024-11-04,CARDPAY SETTLEMENT 20241103,106593.5,6708106.21
2024-11-05,CARDPAY SETTLEMENT 20241104,101959.0,6810065.21
2024-11-06,BACS NORTHFIELD SPORTSWEAR LTD NS008691,-157613.75,6652451.46
2024-11-06,CARDPAY SETTLEMENT 20241105,88055.5,6740506.96
2024-11-07,CARDPAY SETTLEMENT 20241106,88055.5,6828562.46
2024-11-08,BACS PEAK FOOTWEAR DISTRIBUTION LTD PFD/04872,-51953.06,6776609.4
2024-11-08,CARDPAY SETTLEMENT 20241107,88055.5,6864664.9
2024-11-08,MKTPLACE PAYOUT S-0046,439532.49,7304197.39
2024-11-09,CARDPAY SETTLEMENT 20241108,92690.0,7396887.39
2024-11-10,CARDPAY SETTLEMENT 20241109,92690.0,7489577.39
2024-11-11,BACS SUMMIT OUTDOOR GOODS LTD SOG-06433,-50788.47,7438788.92
2024-11-11,CARDPAY SETTLEMENT 20241110,106593.5,7545382.42
2024-11-12,CARDPAY SETTLEMENT 20241111,101959.0,7647341.42
2024-11-13,BACS NORTHFIELD SPORTSWEAR LTD NS008692,-131430.05,7515911.37
2024-11-13,BACS VELOCITY EQUIPMENT CO LTD VE-01732,-139539.65,7376371.72
2024-11-13,CARDPAY SETTLEMENT 20241112,88055.5,7464427.22
2024-11-14,CARDPAY SETTLEMENT 20241113,88055.5,7552482.72
2024-11-15,CARDPAY SETTLEMENT 20241114,88055.5,7640538.22
2024-11-16,CARDPAY SETTLEMENT 20241115,92690.0,7733228.22
2024-11-17,CARDPAY SETTLEMENT 20241116,92690.0,7825918.22
2024-11-18,BACS APEX ATHLETIC SUPPLY LTD APX-01948,-69598.96,7756319.26
2024-11-18,BACS FULCRUM AUTOMATION LTD FA-03859,-70000,7686319.26
2024-11-18,BACS PARCELCO LTD PC-003723,-123539.81,7562779.45
2024-11-18,BACS PARCELCO LTD PC-003725,-69674.24,7493105.21
2024-11-18,BACS STRIDE APPAREL LTD SA01202,-131978.75,7361126.46
2024-11-18,BACS SUMMIT OUTDOOR GOODS LTD SOG-06434,-98641.94,7262484.52
2024-11-18,BACS VELOCITY EQUIPMENT CO LTD VE-01733,-153371.74,7109112.78
2024-11-18,CARDPAY SETTLEMENT 20241117,106593.5,7215706.28
2024-11-19,BACS STRIDE APPAREL LTD SA01203,-37054.54,7178651.74
2024-11-19,BACS STRIDE APPAREL LTD SA01204,-97451.59,7081200.15
2024-11-19,CARDPAY SETTLEMENT 20241118,101959.0,7183159.15
2024-11-20,BACS STRIDE APPAREL LTD SA01205,-67213.69,7115945.46
2024-11-20,CARDPAY SETTLEMENT 20241119,88055.5,7204000.96
2024-11-21,CARDPAY SETTLEMENT 20241120,88055.5,7292056.46
2024-11-22,BACS STRIDE APPAREL LTD SA01206,-42897.13,7249159.33
2024-11-22,CARDPAY SETTLEMENT 20241121,88055.5,7337214.83
2024-11-22,MKTPLACE PAYOUT S-0047,513781.14,7850995.97
2024-11-23,CARDPAY SETTLEMENT 20241122,92690.0,7943685.97
2024-11-24,CARDPAY SETTLEMENT 20241123,92690.0,8036375.97
2024-11-25,BACS NORTHFIELD SPORTSWEAR LTD NS008693,-83362.23,7953013.74
2024-11-25,BACS VELOCITY EQUIPMENT CO LTD VE-01734,-84183.84,7868829.9
2024-11-25,BACS VELOCITY EQUIPMENT CO LTD VE-01735,-64757.66,7804072.24
2024-11-25,BACS VELOCITY EQUIPMENT CO LTD VE-01736,-27552.66,7776519.58
2024-11-25,CARDPAY SETTLEMENT 20241124,106593.5,7883113.08
2024-11-26,BACS VELOCITY EQUIPMENT CO LTD VE-01737,-114802.53,7768310.55
2024-11-26,CARDPAY SETTLEMENT 20241125,101959.0,7870269.55
2024-11-27,CARDPAY SETTLEMENT 20241126,88055.5,7958325.05
2024-11-28,CARDPAY SETTLEMENT 20241127,88055.5,8046380.55
2024-11-29,BACS PEAK FOOTWEAR DISTRIBUTION LTD PFD/04873,-54110.5,7992270.05
2024-11-29,CARDPAY SETTLEMENT 20241128,88055.5,8080325.55
2024-11-29,PAYROLL 2024-11,-528576.1,7551749.45
2024-11-30,CARDPAY SETTLEMENT 20241129,278069.99,7829819.44
2024-12-01,CARDPAY SETTLEMENT 20241130,92689.91,7922509.35
2024-12-02,BACS ASHCOMBE & ROWE LLP AR-4288,-47703.38,7874805.97
2024-12-02,BACS CLOUDSTACK SOFTWARE LTD CS-07623,-65592.15,7809213.82
2024-12-02,BACS HARBOURLINE INSURANCE LTD HI02497,-29814.61,7779399.21
2024-12-02,BACS KESTREL GRID ENERGY LTD KGE002525,-35777.53,7743621.68
2024-12-02,BACS LINKPARTNER AFFILIATES LTD LPA-06146,-25205.01,7718416.67
2024-12-02,BACS MIDSHIRE LOGISTICS PARK LTD MLP8430,-119258.45,7599158.22
2024-12-02,BACS PARCELCO LTD PC-003726,-131524.12,7467634.1
2024-12-02,BACS PARCELCO LTD PC-003728,-83077.61,7384556.49
2024-12-02,BACS SEARCHLY ADS LTD SRCH-07513,-151230.07,7233326.42
2024-12-02,BACS SOCIALREACH MEDIA LTD SRM04347,-75615.04,7157711.38
2024-12-02,CARDPAY SETTLEMENT 20241201,117230.87,7274942.25
2024-12-03,CARDPAY SETTLEMENT 20241202,224267.76,7499210.01
2024-12-04,CARDPAY SETTLEMENT 20241203,96842.9,7596052.91
2024-12-05,CARDPAY SETTLEMENT 20241204,96842.9,7692895.81
2024-12-06,BACS APEX ATHLETIC SUPPLY LTD APX-01949,-68879.1,7624016.71
2024-12-06,BACS NORTHFIELD SPORTSWEAR LTD NS008694,-40020.35,7583996.36
2024-12-06,BACS PEAK FOOTWEAR DISTRIBUTION LTD PFD/04874,-109233.69,7474762.67
2024-12-06,CARDPAY SETTLEMENT 20241205,96842.9,7571605.57
2024-12-06,MKTPLACE PAYOUT S-0048,623723.66,8195329.23
2024-12-07,CARDPAY SETTLEMENT 20241206,101939.89,8297269.12
2024-12-08,CARDPAY SETTLEMENT 20241207,101939.89,8399209.01
2024-12-09,BACS APEX ATHLETIC SUPPLY LTD APX-01950,-65223.39,8333985.62
2024-12-09,BACS APEX ATHLETIC SUPPLY LTD APX-01951,-55428.39,8278557.23
2024-12-09,BACS APEX ATHLETIC SUPPLY LTD APX-01952,-69819.18,8208738.05
2024-12-09,BACS BRIGHTDESK IT LTD BIT05887,-70000,8138738.05
2024-12-09,BACS PEAK FOOTWEAR DISTRIBUTION LTD PFD/04875,-84480.67,8054257.38
2024-12-09,BACS PEAK FOOTWEAR DISTRIBUTION LTD PFD/04876,-102862.91,7951394.47
2024-12-09,CARDPAY SETTLEMENT 20241208,117230.87,8068625.34
2024-12-10,CARDPAY SETTLEMENT 20241209,112133.88,8180759.22
2024-12-11,CARDPAY SETTLEMENT 20241210,96842.9,8277602.12
2024-12-12,CARDPAY SETTLEMENT 20241211,96842.9,8374445.02
2024-12-13,CARDPAY SETTLEMENT 20241212,96842.9,8471287.92
2024-12-14,CARDPAY SETTLEMENT 20241213,101939.89,8573227.81
2024-12-15,CARDPAY SETTLEMENT 20241214,101939.89,8675167.7
2024-12-16,BACS SUMMIT OUTDOOR GOODS LTD SOG-06435,-64494.75,8610672.95
2024-12-16,CARDPAY SETTLEMENT 20241215,117230.87,8727903.82
2024-12-17,BACS PARCELCO LTD PC-003727,-148829.96,8579073.86
2024-12-17,BACS PARCELCO LTD PC-003729,-94008.93,8485064.93
2024-12-17,CARDPAY SETTLEMENT 20241216,112133.88,8597198.81
2024-12-18,BACS PEAK FOOTWEAR DISTRIBUTION LTD PFD/04877,-129033.75,8468165.06
2024-12-18,BACS STRIDE APPAREL LTD SA01207,-130837.2,8337327.86
2024-12-18,CARDPAY SETTLEMENT 20241217,96842.9,8434170.76
2024-12-19,CARDPAY SETTLEMENT 20241218,96842.9,8531013.66
2024-12-20,CARDPAY SETTLEMENT 20241219,96842.9,8627856.56
2024-12-20,MKTPLACE PAYOUT S-0049,506446.58,9134303.14
2024-12-21,CARDPAY SETTLEMENT 20241220,101939.89,9236243.03
2024-12-22,CARDPAY SETTLEMENT 20241221,101939.89,9338182.92
2024-12-23,BACS STRIDE APPAREL LTD SA01208,-100196.56,9237986.36
2024-12-23,BACS STRIDE APPAREL LTD SA01209,-127536.89,9110449.47
2024-12-23,BACS STRIDE APPAREL LTD SA01210,-57773.25,9052676.22
2024-12-23,BACS SUMMIT OUTDOOR GOODS LTD SOG-06436,-38719.16,9013957.06
2024-12-23,BACS SUMMIT OUTDOOR GOODS LTD SOG-06437,-46905.14,8967051.92
2024-12-23,BACS VELOCITY EQUIPMENT CO LTD VE-01738,-84461.66,8882590.26
2024-12-23,CARDPAY SETTLEMENT 20241222,117230.87,8999821.13
2024-12-24,CARDPAY SETTLEMENT 20241223,112133.88,9111955.01
2024-12-25,CARDPAY SETTLEMENT 20241224,96842.9,9208797.91
2024-12-26,BACS VELOCITY EQUIPMENT CO LTD VE-01739,-65622.72,9143175.19
2024-12-26,CARDPAY SETTLEMENT 20241225,29052.87,9172228.06
2024-12-27,BACS APEX ATHLETIC SUPPLY LTD APX-01953,-84155.18,9088072.88
2024-12-27,BACS STRIDE APPAREL LTD SA01211,-23051.93,9065020.95
2024-12-27,CARDPAY SETTLEMENT 20241226,174317.21,9239338.16
2024-12-28,CARDPAY SETTLEMENT 20241227,101939.89,9341278.05
2024-12-29,CARDPAY SETTLEMENT 20241228,101939.89,9443217.94
2024-12-30,BACS APEX ATHLETIC SUPPLY LTD APX-01954,-79288.34,9363929.6
2024-12-30,BACS APEX ATHLETIC SUPPLY LTD APX-01955,-126930.01,9236999.59
2024-12-30,BACS LINKPARTNER AFFILIATES LTD LPA-06147,-31091.52,9205908.07
2024-12-30,BACS NORTHFIELD SPORTSWEAR LTD NS008695,-99197.67,9106710.4
2024-12-30,BACS SEARCHLY ADS LTD SRCH-07514,-186549.13,8920161.27
2024-12-30,BACS SOCIALREACH MEDIA LTD SRM04348,-93274.56,8826886.71
2024-12-30,CARDPAY SETTLEMENT 20241229,117230.87,8944117.58
2024-12-31,BACS ASHCOMBE & ROWE LLP AR-4289,-50844.39,8893273.19
2024-12-31,BACS CLOUDSTACK SOFTWARE LTD CS-07624,-69911.04,8823362.15
2024-12-31,BACS HARBOURLINE INSURANCE LTD HI02498,-31777.75,8791584.4
2024-12-31,BACS KESTREL GRID ENERGY LTD KGE002526,-38133.3,8753451.1
2024-12-31,BACS MIDSHIRE LOGISTICS PARK LTD MLP8431,-127110.98,8626340.12
2024-12-31,BACS PEAK FOOTWEAR DISTRIBUTION LTD PFD/04878,-101674.69,8524665.43
2024-12-31,CARDPAY SETTLEMENT 20241230,112133.88,8636799.31
2024-12-31,PAYROLL 2024-12,-531746.03,8105053.28
2025-01-01,BACS PARCELCO LTD PC-003730,-158748.4,7946304.88
2025-01-01,BACS PARCELCO LTD PC-003732,-88664.92,7857639.96
2025-01-01,BACS PEAK FOOTWEAR DISTRIBUTION LTD PFD/04879,-58132.2,7799507.76
2025-01-01,CARDPAY SETTLEMENT 20241231,96842.85,7896350.61
2025-01-02,BACS APEX ATHLETIC SUPPLY LTD APX-01956,-58976.21,7837374.4
2025-01-02,CARDPAY SETTLEMENT 20250101,79872.75,7917247.15
2025-01-03,CARDPAY SETTLEMENT 20250102,79872.75,7997119.9
2025-01-03,MKTPLACE PAYOUT S-0050,509834.86,8506954.76
2025-01-04,CARDPAY SETTLEMENT 20250103,84076.58,8591031.34
2025-01-05,CARDPAY SETTLEMENT 20250104,84076.58,8675107.92
2025-01-06,BACS APEX ATHLETIC SUPPLY LTD APX-01957,-86784.51,8588323.41
2025-01-06,BACS FULCRUM AUTOMATION LTD FA-03860,-70000,8518323.41
2025-01-06,BACS NORTHFIELD SPORTSWEAR LTD NS008696,-73013.23,8445310.18
2025-01-06,BACS NORTHFIELD SPORTSWEAR LTD NS008697,-127214.39,8318095.79
2025-01-06,CARDPAY SETTLEMENT 20250105,96688.06,8414783.85
2025-01-07,BACS NORTHFIELD SPORTSWEAR LTD NS008698,-91277.02,8323506.83
2025-01-07,CARDPAY SETTLEMENT 20250106,92484.23,8415991.06
2025-01-08,CARDPAY SETTLEMENT 20250107,79872.75,8495863.81
2025-01-09,CARDPAY SETTLEMENT 20250108,79872.75,8575736.56
2025-01-10,BACS NORTHFIELD SPORTSWEAR LTD NS008699,-52085.65,8523650.91
2025-01-10,CARDPAY SETTLEMENT 20250109,79872.75,8603523.66
2025-01-11,CARDPAY SETTLEMENT 20250110,84076.58,8687600.24
2025-01-12,CARDPAY SETTLEMENT 20250111,84076.58,8771676.82
2025-01-13,BACS APEX ATHLETIC SUPPLY LTD APX-01958,-67290.3,8704386.52
2025-01-13,BACS STRIDE APPAREL LTD SA01212,-78859.68,8625526.84
2025-01-13,CARDPAY SETTLEMENT 20250112,96688.06,8722214.9
2025-01-14,CARDPAY SETTLEMENT 20250113,92484.23,8814699.13
2025-01-15,BACS STRIDE APPAREL LTD SA01213,-66442.72,8748256.41
2025-01-15,CARDPAY SETTLEMENT 20250114,79872.75,8828129.16
2025-01-16,BACS APEX ATHLETIC SUPPLY LTD APX-01959,-96871.32,8731257.84
2025-01-16,CARDPAY SETTLEMENT 20250115,79872.75,8811130.59
2025-01-17,BACS NORTHFIELD SPORTSWEAR LTD NS008700,-77253.29,8733877.3
2025-01-17,BACS PARCELCO LTD PC-003731,-157735.15,8576142.15
2025-01-17,BACS PARCELCO LTD PC-003733,-88098.98,8488043.17
2025-01-17,BACS SUMMIT OUTDOOR GOODS LTD SOG-06438,-139804.79,8348238.38
2025-01-17,CARDPAY SETTLEMENT 20250116,79872.75,8428111.13
2025-01-17,MKTPLACE PAYOUT S-0051,445061.42,8873172.55
2025-01-18,CARDPAY SETTLEMENT 20250117,84076.58,8957249.13
2025-01-19,CARDPAY SETTLEMENT 20250118,84076.58,9041325.71
2025-01-20,BACS PEAK FOOTWEAR DISTRIBUTION LTD PFD/04880,-95314.68,8946011.03
2025-01-20,BACS STRIDE APPAREL LTD SA01214,-74171.29,8871839.74
2025-01-20,CARDPAY SETTLEMENT 20250119,96688.06,8968527.8
2025-01-21,BACS APEX ATHLETIC SUPPLY LTD APX-01960,-82486.38,8886041.42
2025-01-21,CARDPAY SETTLEMENT 20250120,92484.23,8978525.65
2025-01-22,BACS APEX ATHLETIC SUPPLY LTD APX-01961,-55545.81,8922979.84
2025-01-22,CARDPAY SETTLEMENT 20250121,79872.75,9002852.59
2025-01-23,CARDPAY SETTLEMENT 20250122,79872.75,9082725.34
2025-01-24,BACS PEAK FOOTWEAR DISTRIBUTION LTD PFD/04881,-111476.33,8971249.01
2025-01-24,BACS STRIDE APPAREL LTD SA01215,-71725.49,8899523.52
2025-01-24,CARDPAY SETTLEMENT 20250123,79872.75,8979396.27
2025-01-25,CARDPAY SETTLEMENT 20250124,84076.58,9063472.85
2025-01-26,CARDPAY SETTLEMENT 20250125,84076.58,9147549.43
2025-01-27,BACS APEX ATHLETIC SUPPLY LTD APX-01962,-60253.28,9087296.15
2025-01-27,BACS NORTHFIELD SPORTSWEAR LTD NS008701,-42588.69,9044707.46
2025-01-27,BACS NORTHFIELD SPORTSWEAR LTD NS008702,-69393.34,8975314.12
2025-01-27,BACS PEAK FOOTWEAR DISTRIBUTION LTD PFD/04882,-95029.11,8880285.01
2025-01-27,BACS PEAK FOOTWEAR DISTRIBUTION LTD PFD/04883,-122119.47,8758165.54
2025-01-27,CARDPAY SETTLEMENT 20250126,96688.06,8854853.6
2025-01-28,CARDPAY SETTLEMENT 20250127,92484.23,8947337.83
2025-01-29,CARDPAY SETTLEMENT 20250128,79872.75,9027210.58
2025-01-30,BACS LINKPARTNER AFFILIATES LTD LPA-06148,-33404.88,8993805.7
2025-01-30,BACS SEARCHLY ADS LTD SRCH-07515,-200429.25,8793376.45
2025-01-30,BACS SOCIALREACH MEDIA LTD SRM04349,-100214.62,8693161.83
2025-01-30,BACS SUMMIT OUTDOOR GOODS LTD SOG-06439,-51312.15,8641849.68
2025-01-30,BACS SUMMIT OUTDOOR GOODS LTD SOG-06440,-139438.49,8502411.19
2025-01-30,CARDPAY SETTLEMENT 20250129,79872.75,8582283.94
2025-01-31,BACS ASHCOMBE & ROWE LLP AR-4290,-47460.99,8534822.95
2025-01-31,BACS CLOUDSTACK SOFTWARE LTD CS-07625,-65258.86,8469564.09
2025-01-31,BACS HARBOURLINE INSURANCE LTD HI02499,-29663.12,8439900.97
2025-01-31,BACS KESTREL GRID ENERGY LTD KGE002527,-35595.74,8404305.23
2025-01-31,BACS MIDSHIRE LOGISTICS PARK LTD MLP8432,-118652.47,8285652.76
2025-01-31,BACS STRIDE APPAREL LTD SA01216,-43494.97,8242157.79
2025-01-31,BACS VELOCITY EQUIPMENT CO LTD VE-01740,-79342.93,8162814.86
2025-01-31,CARDPAY SETTLEMENT 20250130,79872.75,8242687.61
2025-01-31,MKTPLACE PAYOUT S-0052,445061.42,8687749.03
2025-01-31,PAYROLL 2025-01,-510397.23,8177351.8
2025-02-01,CARDPAY SETTLEMENT 20250131,84076.45,8261428.25
2025-02-02,CARDPAY SETTLEMENT 20250201,69801.96,8331230.21
2025-02-03,BACS APEX ATHLETIC SUPPLY LTD APX-01963,-47762.44,8283467.77
2025-02-03,BACS PARCELCO LTD PC-003734,-119555.2,8163912.57
2025-02-03,BACS PARCELCO LTD PC-003736,-70786.41,8093126.16
2025-02-03,BACS STRIDE APPAREL LTD SA01217,-135086.69,7958039.47
2025-02-03,BACS STRIDE APPAREL LTD SA01218,-129555.56,7828483.91
2025-02-03,BACS VELOCITY EQUIPMENT CO LTD VE-01741,-117143.95,7711339.96
2025-02-03,CARDPAY SETTLEMENT 20250202,80272.25,7791612.21
2025-02-04,BACS NORTHFIELD SPORTSWEAR LTD NS008703,-86925.68,7704686.53
2025-02-04,BACS PEAK FOOTWEAR DISTRIBUTION LTD PFD/04884,-108592.76,7596093.77
2025-02-04,CARDPAY SETTLEMENT 20250203,76782.15,7672875.92
2025-02-05,CARDPAY SETTLEMENT 20250204,66311.86,7739187.78
2025-02-06,CARDPAY SETTLEMENT 20250205,66311.86,7805499.64
2025-02-07,BACS APEX ATHLETIC SUPPLY LTD APX-01964,-110207.94,7695291.7
2025-02-07,CARDPAY SETTLEMENT 20250206,66311.86,7761603.56
2025-02-08,CARDPAY SETTLEMENT 20250207,69801.96,7831405.52
2025-02-09,CARDPAY SETTLEMENT 20250208,69801.96,7901207.48
2025-02-10,BACS APEX ATHLETIC SUPPLY LTD APX-01965,-43329.85,7857877.63
2025-02-10,BACS VELOCITY EQUIPMENT CO LTD VE-01742,-86746.87,7771130.76
2025-02-10,CARDPAY SETTLEMENT 20250209,80272.25,7851403.01
2025-02-11,BACS BRIGHTDESK IT LTD BIT05888,-70000,7781403.01
2025-02-11,BACS SUMMIT OUTDOOR GOODS LTD SOG-06441,-102225.18,7679177.83
2025-02-11,CARDPAY SETTLEMENT 20250210,76782.15,7755959.98
2025-02-12,CARDPAY SETTLEMENT 20250211,66311.86,7822271.84
2025-02-13,BACS PEAK FOOTWEAR DISTRIBUTION LTD PFD/04885,-53778.57,7768493.27
2025-02-13,CARDPAY SETTLEMENT 20250212,66311.86,7834805.13
2025-02-14,BACS PEAK FOOTWEAR DISTRIBUTION LTD PFD/04886,-59675.48,7775129.65
2025-02-14,CARDPAY SETTLEMENT 20250213,66311.86,7841441.51
2025-02-14,MKTPLACE PAYOUT S-0053,354644.85,8196086.36
2025-02-15,CARDPAY SETTLEMENT 20250214,69801.96,8265888.32
2025-02-16,CARDPAY SETTLEMENT 20250215,69801.96,8335690.28
2025-02-17,BACS NORTHFIELD SPORTSWEAR LTD NS008704,-33156.87,8302533.41
2025-02-17,BACS PARCELCO LTD PC-003735,-127446.62,8175086.79
2025-02-17,BACS PARCELCO LTD PC-003737,-75458.81,8099627.98
2025-02-17,CARDPAY SETTLEMENT 20250216,80272.25,8179900.23
2025-02-18,BACS NORTHFIELD SPORTSWEAR LTD NS008705,-136631.3,8043268.93
2025-02-18,BACS VELOCITY EQUIPMENT CO LTD VE-01743,-124397.96,7918870.97
2025-02-18,CARDPAY SETTLEMENT 20250217,76782.15,7995653.12
2025-02-19,BACS PEAK FOOTWEAR DISTRIBUTION LTD PFD/04887,-43664.32,7951988.8
2025-02-19,CARDPAY SETTLEMENT 20250218,66311.86,8018300.66
2025-02-20,CARDPAY SETTLEMENT 20250219,66311.86,8084612.52
2025-02-21,BACS NORTHFIELD SPORTSWEAR LTD NS008706,-56570.38,8028042.14
2025-02-21,CARDPAY SETTLEMENT 20250220,66311.86,8094354.0
2025-02-22,CARDPAY SETTLEMENT 20250221,69801.96,8164155.96
2025-02-23,CARDPAY SETTLEMENT 20250222,69801.96,8233957.92
2025-02-24,BACS PEAK FOOTWEAR DISTRIBUTION LTD PFD/04888,-38736.28,8195221.64
2025-02-24,BACS STRIDE APPAREL LTD SA01219,-153473.38,8041748.26
2025-02-24,CARDPAY SETTLEMENT 20250223,80272.25,8122020.51
2025-02-25,BACS NORTHFIELD SPORTSWEAR LTD NS008707,-37324.84,8084695.67
2025-02-25,BACS PEAK FOOTWEAR DISTRIBUTION LTD PFD/04889,-100736.25,7983959.42
2025-02-25,CARDPAY SETTLEMENT 20250224,76782.15,8060741.57
2025-02-26,BACS STRIDE APPAREL LTD SA01220,-92260.64,7968480.93
2025-02-26,BACS SUMMIT OUTDOOR GOODS LTD SOG-06442,-118361.28,7850119.65
2025-02-26,CARDPAY SETTLEMENT 20250225,66311.86,7916431.51
2025-02-27,CARDPAY SETTLEMENT 20250226,66311.86,7982743.37
2025-02-28,BACS VELOCITY EQUIPMENT CO LTD VE-01744,-103664.73,7879078.64
2025-02-28,CARDPAY SETTLEMENT 20250227,66311.86,7945390.5
2025-02-28,MKTPLACE PAYOUT S-0054,331440.8,8276831.3
2025-02-28,PAYROLL 2025-02,-531032.89,7745798.41
2025-03-01,CARDPAY SETTLEMENT 20250228,69802.04,7815600.45
2025-03-02,CARDPAY SETTLEMENT 20250301,66915.0,7882515.45
2025-03-03,BACS ASHCOMBE & ROWE LLP AR-4291,-46010.04,7836505.41
2025-03-03,BACS CLOUDSTACK SOFTWARE LTD CS-07626,-63263.8,7773241.61
2025-03-03,BACS HARBOURLINE INSURANCE LTD HI02500,-28756.27,7744485.34
2025-03-03,BACS KESTREL GRID ENERGY LTD KGE002528,-34507.53,7709977.81
2025-03-03,BACS LINKPARTNER AFFILIATES LTD LPA-06149,-25294.71,7684683.1
2025-03-03,BACS MIDSHIRE LOGISTICS PARK LTD MLP8433,-115025.1,7569658.0
2025-03-03,BACS SEARCHLY ADS LTD SRCH-07516,-151768.25,7417889.75
2025-03-03,BACS SOCIALREACH MEDIA LTD SRM04350,-75884.13,7342005.62
2025-03-03,BACS STRIDE APPAREL LTD SA01221,-63210.08,7278795.54
2025-03-03,BACS STRIDE APPAREL LTD SA01222,-140606.11,7138189.43
2025-03-03,BACS VELOCITY EQUIPMENT CO LTD VE-01745,-154533.09,6983656.34
2025-03-03,CARDPAY SETTLEMENT 20250302,76952.26,7060608.6
2025-03-04,BACS PARCELCO LTD PC-003738,-99067.86,6961540.74
2025-03-04,BACS PARCELCO LTD PC-003740,-54692.17,6906848.57
2025-03-04,BACS SUMMIT OUTDOOR GOODS LTD SOG-06443,-82949.03,6823899.54
2025-03-04,CARDPAY SETTLEMENT 20250303,73606.5,6897506.04
2025-03-05,CARDPAY SETTLEMENT 20250304,63569.26,6961075.3
2025-03-06,CARDPAY SETTLEMENT 20250305,63569.26,7024644.56
2025-03-07,BACS PEAK FOOTWEAR DISTRIBUTION LTD PFD/04890,-51085.41,6973559.15
2025-03-07,BACS VELOCITY EQUIPMENT CO LTD VE-01746,-78681.59,6894877.56
2025-03-07,CARDPAY SETTLEMENT 20250306,63569.26,6958446.82
2025-03-08,CARDPAY SETTLEMENT 20250307,66915.0,7025361.82
2025-03-09,CARDPAY SETTLEMENT 20250308,66915.0,7092276.82
2025-03-10,BACS FULCRUM AUTOMATION LTD FA-03861,-70000,7022276.82
2025-03-10,CARDPAY SETTLEMENT 20250309,76952.26,7099229.08
2025-03-11,BACS NORTHFIELD SPORTSWEAR LTD NS008708,-76010.26,7023218.82
2025-03-11,CARDPAY SETTLEMENT 20250310,73606.5,7096825.32
2025-03-12,BACS APEX ATHLETIC SUPPLY LTD APX-01966,-42793.21,7054032.11
2025-03-12,BACS STRIDE APPAREL LTD SA01223,-140731.61,6913300.5
2025-03-12,BACS VELOCITY EQUIPMENT CO LTD VE-01747,-155935.16,6757365.34
2025-03-12,CARDPAY SETTLEMENT 20250311,63569.26,6820934.6
2025-03-13,CARDPAY SETTLEMENT 20250312,63569.26,6884503.86
2025-03-14,BACS SUMMIT OUTDOOR GOODS LTD SOG-06444,-117541.07,6766962.79
2025-03-14,CARDPAY SETTLEMENT 20250313,63569.26,6830532.05
2025-03-14,MKTPLACE PAYOUT S-0055,339032.5,7169564.55
2025-03-15,CARDPAY SETTLEMENT 20250314,66915.0,7236479.55
2025-03-16,CARDPAY SETTLEMENT 20250315,66915.0,7303394.55
2025-03-17,BACS PARCELCO LTD PC-003739,-86032.67,7217361.88
2025-03-17,BACS PARCELCO LTD PC-003741,-47495.82,7169866.06
2025-03-17,CARDPAY SETTLEMENT 20250316,76952.26,7246818.32
2025-03-18,CARDPAY SETTLEMENT 20250317,73606.5,7320424.82
2025-03-19,BACS STRIDE APPAREL LTD SA01224,-58313.46,7262111.36
2025-03-19,BACS STRIDE APPAREL LTD SA01225,-73398.74,7188712.62
2025-03-19,CARDPAY SETTLEMENT 20250318,63569.26,7252281.88
2025-03-20,BACS APEX ATHLETIC SUPPLY LTD APX-01967,-65806.85,7186475.03
2025-03-20,BACS NORTHFIELD SPORTSWEAR LTD NS008709,-39780.13,7146694.9
2025-03-20,BACS SUMMIT OUTDOOR GOODS LTD SOG-06445,-67374.17,7079320.73
2025-03-20,CARDPAY SETTLEMENT 20250319,63569.26,7142889.99
2025-03-21,BACS APEX ATHLETIC SUPPLY LTD APX-01968,-113552.09,7029337.9
2025-03-21,BACS STRIDE APPAREL LTD SA01226,-69522.28,6959815.62
2025-03-21,CARDPAY SETTLEMENT 20250320,63569.26,7023384.88
2025-03-22,CARDPAY SETTLEMENT 20250321,66915.0,7090299.88
2025-03-23,CARDPAY SETTLEMENT 20250322,66915.0,7157214.88
2025-03-24,BACS STRIDE APPAREL LTD SA01227,-70183.74,7087031.14
2025-03-24,CARDPAY SETTLEMENT 20250323,76952.26,7163983.4
2025-03-25,BACS VELOCITY EQUIPMENT CO LTD VE-01748,-95945.64,7068037.76
2025-03-25,CARDPAY SETTLEMENT 20250324,73606.5,7141644.26
2025-03-26,CARDPAY SETTLEMENT 20250325,63569.26,7205213.52
2025-03-27,BACS PEAK FOOTWEAR DISTRIBUTION LTD PFD/04891,-135654.91,7069558.61
2025-03-27,CARDPAY SETTLEMENT 20250326,63569.26,7133127.87
2025-03-28,CARDPAY SETTLEMENT 20250327,63569.26,7196697.13
2025-03-28,MKTPLACE PAYOUT S-0056,340980.94,7537678.07
2025-03-29,CARDPAY SETTLEMENT 20250328,66915.0,7604593.07
2025-03-30,CARDPAY SETTLEMENT 20250329,66915.0,7671508.07
2025-03-31,BACS ASHCOMBE & ROWE LLP AR-4292,-50619.3,7620888.77
2025-03-31,BACS CLOUDSTACK SOFTWARE LTD CS-07627,-69601.54,7551287.23
2025-03-31,BACS HARBOURLINE INSURANCE LTD HI02501,-31637.06,7519650.17
2025-03-31,BACS KESTREL GRID ENERGY LTD KGE002529,-37964.48,7481685.69
2025-03-31,BACS LINKPARTNER AFFILIATES LTD LPA-06150,-19149.73,7462535.96
2025-03-31,BACS MIDSHIRE LOGISTICS PARK LTD MLP8434,-126548.26,7335987.7
2025-03-31,BACS PEAK FOOTWEAR DISTRIBUTION LTD PFD/04892,-121322.67,7214665.03
2025-03-31,BACS PEAK FOOTWEAR DISTRIBUTION LTD PFD/04893,-56423.83,7158241.2
2025-03-31,BACS SEARCHLY ADS LTD SRCH-07517,-114898.35,7043342.85
2025-03-31,BACS SOCIALREACH MEDIA LTD SRM04351,-57449.17,6985893.68
2025-03-31,BACS SUMMIT OUTDOOR GOODS LTD SOG-06446,-74804.57,6911089.11
2025-03-31,CARDPAY SETTLEMENT 20250330,76952.26,6988041.37
2025-03-31,PAYROLL 2025-03,-522471.9,6465569.47
2025-04-01,BACS PARCELCO LTD PC-003742,-96466.37,6369103.1
2025-04-01,BACS PARCELCO LTD PC-003744,-55337.42,6313765.68
2025-04-01,BACS STRIDE APPAREL LTD SA01228,-19885.01,6293880.67
2025-04-01,CARDPAY SETTLEMENT 20250331,73606.54,6367487.21
2025-04-02,CARDPAY SETTLEMENT 20250401,68217.44,6435704.65
2025-04-03,BACS PEAK FOOTWEAR DISTRIBUTION LTD PFD/04894,-35406.05,6400298.6
2025-04-03,CARDPAY SETTLEMENT 20250402,68217.44,6468516.04
2025-04-04,BACS VELOCITY EQUIPMENT CO LTD VE-01749,-65459.81,6403056.23
2025-04-04,CARDPAY SETTLEMENT 20250403,68217.44,6471273.67
2025-04-05,CARDPAY SETTLEMENT 20250404,71807.84,6543081.51
2025-04-06,CARDPAY SETTLEMENT 20250405,71807.84,6614889.35
2025-04-07,BACS APEX ATHLETIC SUPPLY LTD APX-01969,-42858.07,6572031.28
2025-04-07,BACS NORTHFIELD SPORTSWEAR LTD NS008710,-15061.99,6556969.29
2025-04-07,BACS VELOCITY EQUIPMENT CO LTD VE-01750,-41261.07,6515708.22
2025-04-07,CARDPAY SETTLEMENT 20250406,82579.01,6598287.23
2025-04-08,BACS NORTHFIELD SPORTSWEAR LTD NS008711,-58338.86,6539948.37
2025-04-08,CARDPAY SETTLEMENT 20250407,78988.62,6618936.99
2025-04-09,BACS VELOCITY EQUIPMENT CO LTD VE-01751,-21655.89,6597281.1
2025-04-09,CARDPAY SETTLEMENT 20250408,68217.44,6665498.54
2025-04-10,BACS APEX ATHLETIC SUPPLY LTD APX-01970,-26971.02,6638527.52
2025-04-10,BACS NORTHFIELD SPORTSWEAR LTD NS008712,-45298.77,6593228.75
2025-04-10,CARDPAY SETTLEMENT 20250409,68217.44,6661446.19
2025-04-11,CARDPAY SETTLEMENT 20250410,68217.44,6729663.63
2025-04-11,MKTPLACE PAYOUT S-0057,355693.93,7085357.56
2025-04-12,CARDPAY SETTLEMENT 20250411,71807.84,7157165.4
2025-04-13,CARDPAY SETTLEMENT 20250412,71807.84,7228973.24
2025-04-14,BACS APEX ATHLETIC SUPPLY LTD APX-01971,-67467.55,7161505.69
2025-04-14,BACS NORTHFIELD SPORTSWEAR LTD NS008713,-62514.73,7098990.96
2025-04-14,BACS PEAK FOOTWEAR DISTRIBUTION LTD PFD/04895,-47369.33,7051621.63
2025-04-14,BACS STRIDE APPAREL LTD SA01229,-72183.7,6979437.93
2025-04-14,BACS STRIDE APPAREL LTD SA01230,-17936.82,6961501.11
2025-04-14,BACS SUMMIT OUTDOOR GOODS LTD SOG-06447,-24733.85,6936767.26
2025-04-14,CARDPAY SETTLEMENT 20250413,82579.01,7019346.27
2025-04-15,CARDPAY SETTLEMENT 20250414,78988.62,7098334.89
2025-04-16,CARDPAY SETTLEMENT 20250415,68217.44,7166552.33
2025-04-17,BACS BRIGHTDESK IT LTD BIT05889,-70000,7096552.33
2025-04-17,BACS PARCELCO LTD PC-003743,-104399.46,6992152.87
2025-04-17,BACS PARCELCO LTD PC-003745,-59888.23,6932264.64
2025-04-17,CARDPAY SETTLEMENT 20250416,68217.44,7000482.08
2025-04-18,CARDPAY SETTLEMENT 20250417,68217.44,7068699.52
2025-04-19,CARDPAY SETTLEMENT 20250418,71807.84,7140507.36
2025-04-20,CARDPAY SETTLEMENT 20250419,71807.84,7212315.2
2025-04-21,BACS APEX ATHLETIC SUPPLY LTD APX-01972,-37847.58,7174467.62
2025-04-21,BACS NORTHFIELD SPORTSWEAR LTD NS008714,-19425.13,7155042.49
2025-04-21,BACS SUMMIT OUTDOOR GOODS LTD SOG-06448,-31587.64,7123454.85
2025-04-21,BACS VELOCITY EQUIPMENT CO LTD VE-01752,-41680.34,7081774.51
2025-04-21,CARDPAY SETTLEMENT 20250420,82579.01,7164353.52
2025-04-22,CARDPAY SETTLEMENT 20250421,78988.62,7243342.14
2025-04-23,CARDPAY SETTLEMENT 20250422,68217.44,7311559.58
2025-04-24,CARDPAY SETTLEMENT 20250423,68217.44,7379777.02
2025-04-25,BACS NORTHFIELD SPORTSWEAR LTD NS008715,-33981.94,7345795.08
2025-04-25,BACS PEAK FOOTWEAR DISTRIBUTION LTD PFD/04896,-68803.75,7276991.33
2025-04-25,CARDPAY SETTLEMENT 20250424,68217.44,7345208.77
2025-04-25,MKTPLACE PAYOUT S-0058,365139.94,7710348.71
2025-04-26,CARDPAY SETTLEMENT 20250425,71807.84,7782156.55
2025-04-27,CARDPAY SETTLEMENT 20250426,71807.84,7853964.39
2025-04-28,BACS NORTHFIELD SPORTSWEAR LTD NS008716,-71786.88,7782177.51
2025-04-28,BACS PEAK FOOTWEAR DISTRIBUTION LTD PFD/04897,-66533.75,7715643.76
2025-04-28,BACS STRIDE APPAREL LTD SA01231,-93898.25,7621745.51
2025-04-28,BACS STRIDE APPAREL LTD SA01232,-86753.87,7534991.64
2025-04-28,CARDPAY SETTLEMENT 20250427,82579.01,7617570.65
2025-04-29,CARDPAY SETTLEMENT 20250428,78988.62,7696559.27
2025-04-30,BACS LINKPARTNER AFFILIATES LTD LPA-06151,-20935.61,7675623.66
2025-04-30,BACS SEARCHLY ADS LTD SRCH-07518,-125613.68,7550009.98
2025-04-30,BACS SOCIALREACH MEDIA LTD SRM04352,-62806.84,7487203.14
2025-04-30,CARDPAY SETTLEMENT 20250429,68217.44,7555420.58
2025-04-30,PAYROLL 2025-04,-537186.84,7018233.74
2025-05-01,BACS ASHCOMBE & ROWE LLP AR-4293,-50264.55,6967969.19
2025-05-01,BACS CLOUDSTACK SOFTWARE LTD CS-07628,-69113.75,6898855.44
2025-05-01,BACS HARBOURLINE INSURANCE LTD HI02502,-31415.34,6867440.1
2025-05-01,BACS KESTREL GRID ENERGY LTD KGE002530,-37698.41,6829741.69
2025-05-01,BACS MIDSHIRE LOGISTICS PARK LTD MLP8435,-125661.37,6704080.32
2025-05-01,CARDPAY SETTLEMENT 20250430,68217.55,6772297.87
2025-05-02,BACS PARCELCO LTD PC-003746,-107029.54,6665268.33
2025-05-02,BACS PARCELCO LTD PC-003748,-57351.54,6607916.79
2025-05-02,CARDPAY SETTLEMENT 20250501,77903.51,6685820.3
2025-05-03,CARDPAY SETTLEMENT 20250502,82003.69,6767823.99
2025-05-04,CARDPAY SETTLEMENT 20250503,82003.69,6849827.68
2025-05-05,BACS NORTHFIELD SPORTSWEAR LTD NS008717,-42941.93,6806885.75
2025-05-05,BACS NORTHFIELD SPORTSWEAR LTD NS008718,-71775.78,6735109.97
2025-05-05,CARDPAY SETTLEMENT 20250504,94304.24,6829414.21
2025-05-06,BACS VELOCITY EQUIPMENT CO LTD VE-01753,-84187.83,6745226.38
2025-05-06,CARDPAY SETTLEMENT 20250505,90204.06,6835430.44
2025-05-07,BACS STRIDE APPAREL LTD SA01233,-54630.06,6780800.38
2025-05-07,CARDPAY SETTLEMENT 20250506,77903.51,6858703.89
2025-05-08,CARDPAY SETTLEMENT 20250507,77903.51,6936607.4
2025-05-09,BACS STRIDE APPAREL LTD SA01234,-104744.91,6831862.49
2025-05-09,CARDPAY SETTLEMENT 20250508,77903.51,6909766.0
2025-05-09,MKTPLACE PAYOUT S-0059,404283.65,7314049.65
2025-05-10,CARDPAY SETTLEMENT 20250509,82003.69,7396053.34
2025-05-11,CARDPAY SETTLEMENT 20250510,82003.69,7478057.03
2025-05-12,BACS APEX ATHLETIC SUPPLY LTD APX-01973,-89683.78,7388373.25
2025-05-12,BACS PEAK FOOTWEAR DISTRIBUTION LTD PFD/04898,-20972.42,7367400.83
2025-05-12,CARDPAY SETTLEMENT 20250511,94304.24,7461705.07
2025-05-13,BACS NORTHFIELD SPORTSWEAR LTD NS008719,-40911.67,7420793.4
2025-05-13,BACS PEAK FOOTWEAR DISTRIBUTION LTD PFD/04899,-97041.04,7323752.36
2025-05-13,BACS STRIDE APPAREL LTD SA01235,-90856.41,7232895.95
2025-05-13,CARDPAY SETTLEMENT 20250512,90204.06,7323100.01
2025-05-14,CARDPAY SETTLEMENT 20250513,77903.51,7401003.52
2025-05-15,BACS APEX ATHLETIC SUPPLY LTD APX-01974,-82502.37,7318501.15
2025-05-15,BACS SUMMIT OUTDOOR GOODS LTD SOG-06449,-22749.84,7295751.31
2025-05-15,CARDPAY SETTLEMENT 20250514,77903.51,7373654.82
2025-05-16,CARDPAY SETTLEMENT 20250515,77903.51,7451558.33
2025-05-17,CARDPAY SETTLEMENT 20250516,82003.69,7533562.02
2025-05-18,CARDPAY SETTLEMENT 20250517,82003.69,7615565.71
2025-05-19,BACS APEX ATHLETIC SUPPLY LTD APX-01975,-74474.15,7541091.56
2025-05-19,BACS PARCELCO LTD PC-003747,-107029.56,7434062.0
2025-05-19,BACS PARCELCO LTD PC-003749,-57351.56,7376710.44
2025-05-19,BACS PEAK FOOTWEAR DISTRIBUTION LTD PFD/04900,-79617.0,7297093.44
2025-05-19,BACS SUMMIT OUTDOOR GOODS LTD SOG-06450,-16531.37,7280562.07
2025-05-19,BACS SUMMIT OUTDOOR GOODS LTD SOG-06451,-66557.18,7214004.89
2025-05-19,CARDPAY SETTLEMENT 20250518,94304.24,7308309.13
2025-05-20,BACS FULCRUM AUTOMATION LTD FA-03862,-70000,7238309.13
2025-05-20,BACS NORTHFIELD SPORTSWEAR LTD NS008720,-81231.14,7157077.99
2025-05-20,CARDPAY SETTLEMENT 20250519,90204.06,7247282.05
2025-05-21,CARDPAY SETTLEMENT 20250520,77903.51,7325185.56
2025-05-22,CARDPAY SETTLEMENT 20250521,77903.51,7403089.07
2025-05-23,BACS APEX ATHLETIC SUPPLY LTD APX-01976,-77076.0,7326013.07
2025-05-23,CARDPAY SETTLEMENT 20250522,77903.51,7403916.58
2025-05-23,MKTPLACE PAYOUT S-0060,453172.34,7857088.92
2025-05-24,CARDPAY SETTLEMENT 20250523,82003.69,7939092.61
2025-05-25,CARDPAY SETTLEMENT 20250524,82003.69,8021096.3
2025-05-26,BACS APEX ATHLETIC SUPPLY LTD APX-01977,-54091.38,7967004.92
2025-05-26,BACS APEX ATHLETIC SUPPLY LTD APX-01978,-25429.74,7941575.18
2025-05-26,BACS APEX ATHLETIC SUPPLY LTD APX-01979,-54558.61,7887016.57
2025-05-26,BACS NORTHFIELD SPORTSWEAR LTD NS008721,-41357.93,7845658.64
2025-05-26,BACS STRIDE APPAREL LTD SA01236,-63326.84,7782331.8
2025-05-26,CARDPAY SETTLEMENT 20250525,94304.24,7876636.04
2025-05-27,CARDPAY SETTLEMENT 20250526,90204.06,7966840.1
2025-05-28,BACS VELOCITY EQUIPMENT CO LTD VE-01754,-48845.65,7917994.45
2025-05-28,CARDPAY SETTLEMENT 20250527,77903.51,7995897.96
2025-05-29,CARDPAY SETTLEMENT 20250528,77903.51,8073801.47
2025-05-30,BACS LINKPARTNER AFFILIATES LTD LPA-06152,-22840.01,8050961.46
2025-05-30,BACS SEARCHLY ADS LTD SRCH-07519,-137040.03,7913921.43
2025-05-30,BACS SOCIALREACH MEDIA LTD SRM04353,-68520.01,7845401.42
2025-05-30,CARDPAY SETTLEMENT 20250529,77903.51,7923304.93
2025-05-30,PAYROLL 2025-05,-567536.56,7355768.37
2025-05-31,CARDPAY SETTLEMENT 20250530,82003.69,7437772.06
2025-06-01,CARDPAY SETTLEMENT 20250531,82003.69,7519775.75
2025-06-02,BACS APEX ATHLETIC SUPPLY LTD APX-01980,-35332.63,7484443.12
2025-06-02,BACS ASHCOMBE & ROWE LLP AR-4294,-48370.2,7436072.92
2025-06-02,BACS CLOUDSTACK SOFTWARE LTD CS-07629,-66509.03,7369563.89
2025-06-02,BACS HARBOURLINE INSURANCE LTD HI02503,-30231.39,7339332.5
2025-06-02,BACS KESTREL GRID ENERGY LTD KGE002531,-36277.65,7303054.85
2025-06-02,BACS MIDSHIRE LOGISTICS PARK LTD MLP8436,-120925.51,7182129.34
2025-06-02,BACS NORTHFIELD SPORTSWEAR LTD NS008722,-93351.92,7088777.42
2025-06-02,BACS PARCELCO LTD PC-003750,-116502.24,6972275.18
2025-06-02,BACS PARCELCO LTD PC-003752,-72818.2,6899456.98
2025-06-02,BACS SUMMIT OUTDOOR GOODS LTD SOG-06452,-24099.19,6875357.79
2025-06-02,BACS SUMMIT OUTDOOR GOODS LTD SOG-06453,-53140.69,6822217.1
2025-06-02,BACS VELOCITY EQUIPMENT CO LTD VE-01755,-42222.51,6779994.59
2025-06-02,CARDPAY SETTLEMENT 20250601,113460.08,6893454.67
2025-06-03,BACS PEAK FOOTWEAR DISTRIBUTION LTD PFD/04901,-37387.29,6856067.38
2025-06-03,CARDPAY SETTLEMENT 20250602,108527.03,6964594.41
2025-06-04,CARDPAY SETTLEMENT 20250603,93727.89,7058322.3
2025-06-05,BACS NORTHFIELD SPORTSWEAR LTD NS008723,-27175.09,7031147.21
2025-06-05,BACS PEAK FOOTWEAR DISTRIBUTION LTD PFD/04902,-57945.92,6973201.29
2025-06-05,CARDPAY SETTLEMENT 20250604,93727.89,7066929.18
2025-06-06,CARDPAY SETTLEMENT 20250605,93727.89,7160657.07
2025-06-06,MKTPLACE PAYOUT S-0061,485164.9,7645821.97
2025-06-07,CARDPAY SETTLEMENT 20250606,98660.94,7744482.91
2025-06-08,CARDPAY SETTLEMENT 20250607,98660.94,7843143.85
2025-06-09,BACS APEX ATHLETIC SUPPLY LTD APX-01981,-23378.16,7819765.69
2025-06-09,BACS NORTHFIELD SPORTSWEAR LTD NS008724,-70980.13,7748785.56
2025-06-09,CARDPAY SETTLEMENT 20250608,113460.08,7862245.64
2025-06-10,CARDPAY SETTLEMENT 20250609,108527.03,7970772.67
2025-06-11,BACS STRIDE APPAREL LTD SA01237,-32073.38,7938699.29
2025-06-11,CARDPAY SETTLEMENT 20250610,93727.89,8032427.18
2025-06-12,BACS PEAK FOOTWEAR DISTRIBUTION LTD PFD/04903,-68649.88,7963777.3
2025-06-12,CARDPAY SETTLEMENT 20250611,93727.89,8057505.19
2025-06-13,CARDPAY SETTLEMENT 20250612,93727.89,8151233.08
2025-06-14,CARDPAY SETTLEMENT 20250613,98660.94,8249894.02
2025-06-15,CARDPAY SETTLEMENT 20250614,98660.94,8348554.96
2025-06-16,BACS NORTHFIELD SPORTSWEAR LTD NS008725,-50427.09,8298127.87
2025-06-16,BACS PEAK FOOTWEAR DISTRIBUTION LTD PFD/04904,-83276.04,8214851.83
2025-06-16,BACS SUMMIT OUTDOOR GOODS LTD SOG-06454,-37849.46,8177002.37
2025-06-16,CARDPAY SETTLEMENT 20250615,113460.08,8290462.45
2025-06-17,BACS BRIGHTDESK IT LTD BIT05890,-70000,8220462.45
2025-06-17,BACS PARCELCO LTD PC-003751,-124576.62,8095885.83
2025-06-17,BACS PARCELCO LTD PC-003753,-77864.94,8018020.89
2025-06-17,BACS PEAK FOOTWEAR DISTRIBUTION LTD PFD/04905,-83595.11,7934425.78
2025-06-17,BACS STRIDE APPAREL LTD SA01238,-75926.85,7858498.93
2025-06-17,CARDPAY SETTLEMENT 20250616,108527.03,7967025.96
2025-06-18,BACS NORTHFIELD SPORTSWEAR LTD NS008726,-76365.26,7890660.7
2025-06-18,CARDPAY SETTLEMENT 20250617,93727.89,7984388.59
2025-06-19,BACS APEX ATHLETIC SUPPLY LTD APX-01982,-53582.14,7930806.45
2025-06-19,BACS NORTHFIELD SPORTSWEAR LTD NS008727,-71271.92,7859534.53
2025-06-19,CARDPAY SETTLEMENT 20250618,93727.89,7953262.42
2025-06-20,BACS NORTHFIELD SPORTSWEAR LTD NS008728,-53413.52,7899848.9
2025-06-20,CARDPAY SETTLEMENT 20250619,93727.89,7993576.79
2025-06-20,MKTPLACE PAYOUT S-0062,595140.06,8588716.85
2025-06-21,CARDPAY SETTLEMENT 20250620,98660.94,8687377.79
2025-06-22,CARDPAY SETTLEMENT 20250621,98660.94,8786038.73
2025-06-23,BACS APEX ATHLETIC SUPPLY LTD APX-01983,-71220.57,8714818.16
2025-06-23,BACS NORTHFIELD SPORTSWEAR LTD NS008729,-55928.33,8658889.83
2025-06-23,CARDPAY SETTLEMENT 20250622,113460.08,8772349.91
2025-06-24,CARDPAY SETTLEMENT 20250623,108527.03,8880876.94
2025-06-25,BACS NORTHFIELD SPORTSWEAR LTD NS008730,-73704.43,8807172.51
2025-06-25,BACS NORTHFIELD SPORTSWEAR LTD NS008731,-32071.0,8775101.51
2025-06-25,CARDPAY SETTLEMENT 20250624,93727.89,8868829.4
2025-06-26,CARDPAY SETTLEMENT 20250625,93727.89,8962557.29
2025-06-27,BACS APEX ATHLETIC SUPPLY LTD APX-01984,-16612.28,8945945.01
2025-06-27,BACS NORTHFIELD SPORTSWEAR LTD NS008732,-82178.2,8863766.81
2025-06-27,BACS PEAK FOOTWEAR DISTRIBUTION LTD PFD/04906,-18335.17,8845431.64
2025-06-27,CARDPAY SETTLEMENT 20250626,93727.89,8939159.53
2025-06-28,CARDPAY SETTLEMENT 20250627,98660.94,9037820.47
2025-06-29,CARDPAY SETTLEMENT 20250628,98660.94,9136481.41
2025-06-30,BACS LINKPARTNER AFFILIATES LTD LPA-06153,-27457.05,9109024.36
2025-06-30,BACS NORTHFIELD SPORTSWEAR LTD NS008733,-82329.5,9026694.86
2025-06-30,BACS SEARCHLY ADS LTD SRCH-07520,-164742.29,8861952.57
2025-06-30,BACS SOCIALREACH MEDIA LTD SRM04354,-82371.14,8779581.43
2025-06-30,BACS STRIDE APPAREL LTD SA01239,-139654.83,8639926.6
2025-06-30,CARDPAY SETTLEMENT 20250629,113460.08,8753386.68
2025-06-30,PAYROLL 2025-06,-570302.91,8183083.77
2025-07-01,BACS ASHCOMBE & ROWE LLP AR-4295,-47233.26,8135850.51
2025-07-01,BACS CLOUDSTACK SOFTWARE LTD CS-07630,-64945.73,8070904.78
2025-07-01,BACS HARBOURLINE INSURANCE LTD HI02504,-29520.79,8041383.99
2025-07-01,BACS KESTREL GRID ENERGY LTD KGE002532,-35424.94,8005959.05
2025-07-01,BACS MIDSHIRE LOGISTICS PARK LTD MLP8437,-118083.14,7887875.91
2025-07-01,BACS SUMMIT OUTDOOR GOODS LTD SOG-06455,-40765.42,7847110.49
2025-07-01,CARDPAY SETTLEMENT 20250630,108527.04,7955637.53
2025-07-02,BACS NORTHFIELD SPORTSWEAR LTD NS008734,-35476.33,7920161.2
2025-07-02,BACS PARCELCO LTD PC-003754,-143517.7,7776643.5
2025-07-02,BACS PARCELCO LTD PC-003756,-101256.38,7675387.12
2025-07-02,CARDPAY SETTLEMENT 20250701,91804.08,7767191.2
2025-07-03,BACS NORTHFIELD SPORTSWEAR LTD NS008735,-135949.03,7631242.17
2025-07-03,BACS VELOCITY EQUIPMENT CO LTD VE-01756,-131880.4,7499361.77
2025-07-03,CARDPAY SETTLEMENT 20250702,91804.08,7591165.85
2025-07-04,CARDPAY SETTLEMENT 20250703,91804.08,7682969.93
2025-07-04,MKTPLACE PAYOUT S-0063,595635.53,8278605.46
2025-07-05,CARDPAY SETTLEMENT 20250704,96635.86,8375241.32
2025-07-06,CARDPAY SETTLEMENT 20250705,96635.86,8471877.18
2025-07-07,BACS APEX ATHLETIC SUPPLY LTD APX-01985,-104174.78,8367702.4
2025-07-07,BACS NORTHFIELD SPORTSWEAR LTD NS008736,-53201.68,8314500.72
2025-07-07,CARDPAY SETTLEMENT 20250706,111131.25,8425631.97
2025-07-08,CARDPAY SETTLEMENT 20250707,106299.45,8531931.42
2025-07-09,CARDPAY SETTLEMENT 20250708,91804.08,8623735.5
2025-07-10,CARDPAY SETTLEMENT 20250709,91804.08,8715539.58
2025-07-11,CARDPAY SETTLEMENT 20250710,91804.08,8807343.66
2025-07-12,CARDPAY SETTLEMENT 20250711,96635.86,8903979.52
2025-07-13,CARDPAY SETTLEMENT 20250712,96635.86,9000615.38
2025-07-14,BACS PEAK FOOTWEAR DISTRIBUTION LTD PFD/04907,-50153.71,8950461.67
2025-07-14,BACS STRIDE APPAREL LTD SA01240,-96296.9,8854164.77
2025-07-14,BACS SUMMIT OUTDOOR GOODS LTD SOG-06456,-99872.64,8754292.13
2025-07-14,BACS SUMMIT OUTDOOR GOODS LTD SOG-06457,-139453.94,8614838.19
2025-07-14,CARDPAY SETTLEMENT 20250713,111131.25,8725969.44
2025-07-15,CARDPAY SETTLEMENT 20250714,106299.45,8832268.89
2025-07-16,CARDPAY SETTLEMENT 20250715,91804.08,8924072.97
2025-07-17,BACS PARCELCO LTD PC-003755,-143050.24,8781022.73
2025-07-17,BACS PARCELCO LTD PC-003757,-100926.61,8680096.12
2025-07-17,CARDPAY SETTLEMENT 20250716,91804.08,8771900.2
2025-07-18,BACS FULCRUM AUTOMATION LTD FA-03863,-70000,8701900.2
2025-07-18,BACS NORTHFIELD SPORTSWEAR LTD NS008737,-44011.66,8657888.54
2025-07-18,BACS SUMMIT OUTDOOR GOODS LTD SOG-06458,-78448.53,8579440.01
2025-07-18,CARDPAY SETTLEMENT 20250717,91804.08,8671244.09
2025-07-18,MKTPLACE PAYOUT S-0064,602545.74,9273789.83
2025-07-19,CARDPAY SETTLEMENT 20250718,96635.86,9370425.69
2025-07-20,CARDPAY SETTLEMENT 20250719,96635.86,9467061.55
2025-07-21,BACS PEAK FOOTWEAR DISTRIBUTION LTD PFD/04908,-144316.36,9322745.19
2025-07-21,CARDPAY SETTLEMENT 20250720,111131.25,9433876.44
2025-07-22,BACS APEX ATHLETIC SUPPLY LTD APX-01986,-122310.21,9311566.23
2025-07-22,BACS SUMMIT OUTDOOR GOODS LTD SOG-06459,-93131.89,9218434.34
2025-07-22,CARDPAY SETTLEMENT 20250721,106299.45,9324733.79
2025-07-23,BACS VELOCITY EQUIPMENT CO LTD VE-01757,-133118.86,9191614.93
2025-07-23,CARDPAY SETTLEMENT 20250722,91804.08,9283419.01
2025-07-24,BACS APEX ATHLETIC SUPPLY LTD APX-01987,-66906.3,9216512.71
2025-07-24,BACS SUMMIT OUTDOOR GOODS LTD SOG-06460,-125401.45,9091111.26
2025-07-24,BACS VELOCITY EQUIPMENT CO LTD VE-01758,-83166.38,9007944.88
2025-07-24,CARDPAY SETTLEMENT 20250723,91804.08,9099748.96
2025-07-25,BACS SUMMIT OUTDOOR GOODS LTD SOG-06461,-81774.21,9017974.75
2025-07-25,CARDPAY SETTLEMENT 20250724,91804.08,9109778.83
2025-07-26,CARDPAY SETTLEMENT 20250725,96635.86,9206414.69
2025-07-27,CARDPAY SETTLEMENT 20250726,96635.86,9303050.55
2025-07-28,BACS APEX ATHLETIC SUPPLY LTD APX-01988,-78912.36,9224138.19
2025-07-28,CARDPAY SETTLEMENT 20250727,111131.25,9335269.44
2025-07-29,BACS PEAK FOOTWEAR DISTRIBUTION LTD PFD/04909,-76754.72,9258514.72
2025-07-29,CARDPAY SETTLEMENT 20250728,106299.45,9364814.17
2025-07-30,BACS LINKPARTNER AFFILIATES LTD LPA-06154,-28624.32,9336189.85
2025-07-30,BACS SEARCHLY ADS LTD SRCH-07521,-171745.91,9164443.94
2025-07-30,BACS SOCIALREACH MEDIA LTD SRM04355,-85872.96,9078570.98
2025-07-30,CARDPAY SETTLEMENT 20250729,91804.08,9170375.06
2025-07-31,BACS APEX ATHLETIC SUPPLY LTD APX-01989,-44888.57,9125486.49
2025-07-31,BACS ASHCOMBE & ROWE LLP AR-4296,-49442.42,9076044.07
2025-07-31,BACS CLOUDSTACK SOFTWARE LTD CS-07631,-67983.33,9008060.74
2025-07-31,BACS HARBOURLINE INSURANCE LTD HI02505,-30901.51,8977159.23
2025-07-31,BACS KESTREL GRID ENERGY LTD KGE002533,-37081.81,8940077.42
2025-07-31,BACS MIDSHIRE LOGISTICS PARK LTD MLP8438,-123606.05,8816471.37
2025-07-31,BACS STRIDE APPAREL LTD SA01241,-167264.64,8649206.73
2025-07-31,BACS STRIDE APPAREL LTD SA01242,-117470.83,8531735.9
2025-07-31,CARDPAY SETTLEMENT 20250730,91804.08,8623539.98
2025-07-31,PAYROLL 2025-07,-564102.69,8059437.29
2025-08-01,BACS PARCELCO LTD PC-003758,-139420.33,7920016.96
2025-08-01,BACS PARCELCO LTD PC-003760,-101472.46,7818544.5
2025-08-01,CARDPAY SETTLEMENT 20250731,91804.02,7910348.52
2025-08-01,MKTPLACE PAYOUT S-0065,602545.74,8512894.26
2025-08-02,CARDPAY SETTLEMENT 20250801,101622.58,8614516.84
2025-08-03,CARDPAY SETTLEMENT 20250802,101622.58,8716139.42
2025-08-04,BACS APEX ATHLETIC SUPPLY LTD APX-01990,-139864.13,8576275.29
2025-08-04,BACS APEX ATHLETIC SUPPLY LTD APX-01991,-132151.22,8444124.07
2025-08-04,BACS STRIDE APPAREL LTD SA01243,-63609.4,8380514.67
2025-08-04,CARDPAY SETTLEMENT 20250803,116865.97,8497380.64
2025-08-05,BACS STRIDE APPAREL LTD SA01244,-94262.67,8403117.97
2025-08-05,CARDPAY SETTLEMENT 20250804,111784.83,8514902.8
2025-08-06,CARDPAY SETTLEMENT 20250805,96541.45,8611444.25
2025-08-07,BACS STRIDE APPAREL LTD SA01245,-129474.89,8481969.36
2025-08-07,CARDPAY SETTLEMENT 20250806,96541.45,8578510.81
2025-08-08,BACS PEAK FOOTWEAR DISTRIBUTION LTD PFD/04910,-34742.99,8543767.82
2025-08-08,CARDPAY SETTLEMENT 20250807,96541.45,8640309.27
2025-08-09,CARDPAY SETTLEMENT 20250808,101622.58,8741931.85
2025-08-10,CARDPAY SETTLEMENT 20250809,101622.58,8843554.43
2025-08-11,BACS APEX ATHLETIC SUPPLY LTD APX-01992,-61481.87,8782072.56
2025-08-11,BACS APEX ATHLETIC SUPPLY LTD APX-01993,-78037.53,8704035.03
2025-08-11,BACS STRIDE APPAREL LTD SA01246,-122908.16,8581126.87
2025-08-11,BACS STRIDE APPAREL LTD SA01247,-71220.94,8509905.93
2025-08-11,BACS STRIDE APPAREL LTD SA01248,-51127.47,8458778.46
2025-08-11,BACS VELOCITY EQUIPMENT CO LTD VE-01759,-112028.15,8346750.31
2025-08-11,CARDPAY SETTLEMENT 20250810,116865.97,8463616.28
2025-08-12,BACS NORTHFIELD SPORTSWEAR LTD NS008738,-44586.91,8419029.37
2025-08-12,BACS VELOCITY EQUIPMENT CO LTD VE-01760,-55580.28,8363449.09
2025-08-12,BACS VELOCITY EQUIPMENT CO LTD VE-01761,-87284.32,8276164.77
2025-08-12,CARDPAY SETTLEMENT 20250811,111784.83,8387949.6
2025-08-13,CARDPAY SETTLEMENT 20250812,96541.45,8484491.05
2025-08-14,BACS STRIDE APPAREL LTD SA01249,-49738.17,8434752.88
2025-08-14,CARDPAY SETTLEMENT 20250813,96541.45,8531294.33
2025-08-15,BACS BRIGHTDESK IT LTD BIT05891,-70000,8461294.33
2025-08-15,BACS PEAK FOOTWEAR DISTRIBUTION LTD PFD/04911,-102348.43,8358945.9
2025-08-15,CARDPAY SETTLEMENT 20250814,96541.45,8455487.35
2025-08-15,MKTPLACE PAYOUT S-0066,615678.29,9071165.64
2025-08-16,CARDPAY SETTLEMENT 20250815,101622.58,9172788.22
2025-08-17,CARDPAY SETTLEMENT 20250816,101622.58,9274410.8
2025-08-18,BACS NORTHFIELD SPORTSWEAR LTD NS008739,-121926.48,9152484.32
2025-08-18,BACS PARCELCO LTD PC-003759,-148162.77,9004321.55
2025-08-18,BACS PARCELCO LTD PC-003761,-107835.37,8896486.18
2025-08-18,BACS SUMMIT OUTDOOR GOODS LTD SOG-06462,-176064.4,8720421.78
2025-08-18,CARDPAY SETTLEMENT 20250817,116865.97,8837287.75
2025-08-19,BACS SUMMIT OUTDOOR GOODS LTD SOG-06463,-57035.61,8780252.14
2025-08-19,CARDPAY SETTLEMENT 20250818,111784.83,8892036.97
2025-08-20,CARDPAY SETTLEMENT 20250819,96541.45,8988578.42
2025-08-21,CARDPAY SETTLEMENT 20250820,96541.45,9085119.87
2025-08-22,CARDPAY SETTLEMENT 20250821,96541.45,9181661.32
2025-08-23,CARDPAY SETTLEMENT 20250822,101622.58,9283283.9
2025-08-24,CARDPAY SETTLEMENT 20250823,101622.58,9384906.48
2025-08-25,BACS STRIDE APPAREL LTD SA01250,-89969.04,9294937.44
2025-08-25,BACS VELOCITY EQUIPMENT CO LTD VE-01762,-96162.75,9198774.69
2025-08-25,CARDPAY SETTLEMENT 20250824,116865.97,9315640.66
2025-08-26,CARDPAY SETTLEMENT 20250825,111784.83,9427425.49
2025-08-27,CARDPAY SETTLEMENT 20250826,96541.45,9523966.94
2025-08-28,BACS STRIDE APPAREL LTD SA01251,-117164.3,9406802.64
2025-08-28,CARDPAY SETTLEMENT 20250827,96541.45,9503344.09
2025-08-29,BACS STRIDE APPAREL LTD SA01252,-158441.77,9344902.32
2025-08-29,BACS SUMMIT OUTDOOR GOODS LTD SOG-06464,-95816.53,9249085.79
2025-08-29,CARDPAY SETTLEMENT 20250828,96541.45,9345627.24
2025-08-29,MKTPLACE PAYOUT S-0067,617706.86,9963334.1
2025-08-29,PAYROLL 2025-08,-581545.21,9381788.89
2025-08-30,CARDPAY SETTLEMENT 20250829,101622.58,9483411.47
2025-08-31,CARDPAY SETTLEMENT 20250830,101622.58,9585034.05
2025-09-01,BACS ASHCOMBE & ROWE LLP AR-4297,-47550.88,9537483.17
2025-09-01,BACS CLOUDSTACK SOFTWARE LTD CS-07632,-65382.46,9472100.71
2025-09-01,BACS HARBOURLINE INSURANCE LTD HI02506,-29719.31,9442381.4
2025-09-01,BACS KESTREL GRID ENERGY LTD KGE002534,-35663.16,9406718.24
2025-09-01,BACS LINKPARTNER AFFILIATES LTD LPA-06155,-29446.05,9377272.19
2025-09-01,BACS MIDSHIRE LOGISTICS PARK LTD MLP8439,-118877.2,9258394.99
2025-09-01,BACS PARCELCO LTD PC-003762,-143059.36,9115335.63
2025-09-01,BACS PARCELCO LTD PC-003764,-103736.96,9011598.67
2025-09-01,BACS PEAK FOOTWEAR DISTRIBUTION LTD PFD/04912,-35781.19,8975817.48
2025-09-01,BACS SEARCHLY ADS LTD SRCH-07522,-176676.34,8799141.14
2025-09-01,BACS SOCIALREACH MEDIA LTD SRM04356,-88338.17,8710802.97
2025-09-01,BACS STRIDE APPAREL LTD SA01253,-63534.07,8647268.9
2025-09-01,BACS STRIDE APPAREL LTD SA01254,-62959.71,8584309.19
2025-09-01,BACS VELOCITY EQUIPMENT CO LTD VE-01763,-98003.12,8486306.07
2025-09-01,CARDPAY SETTLEMENT 20250831,116865.95,8603172.02
2025-09-02,CARDPAY SETTLEMENT 20250901,99159.49,8702331.51
2025-09-03,CARDPAY SETTLEMENT 20250902,85637.74,8787969.25
2025-09-04,BACS APEX ATHLETIC SUPPLY LTD APX-01994,-117853.67,8670115.58
2025-09-04,BACS VELOCITY EQUIPMENT CO LTD VE-01764,-170120.67,8499994.91
2025-09-04,CARDPAY SETTLEMENT 20250903,85637.74,8585632.65
2025-09-05,CARDPAY SETTLEMENT 20250904,85637.74,8671270.39
2025-09-06,CARDPAY SETTLEMENT 20250905,90144.99,8761415.38
2025-09-07,CARDPAY SETTLEMENT 20250906,90144.99,8851560.37
2025-09-08,BACS NORTHFIELD SPORTSWEAR LTD NS008740,-158333.02,8693227.35
2025-09-08,BACS PEAK FOOTWEAR DISTRIBUTION LTD PFD/04913,-169744.05,8523483.3
2025-09-08,BACS STRIDE APPAREL LTD SA01255,-102267.35,8421215.95
2025-09-08,BACS STRIDE APPAREL LTD SA01256,-71934.16,8349281.79
2025-09-08,CARDPAY SETTLEMENT 20250907,103666.74,8452948.53
2025-09-09,CARDPAY SETTLEMENT 20250908,99159.49,8552108.02
2025-09-10,CARDPAY SETTLEMENT 20250909,85637.74,8637745.76
2025-09-11,BACS FULCRUM AUTOMATION LTD FA-03864,-70000,8567745.76
2025-09-11,CARDPAY SETTLEMENT 20250910,85637.74,8653383.5
2025-09-12,BACS SUMMIT OUTDOOR GOODS LTD SOG-06465,-57657.48,8595726.02
2025-09-12,CARDPAY SETTLEMENT 20250911,85637.74,8681363.76
2025-09-12,MKTPLACE PAYOUT S-0068,581523.72,9262887.48
2025-09-13,CARDPAY SETTLEMENT 20250912,90144.99,9353032.47
2025-09-14,CARDPAY SETTLEMENT 20250913,90144.99,9443177.46
2025-09-15,CARDPAY SETTLEMENT 20250914,103666.74,9546844.2
2025-09-16,BACS STRIDE APPAREL LTD SA01257,-64486.31,9482357.89
2025-09-16,CARDPAY SETTLEMENT 20250915,99159.49,9581517.38
2025-09-17,BACS PARCELCO LTD PC-003763,-153883.06,9427634.32
2025-09-17,BACS PARCELCO LTD PC-003765,-111585.58,9316048.74
2025-09-17,BACS VELOCITY EQUIPMENT CO LTD VE-01765,-115585.0,9200463.74
2025-09-17,CARDPAY SETTLEMENT 20250916,85637.74,9286101.48
2025-09-18,CARDPAY SETTLEMENT 20250917,85637.74,9371739.22
2025-09-19,CARDPAY SETTLEMENT 20250918,85637.74,9457376.96
2025-09-20,CARDPAY SETTLEMENT 20250919,90144.99,9547521.95
2025-09-21,CARDPAY SETTLEMENT 20250920,90144.99,9637666.94
2025-09-22,BACS STRIDE APPAREL LTD SA01258,-99674.41,9537992.53
2025-09-22,BACS SUMMIT OUTDOOR GOODS LTD SOG-06466,-43203.39,9494789.14
2025-09-22,BACS VELOCITY EQUIPMENT CO LTD VE-01766,-73068.0,9421721.14
2025-09-22,CARDPAY SETTLEMENT 20250921,103666.74,9525387.88
2025-09-23,BACS NORTHFIELD SPORTSWEAR LTD NS008741,-67800.38,9457587.5
2025-09-23,BACS VELOCITY EQUIPMENT CO LTD VE-01767,-178373.47,9279214.03
2025-09-23,CARDPAY SETTLEMENT 20250922,99159.49,9378373.52
2025-09-24,CARDPAY SETTLEMENT 20250923,85637.74,9464011.26
2025-09-25,CARDPAY SETTLEMENT 20250924,85637.74,9549649.0
2025-09-26,CARDPAY SETTLEMENT 20250925,85637.74,9635286.74
2025-09-26,MKTPLACE PAYOUT S-0069,561553.96,10196840.7
2025-09-27,CARDPAY SETTLEMENT 20250926,90144.99,10286985.69
2025-09-28,CARDPAY SETTLEMENT 20250927,90144.99,10377130.68
2025-09-29,BACS NORTHFIELD SPORTSWEAR LTD NS008742,-89161.55,10287969.13
2025-09-29,CARDPAY SETTLEMENT 20250928,103666.74,10391635.87
2025-09-30,BACS LINKPARTNER AFFILIATES LTD LPA-06156,-32693.22,10358942.65
2025-09-30,BACS NORTHFIELD SPORTSWEAR LTD NS008743,-174364.38,10184578.27
2025-09-30,BACS SEARCHLY ADS LTD SRCH-07523,-196159.31,9988418.96
2025-09-30,BACS SOCIALREACH MEDIA LTD SRM04357,-98079.65,9890339.31
2025-09-30,CARDPAY SETTLEMENT 20250929,99159.49,9989498.8
2025-09-30,PAYROLL 2025-09,-567987.11,9421511.69
2025-10-01,BACS ASHCOMBE & ROWE LLP AR-4298,-48867.35,9372644.34
2025-10-01,BACS CLOUDSTACK SOFTWARE LTD CS-07633,-67192.6,9305451.74
2025-10-01,BACS HARBOURLINE INSURANCE LTD HI02507,-30542.1,9274909.64
2025-10-01,BACS KESTREL GRID ENERGY LTD KGE002535,-36650.51,9238259.13
2025-10-01,BACS MIDSHIRE LOGISTICS PARK LTD MLP8440,-122168.37,9116090.76
2025-10-01,BACS PEAK FOOTWEAR DISTRIBUTION LTD PFD/04914,-96282.33,9019808.43
2025-10-01,BACS PEAK FOOTWEAR DISTRIBUTION LTD PFD/04915,-174025.63,8845782.8
2025-10-01,BACS SUMMIT OUTDOOR GOODS LTD SOG-06467,-167944.95,8677837.85
2025-10-01,CARDPAY SETTLEMENT 20250930,85637.73,8763475.58
2025-10-02,BACS NORTHFIELD SPORTSWEAR LTD NS008744,-58401.74,8705073.84
2025-10-02,BACS PARCELCO LTD PC-003766,-147537.4,8557536.44
2025-10-02,BACS PARCELCO LTD PC-003768,-98873.62,8458662.82
2025-10-02,CARDPAY SETTLEMENT 20251001,76212.41,8534875.23
2025-10-03,CARDPAY SETTLEMENT 20251002,76212.41,8611087.64
2025-10-04,CARDPAY SETTLEMENT 20251003,80223.59,8691311.23
2025-10-05,CARDPAY SETTLEMENT 20251004,80223.59,8771534.82
2025-10-06,BACS APEX ATHLETIC SUPPLY LTD APX-01995,-46663.28,8724871.54
2025-10-06,BACS SUMMIT OUTDOOR GOODS LTD SOG-06468,-72993.07,8651878.47
2025-10-06,CARDPAY SETTLEMENT 20251005,92257.13,8744135.6
2025-10-07,CARDPAY SETTLEMENT 20251006,88245.95,8832381.55
2025-10-08,BACS STRIDE APPAREL LTD SA01259,-96608.31,8735773.24
2025-10-08,CARDPAY SETTLEMENT 20251007,76212.41,8811985.65
2025-10-09,CARDPAY SETTLEMENT 20251008,76212.41,8888198.06
2025-10-10,CARDPAY SETTLEMENT 20251009,76212.41,8964410.47
2025-10-10,MKTPLACE PAYOUT S-0070,557203.75,9521614.22
2025-10-11,CARDPAY SETTLEMENT 20251010,80223.59,9601837.81
2025-10-12,CARDPAY SETTLEMENT 20251011,80223.59,9682061.4
2025-10-13,BACS BRIGHTDESK IT LTD BIT05892,-70000,9612061.4
2025-10-13,BACS SUMMIT OUTDOOR GOODS LTD SOG-06469,-58734.5,9553326.9
2025-10-13,BACS SUMMIT OUTDOOR GOODS LTD SOG-06470,-49223.32,9504103.58
2025-10-13,CARDPAY SETTLEMENT 20251012,92257.13,9596360.71
2025-10-14,BACS APEX ATHLETIC SUPPLY LTD APX-01996,-136174.42,9460186.29
2025-10-14,BACS SUMMIT OUTDOOR GOODS LTD SOG-06471,-214457.52,9245728.77
2025-10-14,CARDPAY SETTLEMENT 20251013,88245.95,9333974.72
2025-10-15,BACS SUMMIT OUTDOOR GOODS LTD SOG-06472,-93178.7,9240796.02
2025-10-15,BACS VELOCITY EQUIPMENT CO LTD VE-01768,-201055.44,9039740.58
2025-10-15,CARDPAY SETTLEMENT 20251014,76212.41,9115952.99
2025-10-16,BACS PEAK FOOTWEAR DISTRIBUTION LTD PFD/04916,-176263.74,8939689.25
2025-10-16,BACS SUMMIT OUTDOOR GOODS LTD SOG-06473,-105407.53,8834281.72
2025-10-16,BACS VELOCITY EQUIPMENT CO LTD VE-01769,-163959.17,8670322.55
2025-10-16,CARDPAY SETTLEMENT 20251015,76212.41,8746534.96
2025-10-17,BACS PARCELCO LTD PC-003767,-146090.89,8600444.07
2025-10-17,BACS PARCELCO LTD PC-003769,-97904.37,8502539.7
2025-10-17,BACS SUMMIT OUTDOOR GOODS LTD SOG-06474,-142955.96,8359583.74
2025-10-17,CARDPAY SETTLEMENT 20251016,76212.41,8435796.15
2025-10-18,CARDPAY SETTLEMENT 20251017,80223.59,8516019.74
2025-10-19,CARDPAY SETTLEMENT 20251018,80223.59,8596243.33
2025-10-20,BACS APEX ATHLETIC SUPPLY LTD APX-01997,-95643.36,8500599.97
2025-10-20,BACS STRIDE APPAREL LTD SA01260,-119528.51,8381071.46
2025-10-20,BACS STRIDE APPAREL LTD SA01261,-64348.97,8316722.49
2025-10-20,CARDPAY SETTLEMENT 20251019,92257.13,8408979.62
2025-10-21,CARDPAY SETTLEMENT 20251020,88245.95,8497225.57
2025-10-22,BACS SUMMIT OUTDOOR GOODS LTD SOG-06475,-155982.99,8341242.58
2025-10-22,BACS VELOCITY EQUIPMENT CO LTD VE-01770,-134943.64,8206298.94
2025-10-22,CARDPAY SETTLEMENT 20251021,76212.41,8282511.35
2025-10-23,BACS STRIDE APPAREL LTD SA01262,-139460.47,8143050.88
2025-10-23,CARDPAY SETTLEMENT 20251022,76212.41,8219263.29
2025-10-24,BACS STRIDE APPAREL LTD SA01263,-134137.05,8085126.24
2025-10-24,CARDPAY SETTLEMENT 20251023,76212.41,8161338.65
2025-10-24,MKTPLACE PAYOUT S-0071,552853.4,8714192.05
2025-10-25,CARDPAY SETTLEMENT 20251024,80223.59,8794415.64
2025-10-26,CARDPAY SETTLEMENT 20251025,80223.59,8874639.23
2025-10-27,CARDPAY SETTLEMENT 20251026,92257.13,8966896.36
2025-10-28,CARDPAY SETTLEMENT 20251027,88245.95,9055142.31
2025-10-29,BACS APEX ATHLETIC SUPPLY LTD APX-01998,-54670.73,9000471.58
2025-10-29,CARDPAY SETTLEMENT 20251028,76212.41,9076683.99
2025-10-30,BACS LINKPARTNER AFFILIATES LTD LPA-06157,-27489.59,9049194.4
2025-10-30,BACS SEARCHLY ADS LTD SRCH-07524,-164937.55,8884256.85
2025-10-30,BACS SOCIALREACH MEDIA LTD SRM04358,-82468.77,8801788.08
2025-10-30,CARDPAY SETTLEMENT 20251029,76212.41,8878000.49
2025-10-31,BACS ASHCOMBE & ROWE LLP AR-4299,-50371.7,8827628.79
2025-10-31,BACS CLOUDSTACK SOFTWARE LTD CS-07634,-69261.09,8758367.7
2025-10-31,BACS HARBOURLINE INSURANCE LTD HI02508,-31482.31,8726885.39
2025-10-31,BACS KESTREL GRID ENERGY LTD KGE002536,-37778.78,8689106.61
2025-10-31,BACS MIDSHIRE LOGISTICS PARK LTD MLP8441,-125929.26,8563177.35
2025-10-31,CARDPAY SETTLEMENT 20251030,76212.41,8639389.76
2025-10-31,PAYROLL 2025-10,-573208.81,8066180.95
2025-11-01,CARDPAY SETTLEMENT 20251031,80223.56,8146404.51
2025-11-02,CARDPAY SETTLEMENT 20251101,96172.87,8242577.38
2025-11-03,BACS PARCELCO LTD PC-003770,-130838.28,8111739.1
2025-11-03,BACS PARCELCO LTD PC-003772,-100213.43,8011525.67
2025-11-03,CARDPAY SETTLEMENT 20251102,110598.81,8122124.48
2025-11-04,CARDPAY SETTLEMENT 20251103,105790.16,8227914.64
2025-11-05,BACS VELOCITY EQUIPMENT CO LTD VE-01771,-72742.71,8155171.93
2025-11-05,CARDPAY SETTLEMENT 20251104,91364.24,8246536.17
2025-11-06,BACS SUMMIT OUTDOOR GOODS LTD SOG-06476,-27985.67,8218550.5
2025-11-06,BACS VELOCITY EQUIPMENT CO LTD VE-01772,-76506.79,8142043.71
2025-11-06,CARDPAY SETTLEMENT 20251105,91364.24,8233407.95
2025-11-07,BACS STRIDE APPAREL LTD SA01264,-84528.43,8148879.52
2025-11-07,BACS VELOCITY EQUIPMENT CO LTD VE-01773,-92340.57,8056538.95
2025-11-07,CARDPAY SETTLEMENT 20251106,91364.24,8147903.19
2025-11-07,MKTPLACE PAYOUT S-0072,574616.56,8722519.75
2025-11-08,CARDPAY SETTLEMENT 20251107,96172.87,8818692.62
2025-11-09,CARDPAY SETTLEMENT 20251108,96172.87,8914865.49
2025-11-10,BACS APEX ATHLETIC SUPPLY LTD APX-01999,-128113.22,8786752.27
2025-11-10,CARDPAY SETTLEMENT 20251109,110598.81,8897351.08
2025-11-11,CARDPAY SETTLEMENT 20251110,105790.16,9003141.24
2025-11-12,BACS PEAK FOOTWEAR DISTRIBUTION LTD PFD/04917,-60277.25,8942863.99
2025-11-12,CARDPAY SETTLEMENT 20251111,91364.24,9034228.23
2025-11-13,CARDPAY SETTLEMENT 20251112,91364.24,9125592.47
2025-11-14,CARDPAY SETTLEMENT 20251113,91364.24,9216956.71
2025-11-15,CARDPAY SETTLEMENT 20251114,96172.87,9313129.58
2025-11-16,CARDPAY SETTLEMENT 20251115,96172.87,9409302.45
2025-11-17,BACS FULCRUM AUTOMATION LTD FA-03865,-70000,9339302.45
2025-11-17,BACS NORTHFIELD SPORTSWEAR LTD NS008745,-161845.73,9177456.72
2025-11-17,BACS NORTHFIELD SPORTSWEAR LTD NS008746,-159225.98,9018230.74
2025-11-17,BACS PARCELCO LTD PC-003771,-139474.43,8878756.31
2025-11-17,BACS PARCELCO LTD PC-003773,-106828.14,8771928.17
2025-11-17,BACS STRIDE APPAREL LTD SA01265,-100866.17,8671062.0
2025-11-17,CARDPAY SETTLEMENT 20251116,110598.81,8781660.81
2025-11-18,CARDPAY SETTLEMENT 20251117,105790.16,8887450.97
2025-11-19,BACS PEAK FOOTWEAR DISTRIBUTION LTD PFD/04918,-43066.64,8844384.33
2025-11-19,BACS SUMMIT OUTDOOR GOODS LTD SOG-06477,-36570.87,8807813.46
2025-11-19,CARDPAY SETTLEMENT 20251118,91364.24,8899177.7
2025-11-20,CARDPAY SETTLEMENT 20251119,91364.24,8990541.94
2025-11-21,CARDPAY SETTLEMENT 20251120,91364.24,9081906.18
2025-11-21,MKTPLACE PAYOUT S-0073,626433.52,9708339.7
2025-11-22,CARDPAY SETTLEMENT 20251121,96172.87,9804512.57
2025-11-23,CARDPAY SETTLEMENT 20251122,96172.87,9900685.44
2025-11-24,BACS STRIDE APPAREL LTD SA01266,-135640.41,9765045.03
2025-11-24,BACS STRIDE APPAREL LTD SA01267,-24482.34,9740562.69
2025-11-24,BACS SUMMIT OUTDOOR GOODS LTD SOG-06478,-59396.59,9681166.1
2025-11-24,CARDPAY SETTLEMENT 20251123,110598.81,9791764.91
2025-11-25,BACS STRIDE APPAREL LTD SA01268,-58256.3,9733508.61
2025-11-25,CARDPAY SETTLEMENT 20251124,105790.16,9839298.77
2025-11-26,BACS PEAK FOOTWEAR DISTRIBUTION LTD PFD/04919,-94631.42,9744667.35
2025-11-26,CARDPAY SETTLEMENT 20251125,91364.24,9836031.59
2025-11-27,BACS NORTHFIELD SPORTSWEAR LTD NS008747,-132151.16,9703880.43
2025-11-27,CARDPAY SETTLEMENT 20251126,91364.24,9795244.67
2025-11-28,BACS NORTHFIELD SPORTSWEAR LTD NS008748,-126541.39,9668703.28
2025-11-28,CARDPAY SETTLEMENT 20251127,91364.24,9760067.52
2025-11-28,PAYROLL 2025-11,-602309.34,9157758.18
2025-11-29,CARDPAY SETTLEMENT 20251128,288518.63,9446276.81
2025-11-30,CARDPAY SETTLEMENT 20251129,96172.87,9542449.68
2025-12-01,BACS ASHCOMBE & ROWE LLP AR-4300,-47209.27,9495240.41
2025-12-01,BACS CLOUDSTACK SOFTWARE LTD CS-07635,-64912.75,9430327.66
2025-12-01,BACS HARBOURLINE INSURANCE LTD HI02509,-29505.8,9400821.86
2025-12-01,BACS KESTREL GRID ENERGY LTD KGE002537,-35406.96,9365414.9
2025-12-01,BACS LINKPARTNER AFFILIATES LTD LPA-06158,-26451.14,9338963.76
2025-12-01,BACS MIDSHIRE LOGISTICS PARK LTD MLP8442,-118023.18,9220940.58
2025-12-01,BACS SEARCHLY ADS LTD SRCH-07525,-158706.85,9062233.73
2025-12-01,BACS SOCIALREACH MEDIA LTD SRM04359,-79353.42,8982880.31
2025-12-01,CARDPAY SETTLEMENT 20251130,110598.87,9093479.18
2025-12-02,BACS APEX ATHLETIC SUPPLY LTD APX-02000,-120718.7,8972760.48
2025-12-02,BACS NORTHFIELD SPORTSWEAR LTD NS008749,-80099.36,8892661.12
2025-12-02,BACS PARCELCO LTD PC-003774,-159204.01,8733457.11
2025-12-02,BACS PARCELCO LTD PC-003776,-113223.71,8620233.4
2025-12-02,BACS VELOCITY EQUIPMENT CO LTD VE-01774,-75032.16,8545201.24
2025-12-02,CARDPAY SETTLEMENT 20251201,225241.59,8770442.83
2025-12-03,CARDPAY SETTLEMENT 20251202,97263.42,8867706.25
2025-12-04,BACS PEAK FOOTWEAR DISTRIBUTION LTD PFD/04920,-60901.82,8806804.43
2025-12-04,BACS SUMMIT OUTDOOR GOODS LTD SOG-06479,-74825.93,8731978.5
2025-12-04,CARDPAY SETTLEMENT 20251203,97263.42,8829241.92
2025-12-05,BACS STRIDE APPAREL LTD SA01269,-80631.34,8748610.58
2025-12-05,CARDPAY SETTLEMENT 20251204,97263.42,8845874.0
2025-12-05,MKTPLACE PAYOUT S-0074,779126.11,9625000.11
2025-12-06,CARDPAY SETTLEMENT 20251205,102382.54,9727382.65
2025-12-07,CARDPAY SETTLEMENT 20251206,102382.54,9829765.19
2025-12-08,BACS APEX ATHLETIC SUPPLY LTD APX-02001,-48764.65,9781000.54
2025-12-08,BACS PEAK FOOTWEAR DISTRIBUTION LTD PFD/04921,-93796.3,9687204.24
2025-12-08,BACS STRIDE APPAREL LTD SA01270,-103887.66,9583316.58
2025-12-08,BACS SUMMIT OUTDOOR GOODS LTD SOG-06480,-121191.0,9462125.58
2025-12-08,BACS VELOCITY EQUIPMENT CO LTD VE-01775,-37187.83,9424937.75
2025-12-08,CARDPAY SETTLEMENT 20251207,117739.92,9542677.67
2025-12-09,CARDPAY SETTLEMENT 20251208,112620.8,9655298.47
2025-12-10,CARDPAY SETTLEMENT 20251209,97263.42,9752561.89
2025-12-11,BACS APEX ATHLETIC SUPPLY LTD APX-02002,-62182.93,9690378.96
2025-12-11,CARDPAY SETTLEMENT 20251210,97263.42,9787642.38
2025-12-12,CARDPAY SETTLEMENT 20251211,97263.42,9884905.8
2025-12-13,CARDPAY SETTLEMENT 20251212,102382.54,9987288.34
2025-12-14,CARDPAY SETTLEMENT 20251213,102382.54,10089670.88
2025-12-15,BACS APEX ATHLETIC SUPPLY LTD APX-02003,-53298.01,10036372.87
2025-12-15,BACS APEX ATHLETIC SUPPLY LTD APX-02004,-134532.41,9901840.46
2025-12-15,BACS BRIGHTDESK IT LTD BIT05893,-70000,9831840.46
2025-12-15,CARDPAY SETTLEMENT 20251214,117739.92,9949580.38
2025-12-16,BACS NORTHFIELD SPORTSWEAR LTD NS008750,-83601.75,9865978.63
2025-12-16,BACS SUMMIT OUTDOOR GOODS LTD SOG-06481,-186034.68,9679943.95
2025-12-16,CARDPAY SETTLEMENT 20251215,112620.8,9792564.75
2025-12-17,BACS PARCELCO LTD PC-003775,-181722.92,9610841.83
2025-12-17,BACS PARCELCO LTD PC-003777,-129238.92,9481602.91
2025-12-17,CARDPAY SETTLEMENT 20251216,97263.42,9578866.33
2025-12-18,CARDPAY SETTLEMENT 20251217,97263.42,9676129.75
2025-12-19,CARDPAY SETTLEMENT 20251218,97263.42,9773393.17
2025-12-19,MKTPLACE PAYOUT S-0075,698271.82,10471664.99
2025-12-20,CARDPAY SETTLEMENT 20251219,102382.54,10574047.53
2025-12-21,CARDPAY SETTLEMENT 20251220,102382.54,10676430.07
2025-12-22,BACS STRIDE APPAREL LTD SA01271,-70599.61,10605830.46
2025-12-22,BACS VELOCITY EQUIPMENT CO LTD VE-01776,-61951.37,10543879.09
2025-12-22,CARDPAY SETTLEMENT 20251221,117739.92,10661619.01
2025-12-23,BACS APEX ATHLETIC SUPPLY LTD APX-02005,-70019.55,10591599.46
2025-12-23,BACS STRIDE APPAREL LTD SA01272,-51383.74,10540215.72
2025-12-23,CARDPAY SETTLEMENT 20251222,112620.8,10652836.52
2025-12-24,CARDPAY SETTLEMENT 20251223,97263.42,10750099.94
2025-12-25,BACS STRIDE APPAREL LTD SA01273,-99089.86,10651010.08
2025-12-25,CARDPAY SETTLEMENT 20251224,97263.42,10748273.5
2025-12-26,BACS NORTHFIELD SPORTSWEAR LTD NS008751,-40256.53,10708016.97
2025-12-26,BACS VELOCITY EQUIPMENT CO LTD VE-01777,-71147.97,10636869.0
2025-12-26,CARDPAY SETTLEMENT 20251225,29179.03,10666048.03
2025-12-27,CARDPAY SETTLEMENT 20251226,184288.57,10850336.6
2025-12-28,CARDPAY SETTLEMENT 20251227,102382.54,10952719.14
2025-12-29,BACS STRIDE APPAREL LTD SA01274,-104616.16,10848102.98
2025-12-29,CARDPAY SETTLEMENT 20251228,117739.92,10965842.9
2025-12-30,BACS LINKPARTNER AFFILIATES LTD LPA-06159,-43943.17,10921899.73
2025-12-30,BACS NORTHFIELD SPORTSWEAR LTD NS008752,-75230.07,10846669.66
2025-12-30,BACS NORTHFIELD SPORTSWEAR LTD NS008753,-36041.59,10810628.07
2025-12-30,BACS SEARCHLY ADS LTD SRCH-07526,-263659.02,10546969.05
2025-12-30,BACS SOCIALREACH MEDIA LTD SRM04360,-131829.51,10415139.54
2025-12-30,CARDPAY SETTLEMENT 20251229,112620.8,10527760.34
2025-12-31,BACS ASHCOMBE & ROWE LLP AR-4301,-48375.59,10479384.75
2025-12-31,BACS CLOUDSTACK SOFTWARE LTD CS-07636,-66516.43,10412868.32
2025-12-31,BACS HARBOURLINE INSURANCE LTD HI02510,-30234.74,10382633.58
2025-12-31,BACS KESTREL GRID ENERGY LTD KGE002538,-36281.69,10346351.89
2025-12-31,BACS MIDSHIRE LOGISTICS PARK LTD MLP8443,-120938.97,10225412.92
2025-12-31,CARDPAY SETTLEMENT 20251230,97263.42,10322676.34
2025-12-31,PAYROLL 2025-12,-605034.97,9717641.37
2026-01-01,BACS PARCELCO LTD PC-003778,-174433.36,9543208.01
2026-01-01,BACS PARCELCO LTD PC-003780,-139159.04,9404048.97
2026-01-01,CARDPAY SETTLEMENT 20251231,97263.26,9501312.23
2026-01-02,CARDPAY SETTLEMENT 20260101,88516.97,9589829.2
2026-01-02,MKTPLACE PAYOUT S-0076,704910.32,10294739.52
2026-01-03,CARDPAY SETTLEMENT 20260102,93175.76,10387915.28
2026-01-04,CARDPAY SETTLEMENT 20260103,93175.76,10481091.04
2026-01-05,BACS VELOCITY EQUIPMENT CO LTD VE-01778,-97960.1,10383130.94
2026-01-05,CARDPAY SETTLEMENT 20260104,107152.11,10490283.05
2026-01-06,CARDPAY SETTLEMENT 20260105,102493.33,10592776.38
2026-01-07,CARDPAY SETTLEMENT 20260106,88516.97,10681293.35
2026-01-08,BACS APEX ATHLETIC SUPPLY LTD APX-02006,-176370.11,10504923.24
2026-01-08,BACS PEAK FOOTWEAR DISTRIBUTION LTD PFD/04922,-120461.06,10384462.18
2026-01-08,CARDPAY SETTLEMENT 20260107,88516.97,10472979.15
2026-01-09,BACS SUMMIT OUTDOOR GOODS LTD SOG-06482,-180086.89,10292892.26
2026-01-09,CARDPAY SETTLEMENT 20260108,88516.97,10381409.23
2026-01-10,CARDPAY SETTLEMENT 20260109,93175.76,10474584.99
2026-01-11,CARDPAY SETTLEMENT 20260110,93175.76,10567760.75
2026-01-12,BACS NORTHFIELD SPORTSWEAR LTD NS008754,-65203.8,10502556.95
2026-01-12,BACS STRIDE APPAREL LTD SA01275,-99523.67,10403033.28
2026-01-12,BACS SUMMIT OUTDOOR GOODS LTD SOG-06483,-125423.79,10277609.49
2026-01-12,BACS SUMMIT OUTDOOR GOODS LTD SOG-06484,-106786.37,10170823.12
2026-01-12,BACS SUMMIT OUTDOOR GOODS LTD SOG-06485,-80785.6,10090037.52
2026-01-12,CARDPAY SETTLEMENT 20260111,107152.11,10197189.63
2026-01-13,CARDPAY SETTLEMENT 20260112,102493.33,10299682.96
2026-01-14,BACS FULCRUM AUTOMATION LTD FA-03866,-70000,10229682.96
2026-01-14,CARDPAY SETTLEMENT 20260113,88516.97,10318199.93
2026-01-15,CARDPAY SETTLEMENT 20260114,88516.97,10406716.9
2026-01-16,BACS PEAK FOOTWEAR DISTRIBUTION LTD PFD/04923,-166480.31,10240236.59
2026-01-16,BACS STRIDE APPAREL LTD SA01276,-153153.11,10087083.48
2026-01-16,CARDPAY SETTLEMENT 20260115,88516.97,10175600.45
2026-01-16,MKTPLACE PAYOUT S-0077,591174.79,10766775.24
2026-01-17,CARDPAY SETTLEMENT 20260116,93175.76,10859951.0
2026-01-18,CARDPAY SETTLEMENT 20260117,93175.76,10953126.76
2026-01-19,BACS NORTHFIELD SPORTSWEAR LTD NS008755,-188763.33,10764363.43
2026-01-19,BACS PARCELCO LTD PC-003779,-172678.43,10591685.0
2026-01-19,BACS PARCELCO LTD PC-003781,-137758.99,10453926.01
2026-01-19,BACS PEAK FOOTWEAR DISTRIBUTION LTD PFD/04924,-163544.52,10290381.49
2026-01-19,CARDPAY SETTLEMENT 20260118,107152.11,10397533.6
2026-01-20,CARDPAY SETTLEMENT 20260119,102493.33,10500026.93
2026-01-21,BACS STRIDE APPAREL LTD SA01277,-125290.02,10374736.91
2026-01-21,CARDPAY SETTLEMENT 20260120,88516.97,10463253.88
2026-01-22,CARDPAY SETTLEMENT 20260121,88516.97,10551770.85
2026-01-23,CARDPAY SETTLEMENT 20260122,88516.97,10640287.82
2026-01-24,CARDPAY SETTLEMENT 20260123,93175.76,10733463.58
2026-01-25,CARDPAY SETTLEMENT 20260124,93175.76,10826639.34
2026-01-26,BACS NORTHFIELD SPORTSWEAR LTD NS008756,-84742.94,10741896.4
2026-01-26,BACS PEAK FOOTWEAR DISTRIBUTION LTD PFD/04925,-120165.71,10621730.69
2026-01-26,BACS STRIDE APPAREL LTD SA01278,-101939.45,10519791.24
2026-01-26,CARDPAY SETTLEMENT 20260125,107152.11,10626943.35
2026-01-27,CARDPAY SETTLEMENT 20260126,102493.33,10729436.68
2026-01-28,CARDPAY SETTLEMENT 20260127,88516.97,10817953.65
2026-01-29,BACS APEX ATHLETIC SUPPLY LTD APX-02007,-168037.2,10649916.45
2026-01-29,BACS STRIDE APPAREL LTD SA01279,-130126.96,10519789.49
2026-01-29,BACS STRIDE APPAREL LTD SA01280,-61166.89,10458622.6
2026-01-29,CARDPAY SETTLEMENT 20260128,88516.97,10547139.57
2026-01-30,BACS LINKPARTNER AFFILIATES LTD LPA-06160,-36326.98,10510812.59
2026-01-30,BACS SEARCHLY ADS LTD SRCH-07527,-217961.92,10292850.67
2026-01-30,BACS SOCIALREACH MEDIA LTD SRM04361,-108980.96,10183869.71
2026-01-30,BACS VELOCITY EQUIPMENT CO LTD VE-01779,-89697.36,10094172.35
2026-01-30,CARDPAY SETTLEMENT 20260129,88516.97,10182689.32
2026-01-30,MKTPLACE PAYOUT S-0078,583496.12,10766185.44
2026-01-30,PAYROLL 2026-01,-567938.51,10198246.93
2026-01-31,CARDPAY SETTLEMENT 20260130,93175.76,10291422.69
