invoice_id,supplier_name,invoice_no,invoice_date,period_posted,nominal,channel,amount,service_from,service_to,description
1,ParcelCo Limited,PC-003642,2023-02-18,2023-02,6000,Website,73654.65,2023-02-01,2023-02-15,"Parcel delivery, website account"
2,ParcelCo Limited,PC-003643,03/03/2023,2023-02,6000,Website,64417.48,2023-02-16,2023-02-28,"Parcel delivery, website account"
3,ParcelCo,PC-003644,2023-02-18,2023-02,6000,Marketplace,44907.63,2023-02-01,2023-02-15,"Parcel delivery, marketplace account"
4,PARCELCO LTD,PC-003645,2023-03-03,2023-02,6000,Marketplace,39275.65,2023-02-16,2023-02-28,"Parcel delivery, marketplace account"
5,SEARCHLY ADS LTD,SRCH-07493,2023-02-28,2023-02,6200,Website,92351.62,2023-02-01,2023-02-28,Advertising
6,Socialreach Media Limited,SRM04327,2023-02-28,2023-02,6200,Website,46175.81,2023-02-01,2023-02-28,Advertising
7,Linkpartner Affiliates Ltd ,LPA-06126,2023-02-28,2023-02,6200,Website,15391.93,2023-02-01,2023-02-28,Advertising
8,Midshire Logistics Park Limited,MLP8409,2023-02-01,2023-02,7100,Central,115759.20,2023-02-01,2023-02-01,Monthly charge
9,Cloudstack Software Limited,CS-07602,2023-02-01,2023-02,7110,Central,63667.56,2023-02-01,2023-02-01,Monthly charge
10,Kestrel Grid Energy Ltd,KGE002504,2023-02-01,2023-02,7120,Central,34727.76,2023-02-01,2023-02-01,Monthly charge
11,Ashcombe & Rowe LLP,AR-4267,01/02/2023,2023-02,7130,Central,"£46,303.68",2023-02-01,2023-02-01,Monthly charge
12,Harbourline Insurance,HI02476,01/02/2023,2023-02,7140,Central,28939.81,2023-02-01,2023-02-01,Monthly charge
13,Fulcrum Automation,FA-03849,11/02/2023,2023-02,1500,Central,70000.00,2023-02-01,2023-02-11,Warehouse and IT equipment
14,Northfield Sportswear Ltd,NS008595,03/02/2023,2023-02,1200,Central,28905.22,2023-02-01,2023-02-03,Stock purchase
15,Peak Footwear Distribution Ltd ,PFD/04802,03/02/2023,2023-02,1200,Central,47872.38,2023-02-01,2023-02-03,Stock purchase
16,Velocity Equipment Co Ltd,VE-01652,2023-02-03,2023-02,1200,Central,49645.84,2023-02-01,2023-02-03,Stock purchase
17,Apex Athletic Supply Limited,APX-01888,2023-02-04,2023-02,1200,Central,"£32,025.33",2023-02-01,2023-02-04,Stock purchase
18,Northfield Sportswear Ltd ,NS008596,2023-02-04,2023-02,1200,Central,15780.52,2023-02-01,2023-02-04,Stock purchase
19,Apex Athletic Supply Ltd,APX-01889,2023-02-05,2023-02,1200,Central,67971.42,2023-02-01,2023-02-05,Stock purchase
20,APEX ATHLETIC SUPPLY LTD,APX-01890,2023-02-07,2023-02,1200,Central,60728.69,2023-02-01,2023-02-07,Stock purchase
21,Summit Outdoor Goods Limited,SOG-06368,2023-02-08,2023-02,1200,Central,50486.04,2023-02-01,2023-02-08,Stock purchase
22,Peak Footwear Distribution Ltd,PFD/04803,2023-02-10,2023-02,1200,Central,26906.96,2023-02-01,2023-02-10,Stock purchase
23,Summit Outdoor Goods Limited,SOG-06369,2023-02-11,2023-02,1200,Central,41741.26,2023-02-01,2023-02-11,Stock purchase
24,Peak Footwear Distribution Ltd ,PFD/04804,2023-02-12,2023-02,1200,Central,"£21,079.63",2023-02-01,2023-02-12,Stock purchase
25,STRIDE APPAREL LTD,SA01112,14/02/2023,2023-02,1200,Central,"£63,752.70",2023-02-01,2023-02-14,Stock purchase
26,Peak Footwear Distribution Ltd,PFD/04805,2023-02-16,2023-02,1200,Central,"£61,637.92",2023-02-01,2023-02-16,Stock purchase
27,Stride Apparel Ltd ,SA01113,2023-02-16,2023-02,1200,Central,67534.65,2023-02-01,2023-02-16,Stock purchase
28,VELOCITY EQUIPMENT CO LTD,VE-01653,2023-02-17,2023-02,1200,Central,35359.38,2023-02-01,2023-02-17,Stock purchase
29,Velocity Equipment Co Ltd ,VE-01654,2023-02-17,2023-02,1200,Central,34377.44,2023-02-01,2023-02-17,Stock purchase
30,Velocity Equipment Co,VE-01655,2023-02-17,2023-02,1200,Central,63097.92,2023-02-01,2023-02-17,Stock purchase
31,Northfield Sportswear Ltd ,NS008597,2023-02-19,2023-02,1200,Central,39506.24,2023-02-01,2023-02-19,Stock purchase
32,Velocity Equipment Co Limited,VE-01656,2023-02-19,2023-02,1200,Central,65885.00,2023-02-01,2023-02-19,Stock purchase
33,Velocity Equipment Co Ltd,VE-01657,2023-02-22,2023-02,1200,Central,58428.26,2023-02-01,2023-02-22,Stock purchase
34,Northfield Sportswear Ltd,NS008598,2023-02-22,2023-02,1200,Central,"£48,116.28",2023-02-01,2023-02-22,Stock purchase
35,VELOCITY EQUIPMENT CO LTD,VE-01658,2023-02-22,2023-02,1200,Central,19179.79,2023-02-01,2023-02-22,Stock purchase
36,PEAK FOOTWEAR DISTRIBUTION LTD,PFD/04806,2023-02-22,2023-02,1200,Central,62314.31,2023-02-01,2023-02-22,Stock purchase
37,Northfield Sportswear Limited,NS008599,2023-02-28,2023-02,1200,Central,"£23,145.90",2023-02-01,2023-02-28,Stock purchase
38,ParcelCo Ltd ,PC-003646,18/03/2023,2023-03,6000,Website,79217.11,2023-03-01,2023-03-15,"Parcel delivery, website account"
39,ParcelCo Ltd ,PC-003647,2023-04-03,2023-03,6000,Website,"£84,445.99",2023-03-16,2023-03-31,"Parcel delivery, website account"
40,ParcelCo Limited,PC-003648,18/03/2023,2023-03,6000,Marketplace,48567.64,2023-03-01,2023-03-15,"Parcel delivery, marketplace account"
41,PARCELCO LTD,PC-003649,2023-04-03,2023-03,6000,Marketplace,"£51,773.41",2023-03-16,2023-03-31,"Parcel delivery, marketplace account"
42,Searchly Ads,SRCH-07494,31/03/2023,2023-03,6200,Website,"£108,177.61",2023-03-01,2023-03-31,Advertising
43,Socialreach Media Ltd ,SRM04328,31/03/2023,2023-03,6200,Website,"£54,088.81",2023-03-01,2023-03-31,Advertising
44,LINKPARTNER AFFILIATES LTD,LPA-06127,2023-03-31,2023-03,6200,Website,"£18,029.60",2023-03-01,2023-03-31,Advertising
45,MIDSHIRE LOGISTICS PARK LTD,MLP8410,01/03/2023,2023-03,7100,Central,107235.06,2023-03-01,2023-03-01,Monthly charge
46,Cloudstack Software Limited,CS-07603,2023-03-01,2023-03,7110,Central,58979.28,2023-03-01,2023-03-01,Monthly charge
47,Kestrel Grid Energy Limited,KGE002505,2023-03-01,2023-03,7120,Central,32170.52,2023-03-01,2023-03-01,Monthly charge
48,Ashcombe & Rowe LLP ,AR-4268,01/03/2023,2023-03,7130,Central,42894.02,2023-03-01,2023-03-01,Monthly charge
49,Harbourline Insurance,HI02477,2023-03-01,2023-03,7140,Central,26808.77,2023-03-01,2023-03-01,Monthly charge
50,Brightdesk IT Ltd ,BIT05877,2023-03-06,2023-03,1500,Central,"£70,000.00",2023-03-01,2023-03-06,Warehouse and IT equipment
51,Northfield Sportswear Limited,NS008600,2023-03-03,2023-03,1200,Central,55739.12,2023-03-01,2023-03-03,Stock purchase
52,VELOCITY EQUIPMENT CO LTD,VE-01659,2023-03-03,2023-03,1200,Central,"£28,472.95",2023-03-01,2023-03-03,Stock purchase
53,Stride Apparel,SA01114,2023-03-03,2023-03,1200,Central,"£51,964.22",2023-03-01,2023-03-03,Stock purchase
54,Stride Apparel,SA01115,2023-03-04,2023-03,1200,Central,48796.34,2023-03-01,2023-03-04,Stock purchase
55,PEAK FOOTWEAR DISTRIBUTION LTD,PFD/04807,2023-03-04,2023-03,1200,Central,21827.36,2023-03-01,2023-03-04,Stock purchase
56,SUMMIT OUTDOOR GOODS LTD,SOG-06370,2023-03-05,2023-03,1200,Central,34763.48,2023-03-01,2023-03-05,Stock purchase
57,Northfield Sportswear Ltd,NS008601,2023-03-05,2023-03,1200,Central,"£53,285.23",2023-03-01,2023-03-05,Stock purchase
58,Northfield Sportswear Limited,NS008602,2023-03-07,2023-03,1200,Central,26678.81,2023-03-01,2023-03-07,Stock purchase
59,APEX ATHLETIC SUPPLY LTD,APX-01891,08/03/2023,2023-03,1200,Central,60938.93,2023-03-01,2023-03-08,Stock purchase
60,STRIDE APPAREL LTD,SA01116,2023-03-08,2023-03,1200,Central,"£31,715.94",2023-03-01,2023-03-08,Stock purchase
61,Northfield Sportswear Ltd,NS008603,2023-03-08,2023-03,1200,Central,38920.37,2023-03-01,2023-03-08,Stock purchase
62,SUMMIT OUTDOOR GOODS LTD,SOG-06371,2023-03-09,2023-03,1200,Central,"£53,730.83",2023-03-01,2023-03-09,Stock purchase
63,Peak Footwear Distribution,PFD/04808,10/03/2023,2023-03,1200,Central,39872.72,2023-03-01,2023-03-10,Stock purchase
64,Velocity Equipment Co Ltd,VE-01660,2023-03-10,2023-03,1200,Central,"£72,564.86",2023-03-01,2023-03-10,Stock purchase
65,VELOCITY EQUIPMENT CO LTD,VE-01661,2023-03-12,2023-03,1200,Central,73489.59,2023-03-01,2023-03-12,Stock purchase
66,Summit Outdoor Goods Ltd ,SOG-06372,13/03/2023,2023-03,1200,Central,56375.15,2023-03-01,2023-03-13,Stock purchase
67,NORTHFIELD SPORTSWEAR LTD,NS008604,2023-03-15,2023-03,1200,Central,38901.24,2023-03-01,2023-03-15,Stock purchase
68,Summit Outdoor Goods Limited,SOG-06373,17/03/2023,2023-03,1200,Central,71037.02,2023-03-01,2023-03-17,Stock purchase
69,Apex Athletic Supply Limited,APX-01892,19/03/2023,2023-03,1200,Central,"£27,349.53",2023-03-01,2023-03-19,Stock purchase
70,Northfield Sportswear Ltd,NS008605,19/03/2023,2023-03,1200,Central,"£47,914.65",2023-03-01,2023-03-19,Stock purchase
71,Apex Athletic Supply Ltd,APX-01893,19/03/2023,2023-03,1200,Central,37853.17,2023-03-01,2023-03-19,Stock purchase
72,STRIDE APPAREL LTD,SA01117,19/03/2023,2023-03,1200,Central,52841.33,2023-03-01,2023-03-19,Stock purchase
73,VELOCITY EQUIPMENT CO LTD,VE-01662,2023-03-24,2023-03,1200,Central,66079.07,2023-03-01,2023-03-24,Stock purchase
74,Summit Outdoor Goods,SOG-06374,27/03/2023,2023-03,1200,Central,58341.58,2023-03-01,2023-03-27,Stock purchase
75,STRIDE APPAREL LTD,SA01118,2023-03-27,2023-03,1200,Central,41163.31,2023-03-01,2023-03-27,Stock purchase
76,Peak Footwear Distribution,PFD/04809,28/03/2023,2023-03,1200,Central,52841.57,2023-03-01,2023-03-28,Stock purchase
77,Northfield Sportswear Ltd ,NS008606,2023-03-30,2023-03,1200,Central,64040.14,2023-03-01,2023-03-30,Stock purchase
78,ParcelCo,PC-003650,2023-04-18,2023-04,6000,Website,"£82,944.62",2023-04-01,2023-04-15,"Parcel delivery, website account"
79,ParcelCo Limited,PC-003651,03/05/2023,2023-05,6000,Website,83763.15,2023-04-16,2023-04-30,"Parcel delivery, website account"
80,ParcelCo Limited,PC-003652,2023-04-18,2023-04,6000,Marketplace,50052.19,2023-04-01,2023-04-15,"Parcel delivery, marketplace account"
81,ParcelCo,PC-003653,03/05/2023,2023-05,6000,Marketplace,50546.09,2023-04-16,2023-04-30,"Parcel delivery, marketplace account"
82,SEARCHLY ADS LTD,SRCH-07495,30/04/2023,2023-04,6200,Website,106398.14,2023-04-01,2023-04-30,Advertising
83,SOCIALREACH MEDIA LTD,SRM04329,2023-04-30,2023-04,6200,Website,"£53,199.07",2023-04-01,2023-04-30,Advertising
84,Linkpartner Affiliates,LPA-06128,30/04/2023,2023-04,6200,Website,17733.03,2023-04-01,2023-04-30,Advertising
85,MIDSHIRE LOGISTICS PARK LTD,MLP8411,01/04/2023,2023-04,7100,Central,106607.84,2023-04-01,2023-04-01,Monthly charge
86,Cloudstack Software Ltd,CS-07604,2023-04-01,2023-04,7110,Central,58634.31,2023-04-01,2023-04-01,Monthly charge
87,Kestrel Grid Energy Ltd,KGE002506,2023-04-01,2023-04,7120,Central,31982.35,2023-04-01,2023-04-01,Monthly charge
88,Ashcombe & Rowe LLP,AR-4269,2023-04-01,2023-04,7130,Central,"£42,643.14",2023-04-01,2023-04-01,Monthly charge
89,Harbourline Insurance Limited,HI02478,01/04/2023,2023-04,7140,Central,26651.97,2023-04-01,2023-04-01,Monthly charge
90,Fulcrum Automation Ltd ,FA-03850,11/04/2023,2023-04,1500,Central,70000.00,2023-04-01,2023-04-11,Warehouse and IT equipment
91,Northfield Sportswear Ltd ,NS008607,2023-04-01,2023-04,1200,Central,"£23,897.42",2023-04-01,2023-04-01,Stock purchase
92,Northfield Sportswear,NS008608,02/04/2023,2023-04,1200,Central,54141.66,2023-04-01,2023-04-02,Stock purchase
93,Summit Outdoor Goods Ltd ,SOG-06375,2023-04-03,2023-04,1200,Central,73510.39,2023-04-01,2023-04-03,Stock purchase
94,Summit Outdoor Goods Ltd,SOG-06376,2023-04-05,2023-04,1200,Central,22158.42,2023-04-01,2023-04-05,Stock purchase
95,Summit Outdoor Goods Limited,SOG-06377,2023-04-06,2023-04,1200,Central,31911.02,2023-04-01,2023-04-06,Stock purchase
96,Apex Athletic Supply Ltd,APX-01894,2023-04-06,2023-04,1200,Central,31258.11,2023-04-01,2023-04-06,Stock purchase
97,Apex Athletic Supply Ltd,APX-01895,2023-04-08,2023-04,1200,Central,62436.33,2023-04-01,2023-04-08,Stock purchase
98,APEX ATHLETIC SUPPLY LTD,APX-01896,2023-04-08,2023-04,1200,Central,79926.97,2023-04-01,2023-04-08,Stock purchase
99,Northfield Sportswear Ltd,NS008609,2023-04-09,2023-04,1200,Central,"£58,554.98",2023-04-01,2023-04-09,Stock purchase
100,Summit Outdoor Goods Ltd,SOG-06378,2023-04-09,2023-04,1200,Central,56631.13,2023-04-01,2023-04-09,Stock purchase
101,Summit Outdoor Goods Ltd ,SOG-06379,12/04/2023,2023-04,1200,Central,"£47,803.64",2023-04-01,2023-04-12,Stock purchase
102,Stride Apparel Limited,SA01119,13/04/2023,2023-04,1200,Central,92342.00,2023-04-01,2023-04-13,Stock purchase
103,Stride Apparel,SA01120,2023-04-14,2023-04,1200,Central,57121.01,2023-04-01,2023-04-14,Stock purchase
104,Summit Outdoor Goods Limited,SOG-06380,2023-04-14,2023-04,1200,Central,59660.86,2023-04-01,2023-04-14,Stock purchase
105,APEX ATHLETIC SUPPLY LTD,APX-01897,2023-04-16,2023-04,1200,Central,21080.43,2023-04-01,2023-04-16,Stock purchase
106,Stride Apparel Ltd ,SA01121,2023-04-18,2023-04,1200,Central,83210.11,2023-04-01,2023-04-18,Stock purchase
107,Northfield Sportswear Ltd ,NS008610,18/04/2023,2023-04,1200,Central,92457.20,2023-04-01,2023-04-18,Stock purchase
108,PEAK FOOTWEAR DISTRIBUTION LTD,PFD/04810,2023-04-18,2023-04,1200,Central,30123.55,2023-04-01,2023-04-18,Stock purchase
109,Velocity Equipment Co Ltd ,VE-01663,2023-04-19,2023-04,1200,Central,"£55,503.93",2023-04-01,2023-04-19,Stock purchase
110,Northfield Sportswear Ltd ,NS008611,20/04/2023,2023-04,1200,Central,"£68,953.08",2023-04-01,2023-04-20,Stock purchase
111,Summit Outdoor Goods Limited,SOG-06381,2023-04-22,2023-04,1200,Central,23845.96,2023-04-01,2023-04-22,Stock purchase
112,Velocity Equipment Co Ltd ,VE-01664,2023-04-26,2023-04,1200,Central,73816.22,2023-04-01,2023-04-26,Stock purchase
113,Peak Footwear Distribution Limited,PFD/04811,28/04/2023,2023-04,1200,Central,62165.64,2023-04-01,2023-04-28,Stock purchase
114,Summit Outdoor Goods,SOG-06382,2023-04-30,2023-04,1200,Central,40287.41,2023-04-01,2023-04-30,Stock purchase
115,ParcelCo Ltd ,PC-003654,2023-05-18,2023-05,6000,Website,98604.52,2023-05-01,2023-05-15,"Parcel delivery, website account"
116,ParcelCo Limited,PC-003655,2023-06-03,2023-06,6000,Website,103760.38,2023-05-16,2023-05-31,"Parcel delivery, website account"
117,ParcelCo,PC-003656,2023-05-18,2023-05,6000,Marketplace,59745.16,2023-05-01,2023-05-15,"Parcel delivery, marketplace account"
118,ParcelCo Ltd ,PC-003657,2023-06-03,2023-06,6000,Marketplace,"£62,869.07",2023-05-16,2023-05-31,"Parcel delivery, marketplace account"
119,Searchly Ads Ltd ,SRCH-07496,2023-05-31,2023-05,6200,Website,140456.62,2023-05-01,2023-05-31,Advertising
120,SOCIALREACH MEDIA LTD,SRM04330,31/05/2023,2023-05,6200,Website,"£70,228.31",2023-05-01,2023-05-31,Advertising
121,Linkpartner Affiliates,LPA-06129,2023-05-31,2023-05,6200,Website,23409.44,2023-05-01,2023-05-31,Advertising
122,Midshire Logistics Park,MLP8412,2023-05-01,2023-05,7100,Central,"£113,028.73",2023-05-01,2023-05-01,Monthly charge
123,CLOUDSTACK SOFTWARE LTD,CS-07605,01/05/2023,2023-05,7110,Central,"£62,165.80",2023-05-01,2023-05-01,Monthly charge
124,Kestrel Grid Energy Limited,KGE002507,2023-05-01,2023-05,7120,Central,33908.62,2023-05-01,2023-05-01,Monthly charge
125,Ashcombe & Rowe LLP,AR-4270,2023-05-01,2023-05,7130,Central,45211.49,2023-05-01,2023-05-01,Monthly charge
126,Harbourline Insurance Limited,HI02479,2023-05-01,2023-05,7140,Central,28257.18,2023-05-01,2023-05-01,Monthly charge
127,BRIGHTDESK IT LTD,BIT05878,12/05/2023,2023-05,1500,Central,"£70,000.00",2023-05-01,2023-05-12,Warehouse and IT equipment
128,Velocity Equipment Co,VE-01665,2023-05-01,2023-05,1200,Central,"£74,025.36",2023-05-01,2023-05-01,Stock purchase
129,PEAK FOOTWEAR DISTRIBUTION LTD,PFD/04812,2023-05-02,2023-05,1200,Central,82689.15,2023-05-01,2023-05-02,Stock purchase
130,Summit Outdoor Goods,SOG-06383,03/05/2023,2023-05,1200,Central,91653.41,2023-05-01,2023-05-03,Stock purchase
131,Stride Apparel,SA01122,05/05/2023,2023-05,1200,Central,85334.10,2023-05-01,2023-05-05,Stock purchase
132,Apex Athletic Supply Limited,APX-01898,07/05/2023,2023-05,1200,Central,80601.19,2023-05-01,2023-05-07,Stock purchase
133,Peak Footwear Distribution Ltd,PFD/04813,10/05/2023,2023-05,1200,Central,49818.47,2023-05-01,2023-05-10,Stock purchase
134,Stride Apparel,SA01123,2023-05-10,2023-05,1200,Central,23622.56,2023-05-01,2023-05-10,Stock purchase
135,STRIDE APPAREL LTD,SA01124,2023-05-12,2023-05,1200,Central,39872.75,2023-05-01,2023-05-12,Stock purchase
136,Apex Athletic Supply Ltd,APX-01899,2023-05-12,2023-05,1200,Central,57849.03,2023-05-01,2023-05-12,Stock purchase
137,Stride Apparel,SA01125,13/05/2023,2023-05,1200,Central,56599.31,2023-05-01,2023-05-13,Stock purchase
138,SUMMIT OUTDOOR GOODS LTD,SOG-06384,2023-05-13,2023-05,1200,Central,"£46,770.86",2023-05-01,2023-05-13,Stock purchase
139,Velocity Equipment Co Limited,VE-01666,2023-05-14,2023-05,1200,Central,"£81,639.19",2023-05-01,2023-05-14,Stock purchase
140,NORTHFIELD SPORTSWEAR LTD,NS008612,2023-05-14,2023-05,1200,Central,53507.08,2023-05-01,2023-05-14,Stock purchase
141,Apex Athletic Supply,APX-01900,2023-05-18,2023-05,1200,Central,61549.68,2023-05-01,2023-05-18,Stock purchase
142,APEX ATHLETIC SUPPLY LTD,APX-01901,2023-05-20,2023-05,1200,Central,"£101,136.52",2023-05-01,2023-05-20,Stock purchase
143,Summit Outdoor Goods Ltd ,SOG-06385,2023-05-21,2023-05,1200,Central,57610.08,2023-05-01,2023-05-21,Stock purchase
144,Apex Athletic Supply Ltd ,APX-01902,23/05/2023,2023-05,1200,Central,53752.08,2023-05-01,2023-05-23,Stock purchase
145,Stride Apparel,SA01126,2023-05-24,2023-05,1200,Central,60252.80,2023-05-01,2023-05-24,Stock purchase
146,STRIDE APPAREL LTD,SA01127,25/05/2023,2023-05,1200,Central,41668.18,2023-05-01,2023-05-25,Stock purchase
147,Northfield Sportswear Limited,NS008613,25/05/2023,2023-05,1200,Central,49213.13,2023-05-01,2023-05-25,Stock purchase
148,Northfield Sportswear Ltd ,NS008614,2023-05-27,2023-05,1200,Central,69297.92,2023-05-01,2023-05-27,Stock purchase
149,Stride Apparel Limited,SA01128,2023-05-28,2023-05,1200,Central,76966.03,2023-05-01,2023-05-28,Stock purchase
150,Northfield Sportswear Limited,NS008615,2023-05-29,2023-05,1200,Central,20894.21,2023-05-01,2023-05-29,Stock purchase
151,VELOCITY EQUIPMENT CO LTD,VE-01667,2023-05-30,2023-05,1200,Central,"£97,532.72",2023-05-01,2023-05-30,Stock purchase
152,SUMMIT OUTDOOR GOODS LTD,SOG-06386,2023-05-30,2023-05,1200,Central,"£56,262.55",2023-05-01,2023-05-30,Stock purchase
153,PARCELCO LTD,PC-003658,18/06/2023,2023-06,6000,Website,100688.31,2023-06-01,2023-06-15,"Parcel delivery, website account"
154,PARCELCO LTD,PC-003659,2023-07-03,2023-06,6000,Website,"£101,020.64",2023-06-16,2023-06-30,"Parcel delivery, website account"
155,PARCELCO LTD,PC-003660,18/06/2023,2023-06,6000,Marketplace,"£69,270.09",2023-06-01,2023-06-15,"Parcel delivery, marketplace account"
156,ParcelCo Ltd ,PC-003661,2023-07-03,2023-06,6000,Marketplace,69498.69,2023-06-16,2023-06-30,"Parcel delivery, marketplace account"
157,Searchly Ads Ltd,SRCH-07497,2023-06-30,2023-06,6200,Website,141068.08,2023-06-01,2023-06-30,Advertising
158,Socialreach Media Ltd,SRM04331,2023-06-30,2023-06,6200,Website,70534.04,2023-06-01,2023-06-30,Advertising
159,Linkpartner Affiliates Limited,LPA-06130,2023-06-30,2023-06,6200,Website,"£23,511.35",2023-06-01,2023-06-30,Advertising
160,Midshire Logistics Park,MLP8413,01/06/2023,2023-06,7100,Central,111092.09,2023-06-01,2023-06-01,Monthly charge
161,Cloudstack Software Ltd ,CS-07606,2023-06-01,2023-06,7110,Central,61100.65,2023-06-01,2023-06-01,Monthly charge
162,Kestrel Grid Energy,KGE002508,2023-06-01,2023-06,7120,Central,"£33,327.63",2023-06-01,2023-06-01,Monthly charge
163,Ashcombe & Rowe LLP,AR-4271,2023-06-01,2023-06,7130,Central,"£44,436.84",2023-06-01,2023-06-01,Monthly charge
164,Harbourline Insurance Ltd,HI02480,2023-06-01,2023-06,7140,Central,27773.02,2023-06-01,2023-06-01,Monthly charge
165,Fulcrum Automation,FA-03851,2023-06-09,2023-06,7150,Central,70000.00,2023-06-01,2023-06-09,Warehouse and IT equipment
166,Stride Apparel Ltd ,SA01129,2023-06-05,2023-06,1200,Central,59318.61,2023-06-01,2023-06-05,Stock purchase
167,Stride Apparel Ltd ,SA01130,2023-06-06,2023-06,1200,Central,22578.68,2023-06-01,2023-06-06,Stock purchase
168,Apex Athletic Supply Limited,APX-01903,2023-06-07,2023-06,1200,Central,59705.03,2023-06-01,2023-06-07,Stock purchase
169,Velocity Equipment Co Ltd,VE-01668,2023-06-10,2023-06,1200,Central,"£43,665.93",2023-06-01,2023-06-10,Stock purchase
170,Stride Apparel,SA01131,2023-06-12,2023-06,1200,Central,"£89,896.92",2023-06-01,2023-06-12,Stock purchase
171,STRIDE APPAREL LTD,SA01132,12/06/2023,2023-06,1200,Central,"£15,449.54",2023-06-01,2023-06-12,Stock purchase
172,Northfield Sportswear,NS008616,2023-06-15,2023-06,1200,Central,51388.67,2023-06-01,2023-06-15,Stock purchase
173,Stride Apparel Limited,SA01133,2023-06-15,2023-06,1200,Central,77727.65,2023-06-01,2023-06-15,Stock purchase
174,APEX ATHLETIC SUPPLY LTD,APX-01904,2023-06-16,2023-06,1200,Central,"£66,748.85",2023-06-01,2023-06-16,Stock purchase
175,Stride Apparel Ltd ,SA01134,16/06/2023,2023-06,1200,Central,"£74,899.50",2023-06-01,2023-06-16,Stock purchase
176,Apex Athletic Supply Ltd ,APX-01905,17/06/2023,2023-06,1200,Central,"£72,547.08",2023-06-01,2023-06-17,Stock purchase
177,Velocity Equipment Co,VE-01669,2023-06-18,2023-06,1200,Central,47784.94,2023-06-01,2023-06-18,Stock purchase
178,Stride Apparel,SA01135,19/06/2023,2023-06,1200,Central,"£88,263.40",2023-06-01,2023-06-19,Stock purchase
179,APEX ATHLETIC SUPPLY LTD,APX-01906,20/06/2023,2023-06,1200,Central,"£81,738.75",2023-06-01,2023-06-20,Stock purchase
180,Stride Apparel Ltd,SA01136,2023-06-23,2023-06,1200,Central,84349.32,2023-06-01,2023-06-23,Stock purchase
181,Apex Athletic Supply Ltd ,APX-01907,2023-06-24,2023-06,1200,Central,53421.74,2023-06-01,2023-06-24,Stock purchase
182,Peak Footwear Distribution Ltd,PFD/04814,2023-06-25,2023-06,1200,Central,51579.94,2023-06-01,2023-06-25,Stock purchase
183,Stride Apparel,SA01137,2023-06-25,2023-06,1200,Central,81423.13,2023-06-01,2023-06-25,Stock purchase
184,Northfield Sportswear Ltd ,NS008617,25/06/2023,2023-06,1200,Central,56003.43,2023-06-01,2023-06-25,Stock purchase
185,Peak Footwear Distribution Ltd ,PFD/04815,26/06/2023,2023-06,1200,Central,47471.29,2023-06-01,2023-06-26,Stock purchase
186,NORTHFIELD SPORTSWEAR LTD,NS008618,2023-06-28,2023-06,1200,Central,85787.22,2023-06-01,2023-06-28,Stock purchase
187,Peak Footwear Distribution,PFD/04816,2023-06-29,2023-06,1200,Central,89717.02,2023-06-01,2023-06-29,Stock purchase
188,Northfield Sportswear,NS008619,2023-06-29,2023-06,1200,Central,"£49,734.43",2023-06-01,2023-06-29,Stock purchase
189,NORTHFIELD SPORTSWEAR LTD,NS008620,2023-06-29,2023-06,1200,Central,53855.98,2023-06-01,2023-06-29,Stock purchase
190,VELOCITY EQUIPMENT CO LTD,VE-01670,2023-06-30,2023-06,1200,Central,"£69,377.73",2023-06-01,2023-06-30,Stock purchase
191,Peak Footwear Distribution,PFD/04817,2023-06-30,2023-06,1200,Central,66232.34,2023-06-01,2023-06-30,Stock purchase
192,STRIDE APPAREL LTD,SA01138,2023-06-30,2023-06,1200,Central,81931.90,2023-06-01,2023-06-30,Stock purchase
193,ParcelCo Ltd ,PC-003662,18/07/2023,2023-07,6000,Website,"£111,426.13",2023-07-01,2023-07-15,"Parcel delivery, website account"
194,ParcelCo Limited,PC-003663,03/08/2023,2023-07,6000,Website,"£120,589.49",2023-07-16,2023-07-31,"Parcel delivery, website account"
195,PARCELCO LTD,PC-003664,2023-07-18,2023-07,6000,Marketplace,"£62,266.99",2023-07-01,2023-07-15,"Parcel delivery, marketplace account"
196,ParcelCo Ltd ,PC-003665,2023-08-03,2023-07,6000,Marketplace,"£67,387.61",2023-07-16,2023-07-31,"Parcel delivery, marketplace account"
197,SEARCHLY ADS LTD,SRCH-07498,2023-07-31,2023-07,6200,Website,153407.64,2023-07-01,2023-07-31,Advertising
198,Socialreach Media Ltd ,SRM04332,2023-07-31,2023-07,6200,Website,"£76,703.82",2023-07-01,2023-07-31,Advertising
199,LINKPARTNER AFFILIATES LTD,LPA-06131,31/07/2023,2023-07,6200,Website,"£25,567.94",2023-07-01,2023-07-31,Advertising
200,Midshire Logistics Park Ltd,MLP8414,01/07/2023,2023-07,7100,Central,"£104,447.64",2023-07-01,2023-07-01,Monthly charge
201,CLOUDSTACK SOFTWARE LTD,CS-07607,2023-07-01,2023-07,7110,Central,"£57,446.20",2023-07-01,2023-07-01,Monthly charge
202,Kestrel Grid Energy Ltd ,KGE002509,2023-07-01,2023-07,7120,Central,"£31,334.29",2023-07-01,2023-07-01,Monthly charge
203,Ashcombe & Rowe LLP,AR-4272,01/07/2023,2023-07,7130,Central,41779.06,2023-07-01,2023-07-01,Monthly charge
204,Harbourline Insurance Ltd,HI02481,01/07/2023,2023-07,7140,Central,"£26,111.91",2023-07-01,2023-07-01,Monthly charge
205,Brightdesk IT Ltd ,BIT05879,08/07/2023,2023-07,1500,Central,70000.00,2023-07-01,2023-07-08,Warehouse and IT equipment
206,Velocity Equipment Co Ltd ,VE-01671,2023-07-02,2023-07,1200,Central,"£108,589.25",2023-07-01,2023-07-02,Stock purchase
207,Apex Athletic Supply,APX-01908,2023-07-02,2023-07,1200,Central,41444.31,2023-07-01,2023-07-02,Stock purchase
208,Peak Footwear Distribution Ltd,PFD/04818,2023-07-03,2023-07,1200,Central,54962.59,2023-07-01,2023-07-03,Stock purchase
209,Apex Athletic Supply Ltd,APX-01909,05/07/2023,2023-07,1200,Central,"£123,608.73",2023-07-01,2023-07-05,Stock purchase
210,Peak Footwear Distribution Ltd ,PFD/04819,2023-07-05,2023-07,1200,Central,115497.81,2023-07-01,2023-07-05,Stock purchase
211,Velocity Equipment Co Limited,VE-01672,2023-07-06,2023-07,1200,Central,63325.77,2023-07-01,2023-07-06,Stock purchase
212,Velocity Equipment Co Ltd,VE-01673,07/07/2023,2023-07,1200,Central,"£59,950.54",2023-07-01,2023-07-07,Stock purchase
213,Northfield Sportswear Limited,NS008621,2023-07-08,2023-07,1200,Central,"£75,011.84",2023-07-01,2023-07-08,Stock purchase
214,Summit Outdoor Goods Ltd,SOG-06387,2023-07-09,2023-07,1200,Central,54105.93,2023-07-01,2023-07-09,Stock purchase
215,Velocity Equipment Co,VE-01674,2023-07-10,2023-07,1200,Central,86945.76,2023-07-01,2023-07-10,Stock purchase
216,STRIDE APPAREL LTD,SA01139,10/07/2023,2023-07,1200,Central,83152.92,2023-07-01,2023-07-10,Stock purchase
217,Peak Footwear Distribution,PFD/04820,2023-07-10,2023-07,1200,Central,89897.45,2023-07-01,2023-07-10,Stock purchase
218,PEAK FOOTWEAR DISTRIBUTION LTD,PFD/04821,2023-07-11,2023-07,1200,Central,"£97,184.86",2023-07-01,2023-07-11,Stock purchase
219,PEAK FOOTWEAR DISTRIBUTION LTD,PFD/04822,14/07/2023,2023-07,1200,Central,121757.95,2023-07-01,2023-07-14,Stock purchase
220,Stride Apparel Ltd,SA01140,2023-07-16,2023-07,1200,Central,89031.21,2023-07-01,2023-07-16,Stock purchase
221,Velocity Equipment Co Ltd,VE-01675,2023-07-19,2023-07,1200,Central,"£75,745.78",2023-07-01,2023-07-19,Stock purchase
222,Summit Outdoor Goods,SOG-06388,20/07/2023,2023-07,1200,Central,75252.07,2023-07-01,2023-07-20,Stock purchase
223,Stride Apparel Ltd ,SA01141,2023-07-21,2023-07,1200,Central,22888.84,2023-07-01,2023-07-21,Stock purchase
224,Northfield Sportswear,NS008622,2023-07-22,2023-07,1200,Central,97142.81,2023-07-01,2023-07-22,Stock purchase
225,APEX ATHLETIC SUPPLY LTD,APX-01910,2023-07-23,2023-07,1200,Central,"£86,899.08",2023-07-01,2023-07-23,Stock purchase
226,Velocity Equipment Co Ltd ,VE-01676,2023-07-26,2023-07,1200,Central,91746.37,2023-07-01,2023-07-26,Stock purchase
227,PEAK FOOTWEAR DISTRIBUTION LTD,PFD/04823,2023-07-26,2023-07,1200,Central,"£35,507.65",2023-07-01,2023-07-26,Stock purchase
228,SUMMIT OUTDOOR GOODS LTD,SOG-06389,2023-07-30,2023-07,1200,Central,"£90,366.01",2023-07-01,2023-07-30,Stock purchase
229,ParcelCo Limited,PC-003666,2023-08-18,2023-08,6000,Website,"£122,180.57",2023-08-01,2023-08-15,"Parcel delivery, website account"
230,ParcelCo,PC-003667,03/09/2023,2023-08,6000,Website,129842.07,2023-08-16,2023-08-31,"Parcel delivery, website account"
231,ParcelCo,PC-003668,2023-08-18,2023-08,6000,Marketplace,72062.64,2023-08-01,2023-08-15,"Parcel delivery, marketplace account"
232,ParcelCo Limited,PC-003669,03/09/2023,2023-08,6000,Marketplace,"£76,581.50",2023-08-16,2023-08-31,"Parcel delivery, marketplace account"
233,Searchly Ads Limited,SRCH-07499,31/08/2023,2023-08,6200,Website,160191.49,2023-08-01,2023-08-31,Advertising
234,SOCIALREACH MEDIA LTD,SRM04333,2023-08-31,2023-08,6200,Website,80095.75,2023-08-01,2023-08-31,Advertising
235,Linkpartner Affiliates Ltd ,LPA-06132,2023-08-31,2023-08,6200,Website,26698.58,2023-08-01,2023-08-31,Advertising
236,MIDSHIRE LOGISTICS PARK LTD,MLP8415,01/08/2023,2023-08,7100,Central,109269.46,2023-08-01,2023-08-01,Monthly charge
237,CLOUDSTACK SOFTWARE LTD,CS-07608,2023-08-01,2023-08,7110,Central,60098.20,2023-08-01,2023-08-01,Monthly charge
238,KESTREL GRID ENERGY LTD,KGE002510,01/08/2023,2023-08,7120,Central,32780.84,2023-08-01,2023-08-01,Monthly charge
239,ASHCOMBE & ROWE LLP,AR-4273,2023-08-01,2023-08,7130,Central,43707.78,2023-08-01,2023-08-01,Monthly charge
240,HARBOURLINE INSURANCE LTD,HI02482,2023-08-01,2023-08,7140,Central,27317.36,2023-08-01,2023-08-01,Monthly charge
241,Fulcrum Automation,FA-03852,2023-08-18,2023-08,1500,Central,70000.00,2023-08-01,2023-08-18,Warehouse and IT equipment
242,Summit Outdoor Goods,SOG-06390,07/08/2023,2023-08,1200,Central,84881.48,2023-08-01,2023-08-07,Stock purchase
243,NORTHFIELD SPORTSWEAR LTD,NS008623,2023-08-08,2023-08,1200,Central,96197.89,2023-08-01,2023-08-08,Stock purchase
244,Stride Apparel Ltd ,SA01142,2023-08-08,2023-08,1200,Central,127015.29,2023-08-01,2023-08-08,Stock purchase
245,SUMMIT OUTDOOR GOODS LTD,SOG-06391,10/08/2023,2023-08,1200,Central,94249.82,2023-08-01,2023-08-10,Stock purchase
246,Summit Outdoor Goods,SOG-06392,10/08/2023,2023-08,1200,Central,81303.13,2023-08-01,2023-08-10,Stock purchase
247,Peak Footwear Distribution Ltd,PFD/04824,11/08/2023,2023-08,1200,Central,117778.38,2023-08-01,2023-08-11,Stock purchase
248,Northfield Sportswear Ltd ,NS008624,2023-08-11,2023-08,1200,Central,31546.64,2023-08-01,2023-08-11,Stock purchase
249,Northfield Sportswear Limited,NS008625,2023-08-11,2023-08,1200,Central,28648.82,2023-08-01,2023-08-11,Stock purchase
250,Peak Footwear Distribution Ltd,PFD/04825,13/08/2023,2023-08,1200,Central,36516.44,2023-08-01,2023-08-13,Stock purchase
251,Summit Outdoor Goods Ltd ,SOG-06393,13/08/2023,2023-08,1200,Central,"£115,245.42",2023-08-01,2023-08-13,Stock purchase
252,Northfield Sportswear Ltd ,NS008626,2023-08-14,2023-08,1200,Central,"£161,646.31",2023-08-01,2023-08-14,Stock purchase
253,Velocity Equipment Co Ltd,VE-01677,2023-08-16,2023-08,1200,Central,162044.04,2023-08-01,2023-08-16,Stock purchase
254,Apex Athletic Supply Ltd ,APX-01911,2023-08-17,2023-08,1200,Central,126328.90,2023-08-01,2023-08-17,Stock purchase
255,NORTHFIELD SPORTSWEAR LTD,NS008627,2023-08-20,2023-08,1200,Central,52945.55,2023-08-01,2023-08-20,Stock purchase
256,SUMMIT OUTDOOR GOODS LTD,SOG-06394,25/08/2023,2023-08,1200,Central,97866.81,2023-08-01,2023-08-25,Stock purchase
257,Summit Outdoor Goods Limited,SOG-06395,2023-08-26,2023-08,1200,Central,32231.69,2023-08-01,2023-08-26,Stock purchase
258,Apex Athletic Supply Ltd ,APX-01912,2023-08-26,2023-08,1200,Central,101442.88,2023-08-01,2023-08-26,Stock purchase
259,Northfield Sportswear Ltd ,NS008628,28/08/2023,2023-08,1200,Central,156115.10,2023-08-01,2023-08-28,Stock purchase
260,Velocity Equipment Co Ltd,VE-01678,2023-08-28,2023-08,1200,Central,"£118,295.55",2023-08-01,2023-08-28,Stock purchase
261,Peak Footwear Distribution,PFD/04826,2023-08-30,2023-08,1200,Central,37942.38,2023-08-01,2023-08-30,Stock purchase
262,Stride Apparel Ltd,SA01143,2023-08-31,2023-08,1200,Central,72440.12,2023-08-01,2023-08-31,Stock purchase
263,ParcelCo,PC-003670,2023-09-18,2023-09,6000,Website,106697.62,2023-09-01,2023-09-15,"Parcel delivery, website account"
264,ParcelCo Limited,PC-003671,2023-10-03,2023-09,6000,Website,106697.73,2023-09-16,2023-09-30,"Parcel delivery, website account"
265,ParcelCo Ltd,PC-003672,2023-09-18,2023-09,6000,Marketplace,67964.04,2023-09-01,2023-09-15,"Parcel delivery, marketplace account"
266,ParcelCo Ltd ,PC-003673,2023-10-03,2023-09,6000,Marketplace,67964.07,2023-09-16,2023-09-30,"Parcel delivery, marketplace account"
267,Searchly Ads Limited,SRCH-07500,2023-09-30,2023-09,6200,Website,148209.83,2023-09-01,2023-09-30,Advertising
268,Socialreach Media,SRM04334,2023-09-30,2023-09,6200,Website,"£74,104.91",2023-09-01,2023-09-30,Advertising
269,LINKPARTNER AFFILIATES LTD,LPA-06133,2023-09-30,2023-09,7110,Website,"£24,701.64",2023-09-01,2023-09-30,Advertising
270,Midshire Logistics Park Ltd ,MLP8416,2023-09-01,2023-09,7100,Central,112506.29,2023-09-01,2023-09-01,Monthly charge
271,Cloudstack Software Limited,CS-07609,2023-09-01,2023-09,7110,Central,"£61,878.46",2023-09-01,2023-09-01,Monthly charge
272,Kestrel Grid Energy,KGE002511,01/09/2023,2023-09,7120,Central,33751.89,2023-09-01,2023-09-01,Monthly charge
273,ASHCOMBE & ROWE LLP,AR-4274,2023-09-01,2023-09,7130,Central,45002.52,2023-09-01,2023-09-01,Monthly charge
274,Harbourline Insurance Ltd,HI02483,2023-09-01,2023-09,7140,Central,28126.57,2023-09-01,2023-09-01,Monthly charge
275,Brightdesk IT Limited,BIT05880,2023-09-13,2023-09,1500,Central,70000.00,2023-09-01,2023-09-13,Warehouse and IT equipment
276,Northfield Sportswear Ltd ,NS008629,2023-09-02,2023-09,1200,Central,"£30,162.30",2023-09-01,2023-09-02,Stock purchase
277,STRIDE APPAREL LTD,SA01144,2023-09-02,2023-09,1200,Central,"£109,140.17",2023-09-01,2023-09-02,Stock purchase
278,Stride Apparel Ltd,SA01145,2023-09-05,2023-09,1200,Central,53576.40,2023-09-01,2023-09-05,Stock purchase
279,Stride Apparel,SA01146,2023-09-06,2023-09,1200,Central,"£93,194.67",2023-09-01,2023-09-06,Stock purchase
280,Summit Outdoor Goods Limited,SOG-06396,2023-09-07,2023-09,1200,Central,74421.73,2023-09-01,2023-09-07,Stock purchase
281,Velocity Equipment Co,VE-01679,2023-09-08,2023-09,1200,Central,107870.53,2023-09-01,2023-09-08,Stock purchase
282,Stride Apparel Ltd,SA01147,2023-09-10,2023-09,1200,Central,"£55,796.58",2023-09-01,2023-09-10,Stock purchase
283,Northfield Sportswear,NS008630,2023-09-10,2023-09,1200,Central,"£130,480.09",2023-09-01,2023-09-10,Stock purchase
284,Peak Footwear Distribution Ltd ,PFD/04827,2023-09-12,2023-09,1200,Central,"£55,908.00",2023-09-01,2023-09-12,Stock purchase
285,Peak Footwear Distribution,PFD/04828,2023-09-13,2023-09,1200,Central,63350.32,2023-09-01,2023-09-13,Stock purchase
286,Peak Footwear Distribution Limited,PFD/04829,2023-09-13,2023-09,1200,Central,82584.03,2023-09-01,2023-09-13,Stock purchase
287,Northfield Sportswear,NS008631,2023-09-14,2023-09,1200,Central,80890.03,2023-09-01,2023-09-14,Stock purchase
288,PEAK FOOTWEAR DISTRIBUTION LTD,PFD/04830,2023-09-15,2023-09,1200,Central,"£50,783.79",2023-09-01,2023-09-15,Stock purchase
289,STRIDE APPAREL LTD,SA01148,2023-09-17,2023-09,1200,Central,"£120,631.72",2023-09-01,2023-09-17,Stock purchase
290,Peak Footwear Distribution Ltd,PFD/04831,2023-09-20,2023-09,1200,Central,81995.23,2023-09-01,2023-09-20,Stock purchase
291,Peak Footwear Distribution,PFD/04832,2023-09-22,2023-09,1200,Central,91785.04,2023-09-01,2023-09-22,Stock purchase
292,Northfield Sportswear,NS008632,22/09/2023,2023-09,1200,Central,75694.56,2023-09-01,2023-09-22,Stock purchase
293,Apex Athletic Supply Ltd ,APX-01913,2023-09-22,2023-09,1200,Central,74065.72,2023-09-01,2023-09-22,Stock purchase
294,NORTHFIELD SPORTSWEAR LTD,NS008633,2023-09-23,2023-09,1200,Central,81475.26,2023-09-01,2023-09-23,Stock purchase
295,Summit Outdoor Goods Ltd,SOG-06397,2023-09-25,2023-09,1200,Central,"£50,680.71",2023-09-01,2023-09-25,Stock purchase
296,Velocity Equipment Co Ltd ,VE-01680,26/09/2023,2023-09,1200,Central,"£26,472.08",2023-09-01,2023-09-26,Stock purchase
297,Peak Footwear Distribution Ltd,PFD/04833,2023-09-27,2023-09,1200,Central,81043.71,2023-09-01,2023-09-27,Stock purchase
298,Northfield Sportswear Ltd ,NS008634,2023-09-29,2023-09,1200,Central,"£90,412.90",2023-09-01,2023-09-29,Stock purchase
299,ParcelCo Ltd ,PC-003674,18/10/2023,2023-10,6000,Website,106030.02,2023-10-01,2023-10-15,"Parcel delivery, website account"
300,ParcelCo Ltd,PC-003675,2023-11-03,2023-10,6000,Website,112246.73,2023-10-16,2023-10-31,"Parcel delivery, website account"
301,PARCELCO LTD,PC-003676,2023-10-18,2023-10,6000,Marketplace,"£60,262.76",2023-10-01,2023-10-15,"Parcel delivery, marketplace account"
302,ParcelCo,PC-003677,2023-11-03,2023-11,6000,Marketplace,"£63,796.11",2023-10-16,2023-10-31,"Parcel delivery, marketplace account"
303,Searchly Ads Limited,SRCH-07501,2023-10-31,2023-10,7110,Website,"£136,277.25",2023-10-01,2023-10-31,Advertising
304,Socialreach Media,SRM04335,31/10/2023,2023-10,6200,Website,68138.62,2023-10-01,2023-10-31,Advertising
305,Linkpartner Affiliates Ltd,LPA-06134,2023-10-31,2023-10,7110,Website,22712.88,2023-10-01,2023-10-31,Advertising
306,Midshire Logistics Park Ltd,MLP8417,01/10/2023,2023-10,7100,Central,"£116,564.43",2023-10-01,2023-10-01,Monthly charge
307,Cloudstack Software Ltd ,CS-07610,2023-10-01,2023-10,6200,Central,64110.44,2023-10-01,2023-10-01,Monthly charge
308,Kestrel Grid Energy Ltd,KGE002512,2023-10-01,2023-10,7120,Central,34969.33,2023-10-01,2023-10-01,Monthly charge
309,Ashcombe & Rowe LLP,AR-4275,2023-10-01,2023-10,7130,Central,"£46,625.77",2023-10-01,2023-10-01,Monthly charge
310,Harbourline Insurance,HI02484,01/10/2023,2023-10,7140,Central,29141.11,2023-10-01,2023-10-01,Monthly charge
311,FULCRUM AUTOMATION LTD,FA-03853,20/10/2023,2023-10,1500,Central,"£70,000.00",2023-10-01,2023-10-20,Warehouse and IT equipment
312,Velocity Equipment Co Ltd ,VE-01681,01/10/2023,2023-10,1200,Central,82319.24,2023-10-01,2023-10-01,Stock purchase
313,Velocity Equipment Co,VE-01682,2023-10-03,2023-10,1200,Central,78177.44,2023-10-01,2023-10-03,Stock purchase
314,Stride Apparel Limited,SA01149,05/10/2023,2023-10,1200,Central,93365.03,2023-10-01,2023-10-05,Stock purchase
315,Stride Apparel Ltd ,SA01150,09/10/2023,2023-10,1200,Central,79483.96,2023-10-01,2023-10-09,Stock purchase
316,Northfield Sportswear Ltd ,NS008635,2023-10-09,2023-10,1200,Central,49576.04,2023-10-01,2023-10-09,Stock purchase
317,Stride Apparel Limited,SA01151,09/10/2023,2023-10,1200,Central,48771.23,2023-10-01,2023-10-09,Stock purchase
318,APEX ATHLETIC SUPPLY LTD,APX-01914,09/10/2023,2023-10,1200,Central,94862.09,2023-10-01,2023-10-09,Stock purchase
319,Summit Outdoor Goods Ltd ,SOG-06398,2023-10-09,2023-10,1200,Central,82626.31,2023-10-01,2023-10-09,Stock purchase
320,Northfield Sportswear Ltd ,NS008636,10/10/2023,2023-10,1200,Central,23569.92,2023-10-01,2023-10-10,Stock purchase
321,Northfield Sportswear Limited,NS008637,11/10/2023,2023-10,1200,Central,67255.71,2023-10-01,2023-10-11,Stock purchase
322,Apex Athletic Supply,APX-01915,2023-10-12,2023-10,1200,Central,68236.28,2023-10-01,2023-10-12,Stock purchase
323,Summit Outdoor Goods Limited,SOG-06399,2023-10-14,2023-10,1200,Central,95176.95,2023-10-01,2023-10-14,Stock purchase
324,Peak Footwear Distribution,PFD/04834,2023-10-15,2023-10,1200,Central,34396.52,2023-10-01,2023-10-15,Stock purchase
325,Northfield Sportswear,NS008638,2023-10-16,2023-10,1200,Central,87809.74,2023-10-01,2023-10-16,Stock purchase
326,Peak Footwear Distribution,PFD/04835,17/10/2023,2023-10,1200,Central,63360.01,2023-10-01,2023-10-17,Stock purchase
327,NORTHFIELD SPORTSWEAR LTD,NS008639,2023-10-17,2023-10,1200,Central,90343.07,2023-10-01,2023-10-17,Stock purchase
328,Velocity Equipment Co Ltd ,VE-01683,19/10/2023,2023-10,1200,Central,"£28,314.34",2023-10-01,2023-10-19,Stock purchase
329,Peak Footwear Distribution Ltd ,PFD/04836,20/10/2023,2023-10,1200,Central,"£64,848.81",2023-10-01,2023-10-20,Stock purchase
330,Peak Footwear Distribution,PFD/04837,2023-10-22,2023-10,1200,Central,62322.01,2023-10-01,2023-10-22,Stock purchase
331,Summit Outdoor Goods Ltd,SOG-06400,23/10/2023,2023-10,1200,Central,24948.64,2023-10-01,2023-10-23,Stock purchase
332,Summit Outdoor Goods Ltd,SOG-06401,2023-10-24,2023-10,1200,Central,71450.98,2023-10-01,2023-10-24,Stock purchase
333,Northfield Sportswear Limited,NS008640,25/10/2023,2023-10,1200,Central,"£31,596.96",2023-10-01,2023-10-25,Stock purchase
334,Apex Athletic Supply Ltd,APX-01916,25/10/2023,2023-10,1200,Central,25586.46,2023-10-01,2023-10-25,Stock purchase
335,Peak Footwear Distribution Limited,PFD/04838,2023-10-29,2023-10,1200,Central,59012.14,2023-10-01,2023-10-29,Stock purchase
336,Apex Athletic Supply Ltd ,APX-01917,2023-10-30,2023-10,1200,Central,49301.11,2023-10-01,2023-10-30,Stock purchase
337,Stride Apparel Limited,SA01152,2023-10-30,2023-10,1200,Central,80196.50,2023-10-01,2023-10-30,Stock purchase
338,ParcelCo Limited,PC-003678,2023-11-18,2023-11,6000,Website,"£118,867.20",2023-11-01,2023-11-15,"Parcel delivery, website account"
339,PARCELCO LTD,PC-003679,03/12/2023,2023-11,6000,Website,143189.83,2023-11-16,2023-11-30,"Parcel delivery, website account"
340,ParcelCo Limited,PC-003680,18/11/2023,2023-11,6000,Marketplace,71864.71,2023-11-01,2023-11-15,"Parcel delivery, marketplace account"
341,ParcelCo Ltd,PC-003681,03/12/2023,2023-11,6000,Marketplace,86569.68,2023-11-16,2023-11-30,"Parcel delivery, marketplace account"
342,SEARCHLY ADS LTD,SRCH-07502,2023-11-30,2023-11,6200,Website,"£163,576.45",2023-11-01,2023-11-30,Advertising
343,Socialreach Media Ltd ,SRM04336,2023-11-30,2023-11,6200,Website,"£81,788.22",2023-11-01,2023-11-30,Advertising
344,LINKPARTNER AFFILIATES LTD,LPA-06135,2023-11-30,2023-11,6200,Website,27262.74,2023-11-01,2023-11-30,Advertising
345,Midshire Logistics Park Ltd,MLP8418,2023-11-01,2023-11,7100,Central,107659.91,2023-11-01,2023-11-01,Monthly charge
346,Cloudstack Software Limited,CS-07611,2023-11-01,2023-11,7110,Central,"£59,212.95",2023-11-01,2023-11-01,Monthly charge
347,Kestrel Grid Energy,KGE002513,01/11/2023,2023-11,7120,Central,32297.97,2023-11-01,2023-11-01,Monthly charge
348,ASHCOMBE & ROWE LLP,AR-4276,01/11/2023,2023-11,7130,Central,43063.96,2023-11-01,2023-11-01,Monthly charge
349,Harbourline Insurance,HI02485,2023-11-01,2023-11,7140,Central,26914.99,2023-11-01,2023-11-01,Monthly charge
350,BRIGHTDESK IT LTD,BIT05881,2023-11-12,2023-11,1500,Central,70000.00,2023-11-01,2023-11-12,Warehouse and IT equipment
351,Stride Apparel Limited,SA01153,03/11/2023,2023-11,1200,Central,"£135,878.39",2023-11-01,2023-11-03,Stock purchase
352,Apex Athletic Supply,APX-01918,2023-11-03,2023-11,1200,Central,60135.38,2023-11-01,2023-11-03,Stock purchase
353,Northfield Sportswear,NS008641,2023-11-06,2023-11,1200,Central,170300.64,2023-11-01,2023-11-06,Stock purchase
354,Stride Apparel,SA01154,2023-11-06,2023-11,1200,Central,64710.90,2023-11-01,2023-11-06,Stock purchase
355,Peak Footwear Distribution Ltd,PFD/04839,2023-11-08,2023-11,1200,Central,36332.50,2023-11-01,2023-11-08,Stock purchase
356,Summit Outdoor Goods Limited,SOG-06402,2023-11-09,2023-11,1200,Central,55616.66,2023-11-01,2023-11-09,Stock purchase
357,Summit Outdoor Goods Ltd,SOG-06403,2023-11-09,2023-11,1200,Central,"£113,558.07",2023-11-01,2023-11-09,Stock purchase
358,Stride Apparel Ltd ,SA01155,10/11/2023,2023-11,1200,Central,"£97,009.24",2023-11-01,2023-11-10,Stock purchase
359,Apex Athletic Supply Limited,APX-01919,11/11/2023,2023-11,1200,Central,152601.42,2023-11-01,2023-11-11,Stock purchase
360,Northfield Sportswear,NS008642,2023-11-12,2023-11,1200,Central,"£160,383.70",2023-11-01,2023-11-12,Stock purchase
361,Apex Athletic Supply,APX-01920,2023-11-13,2023-11,1200,Central,74637.18,2023-11-01,2023-11-13,Stock purchase
362,VELOCITY EQUIPMENT CO LTD,VE-01684,2023-11-14,2023-11,1200,Central,180748.98,2023-11-01,2023-11-14,Stock purchase
363,Northfield Sportswear Ltd ,NS008643,2023-11-15,2023-11,1200,Central,35959.65,2023-11-01,2023-11-15,Stock purchase
364,Northfield Sportswear Limited,NS008644,17/11/2023,2023-11,1200,Central,"£116,725.99",2023-11-01,2023-11-17,Stock purchase
365,Velocity Equipment Co,VE-01685,18/11/2023,2023-11,1200,Central,"£51,432.04",2023-11-01,2023-11-18,Stock purchase
366,Northfield Sportswear,NS008645,22/11/2023,2023-11,1200,Central,86597.49,2023-11-01,2023-11-22,Stock purchase
367,APEX ATHLETIC SUPPLY LTD,APX-01921,2023-11-24,2023-11,1200,Central,"£87,124.70",2023-11-01,2023-11-24,Stock purchase
368,Stride Apparel Ltd ,SA01156,24/11/2023,2023-11,1200,Central,100153.32,2023-11-01,2023-11-24,Stock purchase
369,Northfield Sportswear,NS008646,27/11/2023,2023-11,1200,Central,"£32,743.33",2023-11-01,2023-11-27,Stock purchase
370,Apex Athletic Supply Ltd,APX-01922,2023-11-29,2023-11,1200,Central,94011.35,2023-11-01,2023-11-29,Stock purchase
371,VELOCITY EQUIPMENT CO LTD,VE-01686,2023-11-30,2023-11,1200,Central,124726.20,2023-11-01,2023-11-30,Stock purchase
372,ParcelCo Limited,PC-003682,2023-12-18,2023-12,6000,Website,138382.36,2023-12-01,2023-12-15,"Parcel delivery, website account"
373,PARCELCO LTD,PC-003683,03/01/2024,2023-12,6000,Website,148761.01,2023-12-16,2023-12-31,"Parcel delivery, website account"
374,ParcelCo Ltd,PC-003684,2023-12-18,2023-12,6000,Marketplace,"£77,766.43",2023-12-01,2023-12-15,"Parcel delivery, marketplace account"
375,PARCELCO LTD,PC-003685,2024-01-03,2023-12,6000,Marketplace,83598.97,2023-12-16,2023-12-31,"Parcel delivery, marketplace account"
376,SEARCHLY ADS LTD,SRCH-07503,2023-12-31,2023-12,6200,Website,"£177,573.56",2023-12-01,2023-12-31,Advertising
377,Socialreach Media Ltd ,SRM04337,2023-12-31,2023-12,6200,Website,88786.78,2023-12-01,2023-12-31,Advertising
378,Linkpartner Affiliates Ltd,LPA-06136,2023-12-31,2023-12,6200,Website,29595.59,2023-12-01,2023-12-31,Advertising
379,Midshire Logistics Park Ltd ,MLP8419,2023-12-01,2023-12,7100,Central,115070.95,2023-12-01,2023-12-01,Monthly charge
380,Cloudstack Software Ltd ,CS-07612,2023-12-01,2023-12,7110,Central,63289.02,2023-12-01,2023-12-01,Monthly charge
381,Kestrel Grid Energy Ltd,KGE002514,01/12/2023,2023-12,7120,Central,34521.29,2023-12-01,2023-12-01,Monthly charge
382,ASHCOMBE & ROWE LLP,AR-4277,2023-12-01,2023-12,7130,Central,46028.38,2023-12-01,2023-12-01,Monthly charge
383,HARBOURLINE INSURANCE LTD,HI02486,01/12/2023,2023-12,7140,Central,28767.74,2023-12-01,2023-12-01,Monthly charge
384,Fulcrum Automation Ltd ,FA-03854,16/12/2023,2023-12,1500,Central,70000.00,2023-12-01,2023-12-16,Warehouse and IT equipment
385,Summit Outdoor Goods Ltd ,SOG-06404,02/12/2023,2023-12,1200,Central,140548.84,2023-12-01,2023-12-02,Stock purchase
386,STRIDE APPAREL LTD,SA01157,2023-12-04,2023-12,1200,Central,152974.52,2023-12-01,2023-12-04,Stock purchase
387,VELOCITY EQUIPMENT CO LTD,VE-01687,2023-12-05,2023-12,1200,Central,153396.52,2023-12-01,2023-12-05,Stock purchase
388,Northfield Sportswear Ltd,NS008647,2023-12-05,2023-12,1200,Central,116336.95,2023-12-01,2023-12-05,Stock purchase
389,Stride Apparel Ltd ,SA01158,2023-12-06,2023-12,1200,Central,68065.95,2023-12-01,2023-12-06,Stock purchase
390,VELOCITY EQUIPMENT CO LTD,VE-01688,2023-12-09,2023-12,1200,Central,189967.87,2023-12-01,2023-12-09,Stock purchase
391,Summit Outdoor Goods Limited,SOG-06405,2023-12-10,2023-12,1200,Central,"£114,371.69",2023-12-01,2023-12-10,Stock purchase
392,Northfield Sportswear Ltd ,NS008648,2023-12-13,2023-12,1200,Central,"£196,461.92",2023-12-01,2023-12-13,Stock purchase
393,VELOCITY EQUIPMENT CO LTD,VE-01689,2023-12-13,2023-12,1200,Central,152708.87,2023-12-01,2023-12-13,Stock purchase
394,Northfield Sportswear Ltd,NS008649,2023-12-14,2023-12,1200,Central,"£100,504.39",2023-12-01,2023-12-14,Stock purchase
395,Summit Outdoor Goods Ltd,SOG-06406,2023-12-16,2023-12,1200,Central,42267.78,2023-12-01,2023-12-16,Stock purchase
396,Northfield Sportswear Ltd ,NS008650,2023-12-17,2023-12,1200,Central,40150.20,2023-12-01,2023-12-17,Stock purchase
397,NORTHFIELD SPORTSWEAR LTD,NS008651,17/12/2023,2023-12,1200,Central,"£114,953.59",2023-12-01,2023-12-17,Stock purchase
398,Peak Footwear Distribution Ltd,PFD/04840,2023-12-21,2023-12,1200,Central,123253.81,2023-12-01,2023-12-21,Stock purchase
399,Apex Athletic Supply Ltd,APX-01923,2023-12-24,2023-12,1200,Central,"£72,729.70",2023-12-01,2023-12-24,Stock purchase
400,Northfield Sportswear Limited,NS008652,2023-12-24,2023-12,1200,Central,42198.74,2023-12-01,2023-12-24,Stock purchase
401,Apex Athletic Supply Ltd,APX-01924,2023-12-25,2023-12,1200,Central,81689.54,2023-12-01,2023-12-25,Stock purchase
402,Stride Apparel Limited,SA01159,28/12/2023,2023-12,1200,Central,"£84,780.49",2023-12-01,2023-12-28,Stock purchase
403,Velocity Equipment Co Limited,VE-01690,2023-12-30,2023-12,1200,Central,91076.50,2023-12-01,2023-12-30,Stock purchase
404,Summit Outdoor Goods Ltd,SOG-06407,2023-12-31,2023-12,1200,Central,106771.42,2023-12-01,2023-12-31,Stock purchase
405,ParcelCo Limited,PC-003686,2024-01-18,2024-01,6000,Website,"£112,550.36",2024-01-01,2024-01-15,"Parcel delivery, website account"
406,ParcelCo,PC-003687,03/02/2024,2024-01,6000,Website,118435.32,2024-01-16,2024-01-31,"Parcel delivery, website account"
407,ParcelCo Ltd,PC-003688,18/01/2024,2024-01,6000,Marketplace,"£65,478.50",2024-01-01,2024-01-15,"Parcel delivery, marketplace account"
408,ParcelCo Ltd,PC-003689,03/02/2024,2024-01,6000,Marketplace,"£68,902.22",2024-01-16,2024-01-31,"Parcel delivery, marketplace account"
409,Searchly Ads Limited,SRCH-07504,2024-01-31,2024-01,6200,Website,137097.70,2024-01-01,2024-01-31,Advertising
410,Socialreach Media Ltd,SRM04338,2024-01-31,2024-01,6200,Website,68548.85,2024-01-01,2024-01-31,Advertising
411,Linkpartner Affiliates Limited,LPA-06137,2024-01-31,2024-01,6200,Website,22849.62,2024-01-01,2024-01-31,Advertising
412,MIDSHIRE LOGISTICS PARK LTD,MLP8420,2024-01-01,2024-01,7100,Central,108656.27,2024-01-01,2024-01-01,Monthly charge
413,Cloudstack Software Limited,CS-07613,2024-01-01,2024-01,7110,Central,59760.95,2024-01-01,2024-01-01,Monthly charge
414,Kestrel Grid Energy Ltd,KGE002515,01/01/2024,2024-01,7120,Central,32596.88,2024-01-01,2024-01-01,Monthly charge
415,ASHCOMBE & ROWE LLP,AR-4278,01/01/2024,2024-01,7130,Central,"£43,462.51",2024-01-01,2024-01-01,Monthly charge
416,HARBOURLINE INSURANCE LTD,HI02487,2024-01-01,2024-01,7140,Central,27164.06,2024-01-01,2024-01-01,Monthly charge
417,Brightdesk IT Ltd ,BIT05882,2024-01-17,2024-01,1500,Central,70000.00,2024-01-01,2024-01-17,Warehouse and IT equipment
418,Peak Footwear Distribution Ltd ,PFD/04841,2024-01-02,2024-01,1200,Central,"£106,597.83",2024-01-01,2024-01-02,Stock purchase
419,Peak Footwear Distribution Ltd,PFD/04842,2024-01-02,2024-01,1200,Central,"£44,307.45",2024-01-01,2024-01-02,Stock purchase
420,Northfield Sportswear Ltd ,NS008653,03/01/2024,2024-01,1200,Central,68077.24,2024-01-01,2024-01-03,Stock purchase
421,Velocity Equipment Co,VE-01691,2024-01-03,2024-01,1200,Central,"£86,087.16",2024-01-01,2024-01-03,Stock purchase
422,Velocity Equipment Co,VE-01692,04/01/2024,2024-01,1200,Central,73692.42,2024-01-01,2024-01-04,Stock purchase
423,NORTHFIELD SPORTSWEAR LTD,NS008654,2024-01-06,2024-01,1200,Central,23261.06,2024-01-01,2024-01-06,Stock purchase
424,Peak Footwear Distribution Limited,PFD/04843,2024-01-06,2024-01,1200,Central,"£43,102.92",2024-01-01,2024-01-06,Stock purchase
425,PEAK FOOTWEAR DISTRIBUTION LTD,PFD/04844,2024-01-09,2024-01,1200,Central,27490.67,2024-01-01,2024-01-09,Stock purchase
426,Stride Apparel Ltd ,SA01160,2024-01-11,2024-01,1200,Central,52416.14,2024-01-01,2024-01-11,Stock purchase
427,NORTHFIELD SPORTSWEAR LTD,NS008655,2024-01-11,2024-01,1200,Central,24983.85,2024-01-01,2024-01-11,Stock purchase
428,VELOCITY EQUIPMENT CO LTD,VE-01693,11/01/2024,2024-01,1200,Central,89121.72,2024-01-01,2024-01-11,Stock purchase
429,Stride Apparel Ltd,SA01161,11/01/2024,2024-01,1200,Central,98504.77,2024-01-01,2024-01-11,Stock purchase
430,VELOCITY EQUIPMENT CO LTD,VE-01694,2024-01-11,2024-01,1200,Central,102564.88,2024-01-01,2024-01-11,Stock purchase
431,Velocity Equipment Co Limited,VE-01695,14/01/2024,2024-01,1200,Central,"£58,488.37",2024-01-01,2024-01-14,Stock purchase
432,STRIDE APPAREL LTD,SA01162,15/01/2024,2024-01,1200,Central,72358.70,2024-01-01,2024-01-15,Stock purchase
433,SUMMIT OUTDOOR GOODS LTD,SOG-06408,15/01/2024,2024-01,1200,Central,26414.36,2024-01-01,2024-01-15,Stock purchase
434,Summit Outdoor Goods,SOG-06409,16/01/2024,2024-01,1200,Central,"£73,818.99",2024-01-01,2024-01-16,Stock purchase
435,SUMMIT OUTDOOR GOODS LTD,SOG-06410,2024-01-17,2024-01,1200,Central,37893.64,2024-01-01,2024-01-17,Stock purchase
436,Northfield Sportswear Ltd ,NS008656,2024-01-18,2024-01,1200,Central,110622.17,2024-01-01,2024-01-18,Stock purchase
437,NORTHFIELD SPORTSWEAR LTD,NS008657,19/01/2024,2024-01,1200,Central,118421.13,2024-01-01,2024-01-19,Stock purchase
438,Stride Apparel Ltd,SA01163,2024-01-20,2024-01,1200,Central,"£66,027.48",2024-01-01,2024-01-20,Stock purchase
439,PEAK FOOTWEAR DISTRIBUTION LTD,PFD/04845,2024-01-21,2024-01,1200,Central,48786.35,2024-01-01,2024-01-21,Stock purchase
440,Summit Outdoor Goods Ltd ,SOG-06411,21/01/2024,2024-01,1200,Central,64629.35,2024-01-01,2024-01-21,Stock purchase
441,Summit Outdoor Goods Limited,SOG-06412,26/01/2024,2024-01,1200,Central,76799.90,2024-01-01,2024-01-26,Stock purchase
442,Northfield Sportswear Ltd,NS008658,2024-01-26,2024-01,1200,Central,46694.45,2024-01-01,2024-01-26,Stock purchase
443,Stride Apparel Ltd,SA01164,2024-01-26,2024-01,1200,Central,94261.51,2024-01-01,2024-01-26,Stock purchase
444,Peak Footwear Distribution Ltd,PFD/04846,2024-01-31,2024-01,1200,Central,50608.78,2024-01-01,2024-01-31,Stock purchase
445,ParcelCo Limited,PC-003690,2024-02-18,2024-02,6000,Website,"£80,785.01",2024-02-01,2024-02-15,"Parcel delivery, website account"
446,ParcelCo Ltd,PC-003691,2024-03-03,2024-02,6000,Website,75719.24,2024-02-16,2024-02-29,"Parcel delivery, website account"
447,PARCELCO LTD,PC-003692,2024-02-18,2024-02,6000,Marketplace,48008.88,2024-02-01,2024-02-15,"Parcel delivery, marketplace account"
448,ParcelCo Limited,PC-003693,03/03/2024,2024-02,6000,Marketplace,44998.39,2024-02-16,2024-02-29,"Parcel delivery, marketplace account"
449,Searchly Ads Limited,SRCH-07505,29/02/2024,2024-02,6200,Website,102073.07,2024-02-01,2024-02-29,Advertising
450,Socialreach Media,SRM04339,29/02/2024,2024-02,6200,Website,51036.54,2024-02-01,2024-02-29,Advertising
451,Linkpartner Affiliates Limited,LPA-06138,29/02/2024,2024-02,6200,Website,17012.18,2024-02-01,2024-02-29,Advertising
452,Midshire Logistics Park Limited,MLP8421,2024-02-01,2024-02,7100,Central,125596.98,2024-02-01,2024-02-01,Monthly charge
453,Cloudstack Software,CS-07614,2024-02-01,2024-02,7110,Central,69078.34,2024-02-01,2024-02-01,Monthly charge
454,Kestrel Grid Energy Ltd ,KGE002516,2024-02-01,2024-02,7120,Central,"£37,679.09",2024-02-01,2024-02-01,Monthly charge
455,Ashcombe & Rowe LLP,AR-4279,2024-02-01,2024-02,7130,Central,50238.79,2024-02-01,2024-02-01,Monthly charge
456,Harbourline Insurance,HI02488,2024-02-01,2024-02,7140,Central,31399.24,2024-02-01,2024-02-01,Monthly charge
457,FULCRUM AUTOMATION LTD,FA-03855,2024-02-17,2024-02,1500,Central,70000.00,2024-02-01,2024-02-17,Warehouse and IT equipment
458,Northfield Sportswear,NS008659,2024-02-02,2024-02,1200,Central,"£78,627.34",2024-02-01,2024-02-02,Stock purchase
459,Peak Footwear Distribution,PFD/04847,2024-02-06,2024-02,1200,Central,33297.91,2024-02-01,2024-02-06,Stock purchase
460,Stride Apparel Ltd,SA01165,06/02/2024,2024-02,1200,Central,"£26,393.48",2024-02-01,2024-02-06,Stock purchase
461,Northfield Sportswear,NS008660,07/02/2024,2024-02,1200,Central,"£69,514.01",2024-02-01,2024-02-07,Stock purchase
462,Northfield Sportswear Ltd ,NS008661,08/02/2024,2024-02,1200,Central,78827.92,2024-02-01,2024-02-08,Stock purchase
463,Summit Outdoor Goods Limited,SOG-06413,2024-02-09,2024-02,1200,Central,20880.48,2024-02-01,2024-02-09,Stock purchase
464,Northfield Sportswear Limited,NS008662,2024-02-09,2024-02,1200,Central,33396.19,2024-02-01,2024-02-09,Stock purchase
465,Apex Athletic Supply Ltd,APX-01925,10/02/2024,2024-02,1200,Central,69921.10,2024-02-01,2024-02-10,Stock purchase
466,Northfield Sportswear Ltd ,NS008663,13/02/2024,2024-02,1200,Central,105771.30,2024-02-01,2024-02-13,Stock purchase
467,APEX ATHLETIC SUPPLY LTD,APX-01926,2024-02-13,2024-02,1200,Central,57506.06,2024-02-01,2024-02-13,Stock purchase
468,Peak Footwear Distribution,PFD/04848,2024-02-15,2024-02,1200,Central,75714.19,2024-02-01,2024-02-15,Stock purchase
469,Northfield Sportswear Limited,NS008664,2024-02-15,2024-02,1200,Central,87504.76,2024-02-01,2024-02-15,Stock purchase
470,Apex Athletic Supply Limited,APX-01927,15/02/2024,2024-02,1200,Central,64132.52,2024-02-01,2024-02-15,Stock purchase
471,PEAK FOOTWEAR DISTRIBUTION LTD,PFD/04849,2024-02-17,2024-02,1200,Central,"£49,024.35",2024-02-01,2024-02-17,Stock purchase
472,Stride Apparel Ltd ,SA01166,2024-02-19,2024-02,1200,Central,"£69,147.59",2024-02-01,2024-02-19,Stock purchase
473,Apex Athletic Supply Limited,APX-01928,2024-02-19,2024-02,1200,Central,47412.99,2024-02-01,2024-02-19,Stock purchase
474,SUMMIT OUTDOOR GOODS LTD,SOG-06414,19/02/2024,2024-02,1200,Central,"£68,138.78",2024-02-01,2024-02-19,Stock purchase
475,Peak Footwear Distribution,PFD/04850,20/02/2024,2024-02,1200,Central,80799.95,2024-02-01,2024-02-20,Stock purchase
476,Northfield Sportswear,NS008665,2024-02-22,2024-02,1200,Central,45661.31,2024-02-01,2024-02-22,Stock purchase
477,PEAK FOOTWEAR DISTRIBUTION LTD,PFD/04851,27/02/2024,2024-02,1200,Central,"£86,047.23",2024-02-01,2024-02-27,Stock purchase
478,ParcelCo,PC-003694,2024-03-18,2024-03,6000,Website,86403.82,2024-03-01,2024-03-15,"Parcel delivery, website account"
479,ParcelCo Limited,PC-003695,2024-04-03,2024-03,6000,Website,92940.88,2024-03-16,2024-03-31,"Parcel delivery, website account"
480,ParcelCo Ltd,PC-003696,2024-03-18,2024-03,6000,Marketplace,53969.27,2024-03-01,2024-03-15,"Parcel delivery, marketplace account"
481,ParcelCo Limited,PC-003697,2024-04-03,2024-03,6000,Marketplace,58052.49,2024-03-16,2024-03-31,"Parcel delivery, marketplace account"
482,Searchly Ads,SRCH-07506,2024-03-31,2024-03,6200,Website,"£118,404.56",2024-03-01,2024-03-31,Advertising
483,SOCIALREACH MEDIA LTD,SRM04340,31/03/2024,2024-03,6200,Website,"£59,202.28",2024-03-01,2024-03-31,Advertising
484,Linkpartner Affiliates Limited,LPA-06139,2024-03-31,2024-03,6200,Website,"£19,734.09",2024-03-01,2024-03-31,Advertising
485,Midshire Logistics Park Ltd,MLP8422,2024-03-01,2024-03,7100,Central,"£118,611.78",2024-03-01,2024-03-01,Monthly charge
486,CLOUDSTACK SOFTWARE LTD,CS-07615,01/03/2024,2024-03,7110,Central,65236.48,2024-03-01,2024-03-01,Monthly charge
487,KESTREL GRID ENERGY LTD,KGE002517,2024-03-01,2024-03,7150,Central,35583.53,2024-03-01,2024-03-01,Approved recode: emergency generator repair
488,Ashcombe & Rowe LLP,AR-4280,2024-03-01,2024-03,7130,Central,47444.71,2024-03-01,2024-03-01,Monthly charge
489,HARBOURLINE INSURANCE LTD,HI02489,2024-03-01,2024-03,7140,Central,"£29,652.94",2024-03-01,2024-03-01,Monthly charge
490,Brightdesk IT Limited,BIT05883,2024-03-21,2024-03,1500,Central,70000.00,2024-03-01,2024-03-21,Warehouse and IT equipment
491,Stride Apparel Ltd,SA01167,2024-03-01,2024-03,1200,Central,31961.30,2024-03-01,2024-03-01,Stock purchase
492,Stride Apparel Limited,SA01168,2024-03-01,2024-03,1200,Central,23897.35,2024-03-01,2024-03-01,Stock purchase
493,Velocity Equipment Co Limited,VE-01696,2024-03-04,2024-03,1200,Central,"£83,905.07",2024-03-01,2024-03-04,Stock purchase
494,Peak Footwear Distribution Ltd ,PFD/04852,04/03/2024,2024-03,1200,Central,59192.10,2024-03-01,2024-03-04,Stock purchase
495,Stride Apparel,SA01169,2024-03-06,2024-03,1200,Central,57882.54,2024-03-01,2024-03-06,Stock purchase
496,Peak Footwear Distribution,PFD/04853,2024-03-11,2024-03,1200,Central,"£66,657.41",2024-03-01,2024-03-11,Stock purchase
497,NORTHFIELD SPORTSWEAR LTD,NS008666,2024-03-11,2024-03,1200,Central,19837.84,2024-03-01,2024-03-11,Stock purchase
498,Peak Footwear Distribution Ltd,PFD/04854,2024-03-11,2024-03,1200,Central,"£75,873.13",2024-03-01,2024-03-11,Stock purchase
499,Peak Footwear Distribution Ltd ,PFD/04855,11/03/2024,2024-03,1200,Central,41567.24,2024-03-01,2024-03-11,Stock purchase
500,PEAK FOOTWEAR DISTRIBUTION LTD,PFD/04856,14/03/2024,2024-03,1200,Central,"£61,920.11",2024-03-01,2024-03-14,Stock purchase
501,Summit Outdoor Goods Ltd,SOG-06415,16/03/2024,2024-03,1200,Central,"£29,390.27",2024-03-01,2024-03-16,Stock purchase
502,Northfield Sportswear,NS008667,17/03/2024,2024-03,1200,Central,21511.90,2024-03-01,2024-03-17,Stock purchase
503,Northfield Sportswear Ltd ,NS008668,2024-03-17,2024-03,1200,Central,41794.16,2024-03-01,2024-03-17,Stock purchase
504,Velocity Equipment Co Ltd,VE-01697,17/03/2024,2024-03,1200,Central,34469.29,2024-03-01,2024-03-17,Stock purchase
505,Stride Apparel Ltd ,SA01170,2024-03-18,2024-03,1200,Central,24392.10,2024-03-01,2024-03-18,Stock purchase
506,STRIDE APPAREL LTD,SA01171,2024-03-18,2024-03,1200,Central,36488.09,2024-03-01,2024-03-18,Stock purchase
507,Velocity Equipment Co Ltd,VE-01698,2024-03-21,2024-03,1200,Central,54546.67,2024-03-01,2024-03-21,Stock purchase
508,STRIDE APPAREL LTD,SA01172,2024-03-21,2024-03,1200,Central,59869.72,2024-03-01,2024-03-21,Stock purchase
509,Apex Athletic Supply Ltd,APX-01929,2024-03-22,2024-03,1200,Central,62531.15,2024-03-01,2024-03-22,Stock purchase
510,Stride Apparel Ltd ,SA01173,2024-03-23,2024-03,1200,Central,79773.23,2024-03-01,2024-03-23,Stock purchase
511,VELOCITY EQUIPMENT CO LTD,VE-01699,2024-03-24,2024-03,1200,Central,84804.00,2024-03-01,2024-03-24,Stock purchase
512,Summit Outdoor Goods Limited,SOG-06416,24/03/2024,2024-03,1200,Central,"£69,592.12",2024-03-01,2024-03-24,Stock purchase
513,Stride Apparel,SA01174,2024-03-25,2024-03,1200,Central,27003.00,2024-03-01,2024-03-25,Stock purchase
514,VELOCITY EQUIPMENT CO LTD,VE-01700,26/03/2024,2024-03,1200,Central,67658.11,2024-03-01,2024-03-26,Stock purchase
515,Northfield Sportswear,NS008669,2024-03-26,2024-03,1200,Central,57604.26,2024-03-01,2024-03-26,Stock purchase
516,Peak Footwear Distribution Ltd ,PFD/04857,2024-03-28,2024-03,1200,Central,"£56,498.75",2024-03-01,2024-03-28,Stock purchase
517,Velocity Equipment Co Ltd,VE-01701,2024-03-29,2024-03,1200,Central,79463.13,2024-03-01,2024-03-29,Stock purchase
518,Velocity Equipment Co,VE-01702,2024-03-30,2024-03,1200,Central,23794.76,2024-03-01,2024-03-30,Stock purchase
519,ParcelCo Ltd ,PC-003698,2024-04-18,2024-04,6000,Website,91186.25,2024-04-01,2024-04-15,"Parcel delivery, website account"
520,ParcelCo Limited,PC-003699,2024-05-03,2024-04,6000,Website,90292.26,2024-04-16,2024-04-30,"Parcel delivery, website account"
521,ParcelCo Ltd ,PC-003700,2024-04-18,2024-04,6000,Marketplace,56303.46,2024-04-01,2024-04-15,"Parcel delivery, marketplace account"
522,ParcelCo,PC-003701,2024-05-03,2024-04,6000,Marketplace,55751.46,2024-04-16,2024-04-30,"Parcel delivery, marketplace account"
523,Searchly Ads Ltd,SRCH-07507,2024-04-30,2024-04,6200,Website,"£119,001.17",2024-04-01,2024-04-30,Advertising
524,Socialreach Media Ltd,SRM04341,2024-04-30,2024-04,6200,Website,59500.58,2024-04-01,2024-04-30,Advertising
525,LINKPARTNER AFFILIATES LTD,LPA-06140,2024-04-30,2024-04,6200,Website,19833.53,2024-04-01,2024-04-30,Advertising
526,Midshire Logistics Park Limited,MLP8423,01/04/2024,2024-04,7100,Central,119350.93,2024-04-01,2024-04-01,Monthly charge
527,Cloudstack Software Ltd,CS-07616,01/04/2024,2024-04,7110,Central,65643.01,2024-04-01,2024-04-01,Monthly charge
528,Kestrel Grid Energy Limited,KGE002518,01/04/2024,2024-04,7120,Central,35805.28,2024-04-01,2024-04-01,Monthly charge
529,Ashcombe & Rowe LLP,AR-4281,2024-04-01,2024-04,7130,Central,"£47,740.37",2024-04-01,2024-04-01,Monthly charge
530,Harbourline Insurance Ltd,HI02490,2024-04-01,2024-04,7140,Central,29837.74,2024-04-01,2024-04-01,Monthly charge
531,Fulcrum Automation Ltd,FA-03856,12/04/2024,2024-04,1500,Central,70000.00,2024-04-01,2024-04-12,Warehouse and IT equipment
532,Peak Footwear Distribution Ltd ,PFD/04858,2024-04-01,2024-04,1200,Central,"£55,812.05",2024-04-01,2024-04-01,Stock purchase
533,Peak Footwear Distribution Ltd,PFD/04859,2024-04-04,2024-04,1200,Central,66116.01,2024-04-01,2024-04-04,Stock purchase
534,Stride Apparel Ltd,SA01175,2024-04-05,2024-04,1200,Central,36907.95,2024-04-01,2024-04-05,Stock purchase
535,Velocity Equipment Co Ltd,VE-01703,07/04/2024,2024-04,1200,Central,101423.12,2024-04-01,2024-04-07,Stock purchase
536,Northfield Sportswear Ltd ,NS008670,12/04/2024,2024-04,1200,Central,84427.10,2024-04-01,2024-04-12,Stock purchase
537,Velocity Equipment Co Ltd ,VE-01704,2024-04-12,2024-04,1200,Central,39020.42,2024-04-01,2024-04-12,Stock purchase
538,VELOCITY EQUIPMENT CO LTD,VE-01705,2024-04-14,2024-04,1200,Central,88897.64,2024-04-01,2024-04-14,Stock purchase
539,Velocity Equipment Co Limited,VE-01706,15/04/2024,2024-04,1200,Central,97389.23,2024-04-01,2024-04-15,Stock purchase
540,Summit Outdoor Goods,SOG-06417,16/04/2024,2024-04,1200,Central,20882.14,2024-04-01,2024-04-16,Stock purchase
541,NORTHFIELD SPORTSWEAR LTD,NS008671,2024-04-17,2024-04,1200,Central,74203.71,2024-04-01,2024-04-17,Stock purchase
542,Apex Athletic Supply,APX-01930,18/04/2024,2024-04,1200,Central,63568.79,2024-04-01,2024-04-18,Stock purchase
543,VELOCITY EQUIPMENT CO LTD,VE-01707,2024-04-19,2024-04,1200,Central,19771.31,2024-04-01,2024-04-19,Stock purchase
544,Velocity Equipment Co Limited,VE-01708,2024-04-20,2024-04,1200,Central,91952.51,2024-04-01,2024-04-20,Stock purchase
545,VELOCITY EQUIPMENT CO LTD,VE-01709,2024-04-21,2024-04,1200,Central,56212.41,2024-04-01,2024-04-21,Stock purchase
546,Peak Footwear Distribution Ltd,PFD/04860,21/04/2024,2024-04,1200,Central,53979.35,2024-04-01,2024-04-21,Stock purchase
547,STRIDE APPAREL LTD,SA01176,2024-04-23,2024-04,1200,Central,"£98,320.74",2024-04-01,2024-04-23,Stock purchase
548,Northfield Sportswear,NS008672,2024-04-24,2024-04,1200,Central,23874.14,2024-04-01,2024-04-24,Stock purchase
549,Velocity Equipment Co,VE-01710,2024-04-24,2024-04,1200,Central,29779.21,2024-04-01,2024-04-24,Stock purchase
550,NORTHFIELD SPORTSWEAR LTD,NS008673,2024-04-24,2024-04,1200,Central,67862.68,2024-04-01,2024-04-24,Stock purchase
551,Velocity Equipment Co,VE-01711,2024-04-25,2024-04,1200,Central,50448.61,2024-04-01,2024-04-25,Stock purchase
552,STRIDE APPAREL LTD,SA01177,25/04/2024,2024-04,1200,Central,99385.76,2024-04-01,2024-04-25,Stock purchase
553,Northfield Sportswear Ltd ,NS008674,2024-04-25,2024-04,1200,Central,"£99,710.07",2024-04-01,2024-04-25,Stock purchase
554,PARCELCO LTD,PC-003702,18/05/2024,2024-05,6000,Website,107932.78,2024-05-01,2024-05-15,"Parcel delivery, website account"
555,ParcelCo,PC-003703,2024-06-03,2024-05,6000,Website,115057.09,2024-05-16,2024-05-31,"Parcel delivery, website account"
556,ParcelCo Ltd ,PC-003704,2024-05-18,2024-05,6000,Marketplace,"£66,487.59",2024-05-01,2024-05-15,"Parcel delivery, marketplace account"
557,ParcelCo,PC-003705,2024-06-03,2024-05,6000,Marketplace,70876.16,2024-05-16,2024-05-31,"Parcel delivery, marketplace account"
558,Searchly Ads Ltd ,SRCH-07508,31/05/2024,2024-05,6200,Website,"£153,693.76",2024-05-01,2024-05-31,Advertising
559,Socialreach Media,SRM04342,31/05/2024,2024-05,6200,Website,"£76,846.88",2024-05-01,2024-05-31,Advertising
560,Linkpartner Affiliates Ltd,LPA-06141,31/05/2024,2024-05,6200,Website,25615.62,2024-05-01,2024-05-31,Advertising
561,Midshire Logistics Park,MLP8424,2024-05-01,2024-05,7100,Central,126765.34,2024-05-01,2024-05-01,Monthly charge
562,Cloudstack Software Ltd,CS-07617,2024-05-01,2024-05,7110,Central,69720.94,2024-05-01,2024-05-01,Monthly charge
563,Kestrel Grid Energy Ltd,KGE002519,01/05/2024,2024-05,7120,Central,38029.60,2024-05-01,2024-05-01,Monthly charge
564,Ashcombe & Rowe LLP ,AR-4282,01/05/2024,2024-05,7130,Central,50706.14,2024-05-01,2024-05-01,Monthly charge
565,Harbourline Insurance Ltd,HI02491,2024-05-01,2024-05,7140,Central,31691.33,2024-05-01,2024-05-01,Monthly charge
566,Brightdesk IT Ltd ,BIT05884,15/05/2024,2024-05,1500,Central,"£70,000.00",2024-05-01,2024-05-15,Warehouse and IT equipment
567,Apex Athletic Supply,APX-01931,02/05/2024,2024-05,1200,Central,100667.88,2024-05-01,2024-05-02,Stock purchase
568,Summit Outdoor Goods Limited,SOG-06418,2024-05-02,2024-05,1200,Central,111817.30,2024-05-01,2024-05-02,Stock purchase
569,Northfield Sportswear Limited,NS008675,2024-05-03,2024-05,1200,Central,47782.55,2024-05-01,2024-05-03,Stock purchase
570,Stride Apparel Ltd,SA01178,2024-05-06,2024-05,1200,Central,24713.15,2024-05-01,2024-05-06,Stock purchase
571,Apex Athletic Supply Ltd ,APX-01932,08/05/2024,2024-05,1200,Central,82538.32,2024-05-01,2024-05-08,Stock purchase
572,Summit Outdoor Goods,SOG-06419,2024-05-09,2024-05,1200,Central,71968.22,2024-05-01,2024-05-09,Stock purchase
573,Stride Apparel,SA01179,2024-05-11,2024-05,1200,Central,44933.92,2024-05-01,2024-05-11,Stock purchase
574,Apex Athletic Supply,APX-01933,2024-05-12,2024-05,1200,Central,70568.47,2024-05-01,2024-05-12,Stock purchase
575,Peak Footwear Distribution,PFD/04861,13/05/2024,2024-05,1200,Central,109736.83,2024-05-01,2024-05-13,Stock purchase
576,Northfield Sportswear,NS008676,14/05/2024,2024-05,1200,Central,56551.50,2024-05-01,2024-05-14,Stock purchase
577,Northfield Sportswear Limited,NS008677,2024-05-14,2024-05,1200,Central,"£89,633.39",2024-05-01,2024-05-14,Stock purchase
578,Velocity Equipment Co Limited,VE-01712,14/05/2024,2024-05,1200,Central,88682.03,2024-05-01,2024-05-14,Stock purchase
579,Peak Footwear Distribution,PFD/04862,15/05/2024,2024-05,1200,Central,61981.09,2024-05-01,2024-05-15,Stock purchase
580,Stride Apparel Ltd,SA01180,2024-05-16,2024-05,1200,Central,"£63,552.85",2024-05-01,2024-05-16,Stock purchase
581,Apex Athletic Supply Limited,APX-01934,17/05/2024,2024-05,1200,Central,"£87,434.90",2024-05-01,2024-05-17,Stock purchase
582,APEX ATHLETIC SUPPLY LTD,APX-01935,2024-05-20,2024-05,1200,Central,75703.54,2024-05-01,2024-05-20,Stock purchase
583,Velocity Equipment Co Ltd ,VE-01713,2024-05-24,2024-05,1200,Central,87162.89,2024-05-01,2024-05-24,Stock purchase
584,Stride Apparel Ltd ,SA01181,2024-05-25,2024-05,1200,Central,115546.58,2024-05-01,2024-05-25,Stock purchase
585,Summit Outdoor Goods,SOG-06420,2024-05-25,2024-05,1200,Central,44628.96,2024-05-01,2024-05-25,Stock purchase
586,Stride Apparel,SA01182,25/05/2024,2024-05,1200,Central,52908.65,2024-05-01,2024-05-25,Stock purchase
587,Apex Athletic Supply Ltd ,APX-01936,2024-05-26,2024-05,1200,Central,"£85,657.66",2024-05-01,2024-05-26,Stock purchase
588,Northfield Sportswear Limited,NS008678,2024-05-28,2024-05,1200,Central,65677.34,2024-05-01,2024-05-28,Stock purchase
589,Summit Outdoor Goods Limited,SOG-06421,28/05/2024,2024-05,1200,Central,"£32,166.19",2024-05-01,2024-05-28,Stock purchase
590,Stride Apparel,SA01183,30/05/2024,2024-05,1200,Central,"£86,205.42",2024-05-01,2024-05-30,Stock purchase
591,ParcelCo Limited,PC-003706,2024-06-18,2024-06,6000,Website,"£118,562.85",2024-06-01,2024-06-15,"Parcel delivery, website account"
592,ParcelCo Ltd,PC-003707,2024-07-03,2024-06,6000,Website,119732.84,2024-06-16,2024-06-30,"Parcel delivery, website account"
593,ParcelCo Ltd ,PC-003708,2024-06-18,2024-06,6000,Marketplace,76890.87,2024-06-01,2024-06-15,"Parcel delivery, marketplace account"
594,ParcelCo Limited,PC-003709,2024-07-03,2024-06,6000,Marketplace,77649.71,2024-06-16,2024-06-30,"Parcel delivery, marketplace account"
595,Searchly Ads Ltd,SRCH-07509,2024-06-30,2024-06,6200,Website,160344.20,2024-06-01,2024-06-30,Advertising
596,Socialreach Media Limited,SRM04343,2024-06-30,2024-06,6200,Website,"£80,172.10",2024-06-01,2024-06-30,Advertising
597,Linkpartner Affiliates,LPA-06142,2024-06-30,2024-06,6200,Website,26724.04,2024-06-01,2024-06-30,Advertising
598,Midshire Logistics Park Ltd,MLP8425,2024-06-01,2024-06,7100,Central,120119.45,2024-06-01,2024-06-01,Monthly charge
599,Cloudstack Software,CS-07618,01/06/2024,2024-06,7110,Central,66065.70,2024-06-01,2024-06-01,Monthly charge
600,Kestrel Grid Energy Limited,KGE002520,2024-06-01,2024-06,7120,Central,36035.84,2024-06-01,2024-06-01,Monthly charge
601,ASHCOMBE & ROWE LLP,AR-4283,2024-06-01,2024-06,7130,Central,48047.78,2024-06-01,2024-06-01,Monthly charge
602,Harbourline Insurance Limited,HI02492,2024-06-01,2024-06,7140,Central,"£30,029.86",2024-06-01,2024-06-01,Monthly charge
603,Fulcrum Automation Limited,FA-03857,2024-06-11,2024-06,1500,Central,70000.00,2024-06-01,2024-06-11,Warehouse and IT equipment
604,Stride Apparel Ltd ,SA01184,2024-06-01,2024-06,1200,Central,118515.51,2024-06-01,2024-06-01,Stock purchase
605,Stride Apparel Limited,SA01185,2024-06-03,2024-06,1200,Central,71118.60,2024-06-01,2024-06-03,Stock purchase
606,Stride Apparel Ltd,SA01186,2024-06-03,2024-06,1200,Central,125102.94,2024-06-01,2024-06-03,Stock purchase
607,VELOCITY EQUIPMENT CO LTD,VE-01714,04/06/2024,2024-06,1200,Central,95001.08,2024-06-01,2024-06-04,Stock purchase
608,Apex Athletic Supply Ltd,APX-01937,2024-06-04,2024-06,1200,Central,104701.25,2024-06-01,2024-06-04,Stock purchase
609,Velocity Equipment Co Limited,VE-01715,07/06/2024,2024-06,1200,Central,119031.47,2024-06-01,2024-06-07,Stock purchase
610,STRIDE APPAREL LTD,SA01187,2024-06-07,2024-06,1200,Central,69832.19,2024-06-01,2024-06-07,Stock purchase
611,Summit Outdoor Goods,SOG-06422,2024-06-08,2024-06,1200,Central,"£42,785.01",2024-06-01,2024-06-08,Stock purchase
612,STRIDE APPAREL LTD,SA01188,2024-06-08,2024-06,1200,Central,48539.78,2024-06-01,2024-06-08,Stock purchase
613,Stride Apparel Limited,SA01189,2024-06-09,2024-06,1200,Central,94032.10,2024-06-01,2024-06-09,Stock purchase
614,Stride Apparel Limited,SA01190,10/06/2024,2024-06,1200,Central,119096.82,2024-06-01,2024-06-10,Stock purchase
615,Northfield Sportswear Limited,NS008679,2024-06-11,2024-06,1200,Central,49549.51,2024-06-01,2024-06-11,Stock purchase
616,Peak Footwear Distribution Ltd,PFD/04863,2024-06-13,2024-06,1200,Central,"£63,112.24",2024-06-01,2024-06-13,Stock purchase
617,Apex Athletic Supply Ltd ,APX-01938,2024-06-13,2024-06,1200,Central,90403.15,2024-06-01,2024-06-13,Stock purchase
618,VELOCITY EQUIPMENT CO LTD,VE-01716,2024-06-13,2024-06,1200,Central,98265.80,2024-06-01,2024-06-13,Stock purchase
619,Northfield Sportswear Ltd,NS008680,2024-06-15,2024-06,1200,Central,"£97,401.93",2024-06-01,2024-06-15,Stock purchase
620,Velocity Equipment Co Limited,VE-01717,2024-06-19,2024-06,1200,Central,58438.55,2024-06-01,2024-06-19,Stock purchase
621,Northfield Sportswear Ltd,NS008681,22/06/2024,2024-06,1200,Central,126960.32,2024-06-01,2024-06-22,Stock purchase
622,Velocity Equipment Co Ltd ,VE-01718,2024-06-22,2024-06,1200,Central,"£41,315.66",2024-06-01,2024-06-22,Stock purchase
623,Velocity Equipment Co,VE-01719,2024-06-28,2024-06,1200,Central,101651.32,2024-06-01,2024-06-28,Stock purchase
624,VELOCITY EQUIPMENT CO LTD,VE-01720,2024-06-29,2024-06,1200,Central,"£122,142.28",2024-06-01,2024-06-29,Stock purchase
625,Peak Footwear Distribution,PFD/04864,30/06/2024,2024-06,1200,Central,156804.41,2024-06-01,2024-06-30,Stock purchase
626,ParcelCo Limited,PC-003710,2024-07-18,2024-07,6000,Website,124651.36,2024-07-01,2024-07-15,"Parcel delivery, website account"
627,ParcelCo,PC-003711,2024-08-03,2024-07,6000,Website,131169.00,2024-07-16,2024-07-31,"Parcel delivery, website account"
628,ParcelCo Ltd,PC-003712,18/07/2024,2024-07,6000,Marketplace,70660.25,2024-07-01,2024-07-15,"Parcel delivery, marketplace account"
629,ParcelCo Ltd,PC-003713,03/08/2024,2024-08,6000,Marketplace,"£74,354.86",2024-07-16,2024-07-31,"Parcel delivery, marketplace account"
630,Searchly Ads Ltd,SRCH-07510,2024-07-31,2024-07,6200,Website,"£166,951.78",2024-07-01,2024-07-31,Advertising
631,SOCIALREACH MEDIA LTD,SRM04344,2024-07-31,2024-07,6200,Website,"£83,475.89",2024-07-01,2024-07-31,Advertising
632,Linkpartner Affiliates,LPA-06143,2024-07-31,2024-07,6200,Website,"£27,825.30",2024-07-01,2024-07-31,Advertising
633,MIDSHIRE LOGISTICS PARK LTD,MLP8426,01/07/2024,2024-07,7100,Central,"£115,806.22",2024-07-01,2024-07-01,Monthly charge
634,CLOUDSTACK SOFTWARE LTD,CS-07619,2024-07-01,2024-07,7110,Central,63693.42,2024-07-01,2024-07-01,Monthly charge
635,Kestrel Grid Energy Ltd ,KGE002521,2024-07-01,2024-07,7120,Central,"£34,741.86",2024-07-01,2024-07-01,Monthly charge
636,Ashcombe & Rowe LLP,AR-4284,01/07/2024,2024-07,7130,Central,46322.49,2024-07-01,2024-07-01,Monthly charge
637,Harbourline Insurance,HI02493,2024-07-01,2024-07,7140,Central,28951.55,2024-07-01,2024-07-01,Monthly charge
638,Brightdesk IT Ltd ,BIT05885,16/07/2024,2024-07,1500,Central,70000.00,2024-07-01,2024-07-16,Warehouse and IT equipment
639,VELOCITY EQUIPMENT CO LTD,VE-01721,2024-07-03,2024-07,1200,Central,104869.08,2024-07-01,2024-07-03,Stock purchase
640,NORTHFIELD SPORTSWEAR LTD,NS008682,2024-07-03,2024-07,1200,Central,"£91,319.67",2024-07-01,2024-07-03,Stock purchase
641,Velocity Equipment Co Ltd,VE-01722,2024-07-03,2024-07,1200,Central,"£140,628.57",2024-07-01,2024-07-03,Stock purchase
642,Northfield Sportswear Ltd ,NS008683,2024-07-04,2024-07,1200,Central,135061.87,2024-07-01,2024-07-04,Stock purchase
643,Velocity Equipment Co,VE-01723,2024-07-04,2024-07,1200,Central,49681.89,2024-07-01,2024-07-04,Stock purchase
644,Apex Athletic Supply Ltd,APX-01939,2024-07-06,2024-07,1200,Central,77088.74,2024-07-01,2024-07-06,Stock purchase
645,Peak Footwear Distribution Limited,PFD/04865,2024-07-08,2024-07,1200,Central,"£72,557.66",2024-07-01,2024-07-08,Stock purchase
646,Peak Footwear Distribution Ltd ,PFD/04866,2024-07-08,2024-07,1200,Central,33552.69,2024-07-01,2024-07-08,Stock purchase
647,Stride Apparel Ltd ,SA01191,2024-07-15,2024-07,1200,Central,"£94,031.13",2024-07-01,2024-07-15,Stock purchase
648,Velocity Equipment Co Limited,VE-01724,2024-07-16,2024-07,1200,Central,103987.17,2024-07-01,2024-07-16,Stock purchase
649,SUMMIT OUTDOOR GOODS LTD,SOG-06423,16/07/2024,2024-07,1200,Central,"£148,788.63",2024-07-01,2024-07-16,Stock purchase
650,Peak Footwear Distribution Limited,PFD/04867,2024-07-17,2024-07,1200,Central,137845.84,2024-07-01,2024-07-17,Stock purchase
651,APEX ATHLETIC SUPPLY LTD,APX-01940,2024-07-17,2024-07,1200,Central,91666.03,2024-07-01,2024-07-17,Stock purchase
652,Summit Outdoor Goods Ltd ,SOG-06424,2024-07-18,2024-07,1200,Central,"£40,504.32",2024-07-01,2024-07-18,Stock purchase
653,Peak Footwear Distribution,PFD/04868,2024-07-19,2024-07,1200,Central,65115.01,2024-07-01,2024-07-19,Stock purchase
654,Apex Athletic Supply Ltd,APX-01941,2024-07-21,2024-07,1200,Central,160579.83,2024-07-01,2024-07-21,Stock purchase
655,Velocity Equipment Co Ltd,VE-01725,2024-07-23,2024-07,1200,Central,37770.88,2024-07-01,2024-07-23,Stock purchase
656,Velocity Equipment Co Ltd,VE-01726,2024-07-23,2024-07,1200,Central,165705.98,2024-07-01,2024-07-23,Stock purchase
657,Summit Outdoor Goods,SOG-06425,2024-07-23,2024-07,1200,Central,"£63,042.78",2024-07-01,2024-07-23,Stock purchase
658,Summit Outdoor Goods Ltd,SOG-06426,2024-07-26,2024-07,1200,Central,105568.63,2024-07-01,2024-07-26,Stock purchase
659,Peak Footwear Distribution Ltd ,PFD/04869,27/07/2024,2024-07,1200,Central,53002.18,2024-07-01,2024-07-27,Stock purchase
660,Summit Outdoor Goods Ltd,SOG-06427,2024-07-31,2024-07,1200,Central,102592.33,2024-07-01,2024-07-31,Stock purchase
661,ParcelCo,PC-003714,2024-08-18,2024-08,6000,Website,133659.74,2024-08-01,2024-08-15,"Parcel delivery, website account"
662,ParcelCo Ltd ,PC-003715,03/09/2024,2024-08,6000,Website,142923.29,2024-08-16,2024-08-31,"Parcel delivery, website account"
663,ParcelCo Ltd ,PC-003716,2024-08-18,2024-08,6000,Marketplace,76077.86,2024-08-01,2024-08-15,"Parcel delivery, marketplace account"
664,ParcelCo,PC-003717,2024-09-03,2024-08,6000,Marketplace,"£81,350.56",2024-08-16,2024-08-31,"Parcel delivery, marketplace account"
665,Searchly Ads Ltd ,SRCH-07511,2024-08-31,2024-08,6200,Website,166463.51,2024-08-01,2024-08-31,Advertising
666,Socialreach Media Limited,SRM04345,2024-08-31,2024-08,6200,Website,"£83,231.75",2024-08-01,2024-08-31,Advertising
667,LINKPARTNER AFFILIATES LTD,LPA-06144,2024-08-31,2024-08,6200,Website,27743.92,2024-08-01,2024-08-31,Advertising
668,Midshire Logistics Park Limited,MLP8427,2024-08-01,2024-08,7100,Central,119602.18,2024-08-01,2024-08-01,Monthly charge
669,Cloudstack Software Ltd,CS-07620,2024-08-01,2024-08,7110,Central,"£65,781.20",2024-08-01,2024-08-01,Monthly charge
670,Kestrel Grid Energy Limited,KGE002522,01/08/2024,2024-08,7120,Central,35880.65,2024-08-01,2024-08-01,Monthly charge
671,Ashcombe & Rowe LLP,AR-4285,01/08/2024,2024-08,7130,Central,47840.87,2024-08-01,2024-08-01,Monthly charge
672,Harbourline Insurance,HI02494,2024-08-01,2024-08,7140,Central,29900.54,2024-08-01,2024-08-01,Monthly charge
673,Fulcrum Automation,FA-03858,2024-08-14,2024-08,1500,Central,"£70,000.00",2024-08-01,2024-08-14,Warehouse and IT equipment
674,NORTHFIELD SPORTSWEAR LTD,NS008684,2024-08-01,2024-08,1200,Central,77118.04,2024-08-01,2024-08-01,Stock purchase
675,NORTHFIELD SPORTSWEAR LTD,NS008685,01/08/2024,2024-08,1200,Central,103331.51,2024-08-01,2024-08-01,Stock purchase
676,Summit Outdoor Goods Ltd ,SOG-06428,2024-08-02,2024-08,1200,Central,112855.08,2024-08-01,2024-08-02,Stock purchase
677,Northfield Sportswear Limited,NS008686,2024-08-02,2024-08,1200,Central,"£104,919.89",2024-08-01,2024-08-02,Stock purchase
678,Stride Apparel Ltd ,SA01192,02/08/2024,2024-08,1200,Central,"£120,388.51",2024-08-01,2024-08-02,Stock purchase
679,NORTHFIELD SPORTSWEAR LTD,NS008687,2024-08-03,2024-08,1200,Central,119454.12,2024-08-01,2024-08-03,Stock purchase
680,PEAK FOOTWEAR DISTRIBUTION LTD,PFD/04870,2024-08-05,2024-08,1200,Central,"£39,673.53",2024-08-01,2024-08-05,Stock purchase
681,Apex Athletic Supply Ltd,APX-01942,2024-08-05,2024-08,1200,Central,45939.79,2024-08-01,2024-08-05,Stock purchase
682,Summit Outdoor Goods Ltd ,SOG-06429,08/08/2024,2024-08,1200,Central,75925.98,2024-08-01,2024-08-08,Stock purchase
683,VELOCITY EQUIPMENT CO LTD,VE-01727,2024-08-10,2024-08,1200,Central,"£47,145.81",2024-08-01,2024-08-10,Stock purchase
684,SUMMIT OUTDOOR GOODS LTD,SOG-06430,2024-08-11,2024-08,1200,Central,75202.99,2024-08-01,2024-08-11,Stock purchase
685,Velocity Equipment Co Ltd,VE-01728,13/08/2024,2024-08,1200,Central,85020.09,2024-08-01,2024-08-13,Stock purchase
686,Velocity Equipment Co Ltd,VE-01729,14/08/2024,2024-08,1200,Central,129538.12,2024-08-01,2024-08-14,Stock purchase
687,Peak Footwear Distribution Limited,PFD/04871,14/08/2024,2024-08,1200,Central,75763.65,2024-08-01,2024-08-14,Stock purchase
688,Northfield Sportswear,NS008688,16/08/2024,2024-08,1200,Central,66243.93,2024-08-01,2024-08-16,Stock purchase
689,STRIDE APPAREL LTD,SA01193,17/08/2024,2024-08,1200,Central,86063.34,2024-08-01,2024-08-17,Stock purchase
690,Stride Apparel Ltd ,SA01194,2024-08-19,2024-08,1200,Central,87029.29,2024-08-01,2024-08-19,Stock purchase
691,Northfield Sportswear Ltd,NS008689,2024-08-21,2024-08,1200,Central,57351.67,2024-08-01,2024-08-21,Stock purchase
692,Apex Athletic Supply Ltd ,APX-01943,2024-08-21,2024-08,1200,Central,97827.03,2024-08-01,2024-08-21,Stock purchase
693,Stride Apparel Ltd,SA01195,2024-08-22,2024-08,1200,Central,"£121,351.36",2024-08-01,2024-08-22,Stock purchase
694,Stride Apparel Limited,SA01196,22/08/2024,2024-08,1200,Central,83010.00,2024-08-01,2024-08-22,Stock purchase
695,Stride Apparel,SA01197,2024-08-22,2024-08,1200,Central,"£24,562.47",2024-08-01,2024-08-22,Stock purchase
696,Velocity Equipment Co Ltd ,VE-01730,2024-08-24,2024-08,1200,Central,24590.53,2024-08-01,2024-08-24,Stock purchase
697,Stride Apparel Limited,SA01198,2024-08-24,2024-08,1200,Central,106112.76,2024-08-01,2024-08-24,Stock purchase
698,Apex Athletic Supply Limited,APX-01944,27/08/2024,2024-08,1200,Central,38337.64,2024-08-01,2024-08-27,Stock purchase
699,Apex Athletic Supply Ltd ,APX-01945,28/08/2024,2024-08,1200,Central,50683.66,2024-08-01,2024-08-28,Stock purchase
700,APEX ATHLETIC SUPPLY LTD,APX-01946,2024-08-29,2024-08,1200,Central,41424.91,2024-08-01,2024-08-29,Stock purchase
701,APEX ATHLETIC SUPPLY LTD,APX-01947,29/08/2024,2024-08,1200,Central,89629.48,2024-08-01,2024-08-29,Stock purchase
702,ParcelCo Ltd ,PC-003718,2024-09-18,2024-09,6000,Website,120516.37,2024-09-01,2024-09-15,"Parcel delivery, website account"
703,ParcelCo Ltd,PC-003719,03/10/2024,2024-09,6000,Website,120123.82,2024-09-16,2024-09-30,"Parcel delivery, website account"
704,ParcelCo Ltd,PC-003720,18/09/2024,2024-09,6000,Marketplace,"£75,069.31",2024-09-01,2024-09-15,"Parcel delivery, marketplace account"
705,ParcelCo Ltd ,PC-003721,03/10/2024,2024-09,6000,Marketplace,74824.83,2024-09-16,2024-09-30,"Parcel delivery, marketplace account"
706,Searchly Ads Ltd,SRCH-07512,2024-09-30,2024-09,6200,Website,160772.35,2024-09-01,2024-09-30,Advertising
707,SOCIALREACH MEDIA LTD,SRM04346,30/09/2024,2024-09,6200,Website,80386.18,2024-09-01,2024-09-30,Advertising
708,Linkpartner Affiliates Ltd,LPA-06145,2024-09-30,2024-09,6200,Website,26795.39,2024-09-01,2024-09-30,Advertising
709,Midshire Logistics Park,MLP8428,2024-09-01,2024-09,7100,Central,119391.31,2024-09-01,2024-09-01,Monthly charge
710,Cloudstack Software Ltd ,CS-07621,2024-09-01,2024-09,7110,Central,65665.22,2024-09-01,2024-09-01,Monthly charge
711,Kestrel Grid Energy Ltd ,KGE002523,2024-09-01,2024-09,7120,Central,35817.39,2024-09-01,2024-09-01,Monthly charge
712,Ashcombe & Rowe LLP ,AR-4286,01/09/2024,2024-09,7130,Central,47756.52,2024-09-01,2024-09-01,Monthly charge
713,Harbourline Insurance,HI02495,2024-09-01,2024-09,7140,Central,29847.84,2024-09-01,2024-09-01,Monthly charge
714,Brightdesk IT,BIT05886,2024-09-09,2024-09,1500,Central,70000.00,2024-09-01,2024-09-09,Warehouse and IT equipment
715,VELOCITY EQUIPMENT CO LTD,VE-01731,2024-09-01,2024-09,1200,Central,"£127,729.99",2024-09-01,2024-09-01,Stock purchase
716,Northfield Sportswear,NS008690,2024-09-01,2024-09,1200,Central,"£117,653.91",2024-09-01,2024-09-01,Stock purchase
717,STRIDE APPAREL LTD,SA01199,2024-09-03,2024-09,1200,Central,159839.16,2024-09-01,2024-09-03,Stock purchase
718,Summit Outdoor Goods,SOG-06431,2024-09-06,2024-09,1200,Central,29102.02,2024-09-01,2024-09-06,Stock purchase
719,Northfield Sportswear Limited,NS008691,2024-09-07,2024-09,1200,Central,157613.75,2024-09-01,2024-09-07,Stock purchase
720,Stride Apparel Limited,SA01200,2024-09-09,2024-09,1200,Central,153246.40,2024-09-01,2024-09-09,Stock purchase
721,Peak Footwear Distribution Limited,PFD/04872,2024-09-09,2024-09,1200,Central,"£51,953.06",2024-09-01,2024-09-09,Stock purchase
722,Northfield Sportswear Ltd ,NS008692,2024-09-14,2024-09,1200,Central,131430.05,2024-09-01,2024-09-14,Stock purchase
723,SUMMIT OUTDOOR GOODS LTD,SOG-06432,2024-09-14,2024-09,1200,Central,"£128,008.54",2024-09-01,2024-09-14,Stock purchase
724,Velocity Equipment Co Ltd,VE-01732,14/09/2024,2024-09,1200,Central,139539.65,2024-09-01,2024-09-14,Stock purchase
725,Velocity Equipment Co Ltd ,VE-01733,2024-09-17,2024-09,1200,Central,"£153,371.74",2024-09-01,2024-09-17,Stock purchase
726,Stride Apparel Ltd ,SA01201,2024-09-18,2024-09,1200,Central,49654.74,2024-09-01,2024-09-18,Stock purchase
727,APEX ATHLETIC SUPPLY LTD,APX-01948,2024-09-19,2024-09,1200,Central,69598.96,2024-09-01,2024-09-19,Stock purchase
728,Velocity Equipment Co,VE-01734,2024-09-24,2024-09,1200,Central,84183.84,2024-09-01,2024-09-24,Stock purchase
729,VELOCITY EQUIPMENT CO LTD,VE-01735,24/09/2024,2024-09,1200,Central,64757.66,2024-09-01,2024-09-24,Stock purchase
730,Velocity Equipment Co,VE-01736,2024-09-26,2024-09,1200,Central,27552.66,2024-09-01,2024-09-26,Stock purchase
731,Northfield Sportswear Ltd ,NS008693,2024-09-26,2024-09,1200,Central,83362.23,2024-09-01,2024-09-26,Stock purchase
732,Velocity Equipment Co Limited,VE-01737,2024-09-27,2024-09,1200,Central,"£114,802.53",2024-09-01,2024-09-27,Stock purchase
733,Summit Outdoor Goods,SOG-06433,27/09/2024,2024-09,1200,Central,50788.47,2024-09-01,2024-09-27,Stock purchase
734,Peak Footwear Distribution Ltd,PFD/04873,2024-09-30,2024-09,1200,Central,54110.50,2024-09-01,2024-09-30,Stock purchase
735,ParcelCo Limited,PC-003722,2024-10-18,2024-10,6000,Website,"£116,250.15",2024-10-01,2024-10-15,"Parcel delivery, website account"
736,ParcelCo,PC-003723,2024-11-03,2024-11,6000,Website,"£123,539.81",2024-10-16,2024-10-31,"Parcel delivery, website account"
737,ParcelCo,PC-003724,2024-10-18,2024-10,6000,Marketplace,65563.14,2024-10-01,2024-10-15,"Parcel delivery, marketplace account"
738,PARCELCO LTD,PC-003725,2024-11-03,2024-10,6000,Marketplace,"£69,674.24",2024-10-16,2024-10-31,"Parcel delivery, marketplace account"
739,Searchly Ads Limited,SRCH-07513,2024-10-31,2024-10,6200,Website,151230.07,2024-10-01,2024-10-31,Advertising
740,SOCIALREACH MEDIA LTD,SRM04347,31/10/2024,2024-10,6200,Website,75615.04,2024-10-01,2024-10-31,Advertising
741,Linkpartner Affiliates Limited,LPA-06146,31/10/2024,2024-10,6200,Website,25205.01,2024-10-01,2024-10-31,Advertising
742,Midshire Logistics Park Ltd ,MLP8429,2024-10-01,2024-10,7100,Central,125362.16,2024-10-01,2024-10-01,Monthly charge
743,CLOUDSTACK SOFTWARE LTD,CS-07622,2024-10-01,2024-10,7110,Central,"£68,949.19",2024-10-01,2024-10-01,Monthly charge
744,KESTREL GRID ENERGY LTD,KGE002524,2024-10-01,2024-10,7120,Central,"£37,608.65",2024-10-01,2024-10-01,Monthly charge
745,Ashcombe & Rowe LLP,AR-4287,01/10/2024,2024-10,7130,Central,50144.86,2024-10-01,2024-10-01,Monthly charge
746,Harbourline Insurance Ltd,HI02496,2024-10-01,2024-10,7140,Central,"£31,340.53",2024-10-01,2024-10-01,Monthly charge
747,Fulcrum Automation Ltd ,FA-03859,19/10/2024,2024-10,1500,Central,"£70,000.00",2024-10-01,2024-10-19,Warehouse and IT equipment
748,Summit Outdoor Goods Ltd ,SOG-06434,2024-10-02,2024-10,1200,Central,98641.94,2024-10-01,2024-10-02,Stock purchase
749,Stride Apparel Ltd ,SA01202,2024-10-03,2024-10,1200,Central,"£131,978.75",2024-10-01,2024-10-03,Stock purchase
750,Stride Apparel Ltd ,SA01203,2024-10-05,2024-10,1200,Central,37054.54,2024-10-01,2024-10-05,Stock purchase
751,Stride Apparel Ltd ,SA01204,2024-10-05,2024-10,1200,Central,97451.59,2024-10-01,2024-10-05,Stock purchase
752,Stride Apparel Ltd,SA01205,2024-10-06,2024-10,1200,Central,"£67,213.69",2024-10-01,2024-10-06,Stock purchase
753,Northfield Sportswear Ltd ,NS008694,2024-10-07,2024-10,1200,Central,"£40,020.35",2024-10-01,2024-10-07,Stock purchase
754,Peak Footwear Distribution Limited,PFD/04874,2024-10-07,2024-10,1200,Central,"£109,233.69",2024-10-01,2024-10-07,Stock purchase
755,Apex Athletic Supply Ltd,APX-01949,07/10/2024,2024-10,1200,Central,"£68,879.10",2024-10-01,2024-10-07,Stock purchase
756,STRIDE APPAREL LTD,SA01206,2024-10-08,2024-10,1200,Central,"£42,897.13",2024-10-01,2024-10-08,Stock purchase
757,Peak Footwear Distribution Ltd ,PFD/04875,2024-10-09,2024-10,1200,Central,84480.67,2024-10-01,2024-10-09,Stock purchase
758,Apex Athletic Supply Ltd ,APX-01950,2024-10-09,2024-10,1200,Central,65223.39,2024-10-01,2024-10-09,Stock purchase
759,Peak Footwear Distribution,PFD/04876,2024-10-09,2024-10,1200,Central,102862.91,2024-10-01,2024-10-09,Stock purchase
760,Apex Athletic Supply Ltd,APX-01951,2024-10-09,2024-10,1200,Central,"£55,428.39",2024-10-01,2024-10-09,Stock purchase
761,Apex Athletic Supply,APX-01952,2024-10-10,2024-10,1200,Central,"£69,819.18",2024-10-01,2024-10-10,Stock purchase
762,Peak Footwear Distribution Ltd ,PFD/04877,2024-10-19,2024-10,1200,Central,129033.75,2024-10-01,2024-10-19,Stock purchase
763,VELOCITY EQUIPMENT CO LTD,VE-01738,2024-10-23,2024-10,1200,Central,"£84,461.66",2024-10-01,2024-10-23,Stock purchase
764,Velocity Equipment Co Ltd,VE-01739,2024-10-27,2024-10,1200,Central,"£65,622.72",2024-10-01,2024-10-27,Stock purchase
765,Apex Athletic Supply,APX-01953,28/10/2024,2024-10,1200,Central,84155.18,2024-10-01,2024-10-28,Stock purchase
766,Apex Athletic Supply Limited,APX-01954,2024-10-30,2024-10,1200,Central,79288.34,2024-10-01,2024-10-30,Stock purchase
767,Northfield Sportswear,NS008695,2024-10-30,2024-10,1200,Central,99197.67,2024-10-01,2024-10-30,Stock purchase
768,Summit Outdoor Goods Ltd ,SOG-06435,30/10/2024,2024-10,1200,Central,64494.75,2024-10-01,2024-10-30,Stock purchase
769,APEX ATHLETIC SUPPLY LTD,APX-01955,31/10/2024,2024-10,1200,Central,126930.01,2024-10-01,2024-10-31,Stock purchase
770,ParcelCo Limited,PC-003726,2024-11-18,2024-11,6000,Website,131524.12,2024-11-01,2024-11-15,"Parcel delivery, website account"
771,ParcelCo Limited,PC-003727,2024-12-03,2024-12,6000,Website,"£148,829.96",2024-11-16,2024-11-30,"Parcel delivery, website account"
772,PARCELCO LTD,PC-003728,2024-11-18,2024-11,6000,Marketplace,"£83,077.61",2024-11-01,2024-11-15,"Parcel delivery, marketplace account"
773,ParcelCo Ltd ,PC-003729,2024-12-03,2024-12,6000,Marketplace,94008.93,2024-11-16,2024-11-30,"Parcel delivery, marketplace account"
774,SEARCHLY ADS LTD,SRCH-07514,30/11/2024,2024-11,6200,Website,"£186,549.13",2024-11-01,2024-11-30,Advertising
775,Socialreach Media Limited,SRM04348,2024-11-30,2024-11,6200,Website,93274.56,2024-11-01,2024-11-30,Advertising
776,LINKPARTNER AFFILIATES LTD,LPA-06147,2024-11-30,2024-11,6200,Website,31091.52,2024-11-01,2024-11-30,Advertising
777,MIDSHIRE LOGISTICS PARK LTD,MLP8430,2024-11-01,2024-11,7100,Central,119258.45,2024-11-01,2024-11-01,Monthly charge
778,Cloudstack Software Ltd ,CS-07623,2024-11-01,2024-11,7110,Central,"£65,592.15",2024-11-01,2024-11-01,Monthly charge
779,Kestrel Grid Energy Ltd,KGE002525,01/11/2024,2024-11,7120,Central,35777.53,2024-11-01,2024-11-01,Monthly charge
780,Ashcombe & Rowe LLP ,AR-4288,2024-11-01,2024-11,7130,Central,47703.38,2024-11-01,2024-11-01,Monthly charge
781,Harbourline Insurance Limited,HI02497,2024-11-01,2024-11,7140,Central,29814.61,2024-11-01,2024-11-01,Monthly charge
782,Brightdesk IT,BIT05887,09/11/2024,2024-11,1500,Central,70000.00,2024-11-01,2024-11-09,Warehouse and IT equipment
783,PEAK FOOTWEAR DISTRIBUTION LTD,PFD/04878,2024-11-01,2024-11,1200,Central,101674.69,2024-11-01,2024-11-01,Stock purchase
784,Peak Footwear Distribution,PFD/04879,2024-11-02,2024-11,1200,Central,58132.20,2024-11-01,2024-11-02,Stock purchase
785,Stride Apparel Limited,SA01207,2024-11-03,2024-11,1200,Central,"£130,837.20",2024-11-01,2024-11-03,Stock purchase
786,Apex Athletic Supply Limited,APX-01956,2024-11-03,2024-11,1200,Central,58976.21,2024-11-01,2024-11-03,Stock purchase
787,Northfield Sportswear Ltd,NS008696,2024-11-05,2024-11,1200,Central,73013.23,2024-11-01,2024-11-05,Stock purchase
788,Northfield Sportswear Limited,NS008697,2024-11-05,2024-11,1200,Central,127214.39,2024-11-01,2024-11-05,Stock purchase
789,Summit Outdoor Goods,SOG-06436,06/11/2024,2024-11,1200,Central,"£38,719.16",2024-11-01,2024-11-06,Stock purchase
790,Summit Outdoor Goods Ltd ,SOG-06437,2024-11-06,2024-11,1200,Central,"£46,905.14",2024-11-01,2024-11-06,Stock purchase
791,APEX ATHLETIC SUPPLY LTD,APX-01957,2024-11-07,2024-11,1200,Central,86784.51,2024-11-01,2024-11-07,Stock purchase
792,Northfield Sportswear,NS008698,2024-11-08,2024-11,1200,Central,"£91,277.02",2024-11-01,2024-11-08,Stock purchase
793,Stride Apparel Limited,SA01208,2024-11-08,2024-11,1200,Central,100196.56,2024-11-01,2024-11-08,Stock purchase
794,STRIDE APPAREL LTD,SA01209,2024-11-08,2024-11,1200,Central,127536.89,2024-11-01,2024-11-08,Stock purchase
795,Stride Apparel Ltd,SA01210,2024-11-08,2024-11,1200,Central,"£57,773.25",2024-11-01,2024-11-08,Stock purchase
796,Northfield Sportswear Ltd ,NS008699,2024-11-11,2024-11,1200,Central,52085.65,2024-11-01,2024-11-11,Stock purchase
797,Stride Apparel Ltd ,SA01211,2024-11-12,2024-11,1200,Central,23051.93,2024-11-01,2024-11-12,Stock purchase
798,Apex Athletic Supply Limited,APX-01958,2024-11-13,2024-11,1200,Central,67290.30,2024-11-01,2024-11-13,Stock purchase
799,Apex Athletic Supply,APX-01959,2024-11-17,2024-11,1200,Central,96871.32,2024-11-01,2024-11-17,Stock purchase
800,Northfield Sportswear Ltd,NS008700,18/11/2024,2024-11,1200,Central,77253.29,2024-11-01,2024-11-18,Stock purchase
801,PEAK FOOTWEAR DISTRIBUTION LTD,PFD/04880,2024-11-21,2024-11,1200,Central,95314.68,2024-11-01,2024-11-21,Stock purchase
802,Apex Athletic Supply Ltd ,APX-01960,2024-11-22,2024-11,1200,Central,82486.38,2024-11-01,2024-11-22,Stock purchase
803,APEX ATHLETIC SUPPLY LTD,APX-01961,2024-11-23,2024-11,1200,Central,55545.81,2024-11-01,2024-11-23,Stock purchase
804,PEAK FOOTWEAR DISTRIBUTION LTD,PFD/04881,25/11/2024,2024-11,1200,Central,"£111,476.33",2024-11-01,2024-11-25,Stock purchase
805,Peak Footwear Distribution Ltd ,PFD/04882,2024-11-26,2024-11,1200,Central,95029.11,2024-11-01,2024-11-26,Stock purchase
806,Northfield Sportswear,NS008701,2024-11-27,2024-11,1200,Central,42588.69,2024-11-01,2024-11-27,Stock purchase
807,Northfield Sportswear,NS008702,2024-11-27,2024-11,1200,Central,"£69,393.34",2024-11-01,2024-11-27,Stock purchase
808,Stride Apparel Ltd ,SA01212,2024-11-28,2024-11,1200,Central,"£78,859.68",2024-11-01,2024-11-28,Stock purchase
809,Apex Athletic Supply Ltd ,APX-01962,2024-11-28,2024-11,1200,Central,60253.28,2024-11-01,2024-11-28,Stock purchase
810,Peak Footwear Distribution Ltd ,PFD/04883,2024-11-28,2024-11,1200,Central,122119.47,2024-11-01,2024-11-28,Stock purchase
811,PARCELCO LTD,PC-003730,18/12/2024,2024-12,6000,Website,"£158,748.40",2024-12-01,2024-12-15,"Parcel delivery, website account"
812,ParcelCo,PC-003731,2025-01-03,2024-12,6000,Website,157735.15,2024-12-16,2024-12-31,"Parcel delivery, website account"
813,ParcelCo Limited,PC-003732,2024-12-18,2024-12,6000,Marketplace,88664.92,2024-12-01,2024-12-15,"Parcel delivery, marketplace account"
814,ParcelCo Ltd ,PC-003733,2025-01-03,2024-12,6000,Marketplace,88098.98,2024-12-16,2024-12-31,"Parcel delivery, marketplace account"
815,Searchly Ads Ltd,SRCH-07515,2024-12-31,2024-12,6200,Website,"£200,429.25",2024-12-01,2024-12-31,Advertising
816,Socialreach Media,SRM04349,2024-12-31,2024-12,6200,Website,100214.62,2024-12-01,2024-12-31,Advertising
817,Linkpartner Affiliates Ltd ,LPA-06148,2024-12-31,2024-12,6200,Website,33404.88,2024-12-01,2024-12-31,Advertising
818,Midshire Logistics Park Ltd,MLP8431,2024-12-01,2024-12,7100,Central,127110.98,2024-12-01,2024-12-01,Monthly charge
819,Cloudstack Software,CS-07624,2024-12-01,2024-12,7110,Central,69911.04,2024-12-01,2024-12-01,Monthly charge
820,Kestrel Grid Energy Limited,KGE002526,01/12/2024,2024-12,7120,Central,"£38,133.30",2024-12-01,2024-12-01,Monthly charge
821,Ashcombe & Rowe LLP,AR-4289,2024-12-01,2024-12,7130,Central,"£50,844.39",2024-12-01,2024-12-01,Monthly charge
822,Harbourline Insurance Ltd,HI02498,01/12/2024,2024-12,7140,Central,31777.75,2024-12-01,2024-12-01,Monthly charge
823,Fulcrum Automation Ltd ,FA-03860,2024-12-07,2024-12,1500,Central,"£70,000.00",2024-12-01,2024-12-07,Warehouse and IT equipment
824,Stride Apparel Ltd,SA01213,2024-12-01,2024-12,1200,Central,"£66,442.72",2024-12-01,2024-12-01,Stock purchase
825,Velocity Equipment Co Ltd,VE-01740,2024-12-02,2024-12,1200,Central,"£79,342.93",2024-12-01,2024-12-02,Stock purchase
826,VELOCITY EQUIPMENT CO LTD,VE-01741,2024-12-03,2024-12,1200,Central,117143.95,2024-12-01,2024-12-03,Stock purchase
827,Summit Outdoor Goods,SOG-06438,2024-12-03,2024-12,1200,Central,139804.79,2024-12-01,2024-12-03,Stock purchase
828,APEX ATHLETIC SUPPLY LTD,APX-01963,2024-12-04,2024-12,1200,Central,47762.44,2024-12-01,2024-12-04,Stock purchase
829,STRIDE APPAREL LTD,SA01214,2024-12-04,2024-12,1200,Central,"£74,171.29",2024-12-01,2024-12-04,Stock purchase
830,Peak Footwear Distribution,PFD/04884,06/12/2024,2024-12,1200,Central,108592.76,2024-12-01,2024-12-06,Stock purchase
831,Northfield Sportswear Ltd ,NS008703,06/12/2024,2024-12,1200,Central,86925.68,2024-12-01,2024-12-06,Stock purchase
832,Apex Athletic Supply Limited,APX-01964,2024-12-09,2024-12,1200,Central,110207.94,2024-12-01,2024-12-09,Stock purchase
833,STRIDE APPAREL LTD,SA01215,2024-12-10,2024-12,1200,Central,71725.49,2024-12-01,2024-12-10,Stock purchase
834,Apex Athletic Supply,APX-01965,2024-12-11,2024-12,1200,Central,43329.85,2024-12-01,2024-12-11,Stock purchase
835,VELOCITY EQUIPMENT CO LTD,VE-01742,11/12/2024,2024-12,1200,Central,"£86,746.87",2024-12-01,2024-12-11,Stock purchase
836,PEAK FOOTWEAR DISTRIBUTION LTD,PFD/04885,15/12/2024,2024-12,1200,Central,53778.57,2024-12-01,2024-12-15,Stock purchase
837,Peak Footwear Distribution,PFD/04886,2024-12-16,2024-12,1200,Central,59675.48,2024-12-01,2024-12-16,Stock purchase
838,SUMMIT OUTDOOR GOODS LTD,SOG-06439,2024-12-16,2024-12,1200,Central,51312.15,2024-12-01,2024-12-16,Stock purchase
839,Summit Outdoor Goods Ltd ,SOG-06440,2024-12-16,2024-12,1200,Central,139438.49,2024-12-01,2024-12-16,Stock purchase
840,Stride Apparel,SA01216,2024-12-17,2024-12,1200,Central,43494.97,2024-12-01,2024-12-17,Stock purchase
841,STRIDE APPAREL LTD,SA01217,18/12/2024,2024-12,1200,Central,135086.69,2024-12-01,2024-12-18,Stock purchase
842,Northfield Sportswear,NS008704,2024-12-19,2024-12,1200,Central,33156.87,2024-12-01,2024-12-19,Stock purchase
843,VELOCITY EQUIPMENT CO LTD,VE-01743,20/12/2024,2024-12,1200,Central,124397.96,2024-12-01,2024-12-20,Stock purchase
844,Northfield Sportswear Ltd,NS008705,20/12/2024,2024-12,1200,Central,136631.30,2024-12-01,2024-12-20,Stock purchase
845,STRIDE APPAREL LTD,SA01218,2024-12-20,2024-12,1200,Central,129555.56,2024-12-01,2024-12-20,Stock purchase
846,Peak Footwear Distribution Ltd,PFD/04887,2024-12-21,2024-12,1200,Central,43664.32,2024-12-01,2024-12-21,Stock purchase
847,Northfield Sportswear Ltd,NS008706,2024-12-23,2024-12,1200,Central,56570.38,2024-12-01,2024-12-23,Stock purchase
848,Peak Footwear Distribution,PFD/04888,2024-12-26,2024-12,1200,Central,38736.28,2024-12-01,2024-12-26,Stock purchase
849,Northfield Sportswear Ltd ,NS008707,2024-12-27,2024-12,1200,Central,37324.84,2024-12-01,2024-12-27,Stock purchase
850,Peak Footwear Distribution Ltd,PFD/04889,2024-12-27,2024-12,1200,Central,"£100,736.25",2024-12-01,2024-12-27,Stock purchase
851,Summit Outdoor Goods,SOG-06441,2024-12-28,2024-12,1200,Central,102225.18,2024-12-01,2024-12-28,Stock purchase
852,Velocity Equipment Co Ltd ,VE-01744,2024-12-30,2024-12,1200,Central,103664.73,2024-12-01,2024-12-30,Stock purchase
853,ParcelCo Ltd,PC-003734,2025-01-18,2025-01,6000,Website,119555.20,2025-01-01,2025-01-15,"Parcel delivery, website account"
854,ParcelCo Ltd,PC-003735,2025-02-03,2025-01,6000,Website,"£127,446.62",2025-01-16,2025-01-31,"Parcel delivery, website account"
855,PARCELCO LTD,PC-003736,2025-01-18,2025-01,6000,Marketplace,70786.41,2025-01-01,2025-01-15,"Parcel delivery, marketplace account"
856,ParcelCo,PC-003737,2025-02-03,2025-01,6000,Marketplace,75458.81,2025-01-16,2025-01-31,"Parcel delivery, marketplace account"
857,Searchly Ads Limited,SRCH-07516,2025-01-31,2025-01,6200,Website,151768.25,2025-01-01,2025-01-31,Advertising
858,Socialreach Media,SRM04350,2025-01-31,2025-01,6200,Website,"£75,884.13",2025-01-01,2025-01-31,Advertising
859,Linkpartner Affiliates,LPA-06149,2025-01-31,2025-01,6200,Website,"£25,294.71",2025-01-01,2025-01-31,Advertising
860,Midshire Logistics Park Ltd,MLP8432,01/01/2025,2025-01,7100,Central,"£118,652.47",2025-01-01,2025-01-01,Monthly charge
861,Cloudstack Software Ltd ,CS-07625,2025-01-01,2025-01,7110,Central,"£65,258.86",2025-01-01,2025-01-01,Monthly charge
862,Kestrel Grid Energy Limited,KGE002527,2025-01-01,2025-01,7120,Central,35595.74,2025-01-01,2025-01-01,Monthly charge
863,Ashcombe & Rowe LLP,AR-4290,2025-01-01,2025-01,7130,Central,47460.99,2025-01-01,2025-01-01,Monthly charge
864,Harbourline Insurance Ltd,HI02499,2025-01-01,2025-01,7140,Central,"£29,663.12",2025-01-01,2025-01-01,Monthly charge
865,Brightdesk IT Limited,BIT05888,2025-01-12,2025-01,1500,Central,70000.00,2025-01-01,2025-01-12,Warehouse and IT equipment
866,VELOCITY EQUIPMENT CO LTD,VE-01745,02/01/2025,2025-01,1200,Central,154533.09,2025-01-01,2025-01-02,Stock purchase
867,Peak Footwear Distribution Limited,PFD/04890,2025-01-06,2025-01,1200,Central,"£51,085.41",2025-01-01,2025-01-06,Stock purchase
868,Velocity Equipment Co Limited,VE-01746,2025-01-06,2025-01,1200,Central,78681.59,2025-01-01,2025-01-06,Stock purchase
869,Stride Apparel Limited,SA01219,2025-01-09,2025-01,1200,Central,"£153,473.38",2025-01-01,2025-01-09,Stock purchase
870,Northfield Sportswear,NS008708,2025-01-10,2025-01,1200,Central,76010.26,2025-01-01,2025-01-10,Stock purchase
871,Apex Athletic Supply,APX-01966,11/01/2025,2025-01,1200,Central,42793.21,2025-01-01,2025-01-11,Stock purchase
872,Velocity Equipment Co Limited,VE-01747,2025-01-11,2025-01,1200,Central,"£155,935.16",2025-01-01,2025-01-11,Stock purchase
873,Summit Outdoor Goods,SOG-06442,2025-01-12,2025-01,1200,Central,"£118,361.28",2025-01-01,2025-01-12,Stock purchase
874,STRIDE APPAREL LTD,SA01220,2025-01-12,2025-01,1200,Central,92260.64,2025-01-01,2025-01-12,Stock purchase
875,Stride Apparel,SA01221,2025-01-17,2025-01,1200,Central,63210.08,2025-01-01,2025-01-17,Stock purchase
876,Stride Apparel Limited,SA01222,17/01/2025,2025-01,1200,Central,140606.11,2025-01-01,2025-01-17,Stock purchase
877,Summit Outdoor Goods Ltd ,SOG-06443,2025-01-18,2025-01,1200,Central,"£82,949.03",2025-01-01,2025-01-18,Stock purchase
878,Apex Athletic Supply Ltd,APX-01967,2025-01-19,2025-01,1200,Central,65806.85,2025-01-01,2025-01-19,Stock purchase
879,NORTHFIELD SPORTSWEAR LTD,NS008709,2025-01-19,2025-01,1200,Central,39780.13,2025-01-01,2025-01-19,Stock purchase
880,APEX ATHLETIC SUPPLY LTD,APX-01968,20/01/2025,2025-01,1200,Central,"£113,552.09",2025-01-01,2025-01-20,Stock purchase
881,Velocity Equipment Co Ltd,VE-01748,2025-01-24,2025-01,1200,Central,"£95,945.64",2025-01-01,2025-01-24,Stock purchase
882,Stride Apparel Ltd ,SA01223,2025-01-26,2025-01,1200,Central,140731.61,2025-01-01,2025-01-26,Stock purchase
883,Peak Footwear Distribution Ltd,PFD/04891,26/01/2025,2025-01,1200,Central,135654.91,2025-01-01,2025-01-26,Stock purchase
884,Summit Outdoor Goods Ltd ,SOG-06444,2025-01-28,2025-01,1200,Central,117541.07,2025-01-01,2025-01-28,Stock purchase
885,Peak Footwear Distribution Limited,PFD/04892,2025-01-28,2025-01,1200,Central,121322.67,2025-01-01,2025-01-28,Stock purchase
886,Peak Footwear Distribution Limited,PFD/04893,2025-01-29,2025-01,1200,Central,56423.83,2025-01-01,2025-01-29,Stock purchase
887,ParcelCo,PC-003738,2025-02-18,2025-02,6000,Website,"£99,067.86",2025-02-01,2025-02-15,"Parcel delivery, website account"
888,ParcelCo Ltd,PC-003739,2025-03-03,2025-02,6000,Website,86032.67,2025-02-16,2025-02-28,"Parcel delivery, website account"
889,ParcelCo Ltd,PC-003740,2025-02-18,2025-02,6000,Marketplace,54692.17,2025-02-01,2025-02-15,"Parcel delivery, marketplace account"
890,ParcelCo,PC-003741,2025-03-03,2025-02,6000,Marketplace,"£47,495.82",2025-02-16,2025-02-28,"Parcel delivery, marketplace account"
891,Searchly Ads Ltd,SRCH-07517,2025-02-28,2025-02,6200,Website,"£114,898.35",2025-02-01,2025-02-28,Advertising
892,Socialreach Media Limited,SRM04351,28/02/2025,2025-02,6200,Website,57449.17,2025-02-01,2025-02-28,Advertising
893,LINKPARTNER AFFILIATES LTD,LPA-06150,2025-02-28,2025-02,6200,Website,19149.73,2025-02-01,2025-02-28,Advertising
894,Midshire Logistics Park Limited,MLP8433,2025-02-01,2025-02,7100,Central,115025.10,2025-02-01,2025-02-01,Monthly charge
895,Cloudstack Software Limited,CS-07626,2025-02-01,2025-02,7110,Central,63263.80,2025-02-01,2025-02-01,Monthly charge
896,Kestrel Grid Energy Limited,KGE002528,01/02/2025,2025-02,7120,Central,34507.53,2025-02-01,2025-02-01,Monthly charge
897,Ashcombe & Rowe LLP,AR-4291,2025-02-01,2025-02,7130,Central,46010.04,2025-02-01,2025-02-01,Monthly charge
898,Harbourline Insurance,HI02500,2025-02-01,2025-02,7140,Central,28756.27,2025-02-01,2025-02-01,Monthly charge
899,Fulcrum Automation Limited,FA-03861,08/02/2025,2025-02,1500,Central,70000.00,2025-02-01,2025-02-08,Warehouse and IT equipment
900,Stride Apparel,SA01224,2025-02-02,2025-02,1200,Central,58313.46,2025-02-01,2025-02-02,Stock purchase
901,Peak Footwear Distribution Limited,PFD/04894,2025-02-02,2025-02,1200,Central,35406.05,2025-02-01,2025-02-02,Stock purchase
902,Stride Apparel Limited,SA01225,2025-02-02,2025-02,1200,Central,"£73,398.74",2025-02-01,2025-02-02,Stock purchase
903,VELOCITY EQUIPMENT CO LTD,VE-01749,2025-02-03,2025-02,1200,Central,"£65,459.81",2025-02-01,2025-02-03,Stock purchase
904,Summit Outdoor Goods Ltd,SOG-06445,2025-02-03,2025-02,1200,Central,67374.17,2025-02-01,2025-02-03,Stock purchase
905,Stride Apparel Limited,SA01226,04/02/2025,2025-02,1200,Central,69522.28,2025-02-01,2025-02-04,Stock purchase
906,Velocity Equipment Co,VE-01750,2025-02-05,2025-02,1200,Central,41261.07,2025-02-01,2025-02-05,Stock purchase
907,Northfield Sportswear,NS008710,2025-02-06,2025-02,1200,Central,15061.99,2025-02-01,2025-02-06,Stock purchase
908,Apex Athletic Supply Ltd,APX-01969,2025-02-06,2025-02,1200,Central,"£42,858.07",2025-02-01,2025-02-06,Stock purchase
909,Stride Apparel Ltd,SA01227,2025-02-07,2025-02,1200,Central,70183.74,2025-02-01,2025-02-07,Stock purchase
910,Northfield Sportswear Ltd ,NS008711,2025-02-07,2025-02,1200,Central,58338.86,2025-02-01,2025-02-07,Stock purchase
911,Velocity Equipment Co Ltd ,VE-01751,2025-02-08,2025-02,1200,Central,21655.89,2025-02-01,2025-02-08,Stock purchase
912,Apex Athletic Supply Limited,APX-01970,2025-02-09,2025-02,1200,Central,26971.02,2025-02-01,2025-02-09,Stock purchase
913,Northfield Sportswear Ltd,NS008712,09/02/2025,2025-02,1200,Central,45298.77,2025-02-01,2025-02-09,Stock purchase
914,Northfield Sportswear Limited,NS008713,11/02/2025,2025-02,1200,Central,"£62,514.73",2025-02-01,2025-02-11,Stock purchase
915,Peak Footwear Distribution,PFD/04895,2025-02-11,2025-02,1200,Central,47369.33,2025-02-01,2025-02-11,Stock purchase
916,Apex Athletic Supply Ltd,APX-01971,2025-02-13,2025-02,1200,Central,67467.55,2025-02-01,2025-02-13,Stock purchase
917,Summit Outdoor Goods Limited,SOG-06446,2025-02-14,2025-02,1200,Central,"£74,804.57",2025-02-01,2025-02-14,Stock purchase
918,Stride Apparel,SA01228,2025-02-15,2025-02,1200,Central,19885.01,2025-02-01,2025-02-15,Stock purchase
919,Velocity Equipment Co Ltd ,VE-01752,19/02/2025,2025-02,1200,Central,41680.34,2025-02-01,2025-02-19,Stock purchase
920,Northfield Sportswear,NS008714,19/02/2025,2025-02,1200,Central,"£19,425.13",2025-02-01,2025-02-19,Stock purchase
921,APEX ATHLETIC SUPPLY LTD,APX-01972,19/02/2025,2025-02,1200,Central,37847.58,2025-02-01,2025-02-19,Stock purchase
922,Peak Footwear Distribution Limited,PFD/04896,24/02/2025,2025-02,1200,Central,68803.75,2025-02-01,2025-02-24,Stock purchase
923,Northfield Sportswear Limited,NS008715,2025-02-24,2025-02,1200,Central,33981.94,2025-02-01,2025-02-24,Stock purchase
924,Peak Footwear Distribution,PFD/04897,2025-02-25,2025-02,1200,Central,66533.75,2025-02-01,2025-02-25,Stock purchase
925,Northfield Sportswear,NS008716,27/02/2025,2025-02,1200,Central,"£71,786.88",2025-02-01,2025-02-27,Stock purchase
926,Stride Apparel Limited,SA01229,2025-02-27,2025-02,1200,Central,72183.70,2025-02-01,2025-02-27,Stock purchase
927,Summit Outdoor Goods Ltd,SOG-06447,28/02/2025,2025-02,1200,Central,"£24,733.85",2025-02-01,2025-02-28,Stock purchase
928,Stride Apparel,SA01230,2025-02-28,2025-02,1200,Central,17936.82,2025-02-01,2025-02-28,Stock purchase
929,ParcelCo Limited,PC-003742,2025-03-18,2025-03,6000,Website,96466.37,2025-03-01,2025-03-15,"Parcel delivery, website account"
930,ParcelCo Limited,PC-003743,2025-04-03,2025-03,6000,Website,104399.46,2025-03-16,2025-03-31,"Parcel delivery, website account"
931,ParcelCo Ltd ,PC-003744,18/03/2025,2025-03,6000,Marketplace,55337.42,2025-03-01,2025-03-15,"Parcel delivery, marketplace account"
932,ParcelCo Ltd ,PC-003745,2025-04-03,2025-03,6000,Marketplace,59888.23,2025-03-16,2025-03-31,"Parcel delivery, marketplace account"
933,Searchly Ads,SRCH-07518,2025-03-31,2025-03,6200,Website,125613.68,2025-03-01,2025-03-31,Advertising
934,Socialreach Media Limited,SRM04352,31/03/2025,2025-03,6200,Website,62806.84,2025-03-01,2025-03-31,Advertising
935,Linkpartner Affiliates Ltd ,LPA-06151,31/03/2025,2025-03,6200,Website,"£20,935.61",2025-03-01,2025-03-31,Advertising
936,MIDSHIRE LOGISTICS PARK LTD,MLP8434,01/03/2025,2025-03,7100,Central,126548.26,2025-03-01,2025-03-01,Monthly charge
937,CLOUDSTACK SOFTWARE LTD,CS-07627,2025-03-01,2025-03,6200,Central,69601.54,2025-03-01,2025-03-01,Monthly charge
938,KESTREL GRID ENERGY LTD,KGE002529,2025-03-01,2025-03,7120,Central,37964.48,2025-03-01,2025-03-01,Monthly charge
939,Ashcombe & Rowe LLP ,AR-4292,2025-03-01,2025-03,7130,Central,50619.30,2025-03-01,2025-03-01,Monthly charge
940,HARBOURLINE INSURANCE LTD,HI02501,2025-03-01,2025-03,7140,Central,31637.06,2025-03-01,2025-03-01,Monthly charge
941,BRIGHTDESK IT LTD,BIT05889,2025-03-18,2025-03,1500,Central,70000.00,2025-03-01,2025-03-18,Warehouse and IT equipment
942,Northfield Sportswear Ltd ,NS008717,06/03/2025,2025-03,1200,Central,42941.93,2025-03-01,2025-03-06,Stock purchase
943,Northfield Sportswear,NS008718,06/03/2025,2025-03,1200,Central,71775.78,2025-03-01,2025-03-06,Stock purchase
944,Summit Outdoor Goods Limited,SOG-06448,2025-03-06,2025-03,1200,Central,"£31,587.64",2025-03-01,2025-03-06,Stock purchase
945,Velocity Equipment Co Ltd ,VE-01753,2025-03-07,2025-03,1200,Central,84187.83,2025-03-01,2025-03-07,Stock purchase
946,Stride Apparel Ltd,SA01231,2025-03-12,2025-03,1200,Central,93898.25,2025-03-01,2025-03-12,Stock purchase
947,Peak Footwear Distribution Ltd ,PFD/04898,2025-03-12,2025-03,1200,Central,20972.42,2025-03-01,2025-03-12,Stock purchase
948,Apex Athletic Supply Ltd,APX-01973,2025-03-12,2025-03,1200,Central,"£89,683.78",2025-03-01,2025-03-12,Stock purchase
949,Peak Footwear Distribution,PFD/04899,14/03/2025,2025-03,1200,Central,97041.04,2025-03-01,2025-03-14,Stock purchase
950,Stride Apparel Limited,SA01232,2025-03-14,2025-03,1200,Central,86753.87,2025-03-01,2025-03-14,Stock purchase
951,Northfield Sportswear,NS008719,2025-03-14,2025-03,1200,Central,40911.67,2025-03-01,2025-03-14,Stock purchase
952,Apex Athletic Supply,APX-01974,16/03/2025,2025-03,1200,Central,82502.37,2025-03-01,2025-03-16,Stock purchase
953,Apex Athletic Supply Limited,APX-01975,2025-03-18,2025-03,1200,Central,74474.15,2025-03-01,2025-03-18,Stock purchase
954,Peak Footwear Distribution Limited,PFD/04900,2025-03-19,2025-03,1200,Central,79617.00,2025-03-01,2025-03-19,Stock purchase
955,Northfield Sportswear Limited,NS008720,2025-03-21,2025-03,1200,Central,"£81,231.14",2025-03-01,2025-03-21,Stock purchase
956,Stride Apparel,SA01233,2025-03-23,2025-03,1200,Central,54630.06,2025-03-01,2025-03-23,Stock purchase
957,Apex Athletic Supply,APX-01976,2025-03-24,2025-03,1200,Central,"£77,076.00",2025-03-01,2025-03-24,Stock purchase
958,Stride Apparel,SA01234,2025-03-25,2025-03,1200,Central,104744.91,2025-03-01,2025-03-25,Stock purchase
959,Apex Athletic Supply Ltd ,APX-01977,2025-03-25,2025-03,1200,Central,54091.38,2025-03-01,2025-03-25,Stock purchase
960,Apex Athletic Supply Ltd ,APX-01978,25/03/2025,2025-03,1200,Central,"£25,429.74",2025-03-01,2025-03-25,Stock purchase
961,Apex Athletic Supply,APX-01979,26/03/2025,2025-03,1200,Central,54558.61,2025-03-01,2025-03-26,Stock purchase
962,Northfield Sportswear Ltd,NS008721,2025-03-26,2025-03,1200,Central,41357.93,2025-03-01,2025-03-26,Stock purchase
963,Stride Apparel Ltd,SA01235,2025-03-29,2025-03,1200,Central,"£90,856.41",2025-03-01,2025-03-29,Stock purchase
964,Velocity Equipment Co Limited,VE-01754,29/03/2025,2025-03,1200,Central,"£48,845.65",2025-03-01,2025-03-29,Stock purchase
965,SUMMIT OUTDOOR GOODS LTD,SOG-06449,2025-03-31,2025-03,1200,Central,22749.84,2025-03-01,2025-03-31,Stock purchase
966,ParcelCo Ltd ,PC-003746,18/04/2025,2025-04,6000,Website,107029.54,2025-04-01,2025-04-15,"Parcel delivery, website account"
967,ParcelCo Ltd,PC-003747,2025-05-03,2025-04,6000,Website,"£107,029.56",2025-04-16,2025-04-30,"Parcel delivery, website account"
968,ParcelCo Limited,PC-003748,2025-04-18,2025-04,6000,Marketplace,"£57,351.54",2025-04-01,2025-04-15,"Parcel delivery, marketplace account"
969,PARCELCO LTD,PC-003749,2025-05-03,2025-04,6000,Marketplace,57351.56,2025-04-16,2025-04-30,"Parcel delivery, marketplace account"
970,Searchly Ads,SRCH-07519,2025-04-30,2025-04,6200,Website,137040.03,2025-04-01,2025-04-30,Advertising
971,Socialreach Media Ltd ,SRM04353,2025-04-30,2025-04,6200,Website,68520.01,2025-04-01,2025-04-30,Advertising
972,LINKPARTNER AFFILIATES LTD,LPA-06152,2025-04-30,2025-04,6200,Website,22840.01,2025-04-01,2025-04-30,Advertising
973,Midshire Logistics Park Ltd ,MLP8435,2025-04-01,2025-04,7100,Central,125661.37,2025-04-01,2025-04-01,Monthly charge
974,Cloudstack Software Ltd ,CS-07628,2025-04-01,2025-04,7110,Central,69113.75,2025-04-01,2025-04-01,Monthly charge
975,Kestrel Grid Energy Limited,KGE002530,2025-04-01,2025-04,7120,Central,37698.41,2025-04-01,2025-04-01,Monthly charge
976,Ashcombe & Rowe LLP,AR-4293,01/04/2025,2025-04,7130,Central,50264.55,2025-04-01,2025-04-01,Monthly charge
977,Harbourline Insurance,HI02502,01/04/2025,2025-04,7140,Central,31415.34,2025-04-01,2025-04-01,Monthly charge
978,Fulcrum Automation Ltd ,FA-03862,2025-04-20,2025-04,7150,Central,70000.00,2025-04-01,2025-04-20,Warehouse and IT equipment
979,Northfield Sportswear Ltd,NS008722,01/04/2025,2025-04,1200,Central,"£93,351.92",2025-04-01,2025-04-01,Stock purchase
980,Apex Athletic Supply,APX-01980,2025-04-02,2025-04,1200,Central,"£35,332.63",2025-04-01,2025-04-02,Stock purchase
981,Velocity Equipment Co Limited,VE-01755,2025-04-03,2025-04,1200,Central,"£42,222.51",2025-04-01,2025-04-03,Stock purchase
982,Summit Outdoor Goods Limited,SOG-06450,2025-04-03,2025-04,1200,Central,"£16,531.37",2025-04-01,2025-04-03,Stock purchase
983,Peak Footwear Distribution Ltd,PFD/04901,2025-04-04,2025-04,1200,Central,"£37,387.29",2025-04-01,2025-04-04,Stock purchase
984,Summit Outdoor Goods Ltd ,SOG-06451,2025-04-04,2025-04,1200,Central,66557.18,2025-04-01,2025-04-04,Stock purchase
985,NORTHFIELD SPORTSWEAR LTD,NS008723,2025-04-06,2025-04,1200,Central,"£27,175.09",2025-04-01,2025-04-06,Stock purchase
986,Peak Footwear Distribution,PFD/04902,2025-04-06,2025-04,1200,Central,57945.92,2025-04-01,2025-04-06,Stock purchase
987,APEX ATHLETIC SUPPLY LTD,APX-01981,2025-04-08,2025-04,1200,Central,"£23,378.16",2025-04-01,2025-04-08,Stock purchase
988,Northfield Sportswear,NS008724,2025-04-08,2025-04,1200,Central,70980.13,2025-04-01,2025-04-08,Stock purchase
989,Stride Apparel Ltd,SA01236,2025-04-10,2025-04,1200,Central,63326.84,2025-04-01,2025-04-10,Stock purchase
990,PEAK FOOTWEAR DISTRIBUTION LTD,PFD/04903,2025-04-13,2025-04,1200,Central,68649.88,2025-04-01,2025-04-13,Stock purchase
991,Peak Footwear Distribution Ltd,PFD/04904,2025-04-16,2025-04,1200,Central,"£83,276.04",2025-04-01,2025-04-16,Stock purchase
992,Northfield Sportswear,NS008725,2025-04-16,2025-04,1200,Central,"£50,427.09",2025-04-01,2025-04-16,Stock purchase
993,Summit Outdoor Goods Limited,SOG-06452,16/04/2025,2025-04,1200,Central,24099.19,2025-04-01,2025-04-16,Stock purchase
994,PEAK FOOTWEAR DISTRIBUTION LTD,PFD/04905,18/04/2025,2025-04,1200,Central,83595.11,2025-04-01,2025-04-18,Stock purchase
995,Summit Outdoor Goods,SOG-06453,2025-04-18,2025-04,1200,Central,"£53,140.69",2025-04-01,2025-04-18,Stock purchase
996,Northfield Sportswear Ltd ,NS008726,19/04/2025,2025-04,1200,Central,76365.26,2025-04-01,2025-04-19,Stock purchase
997,Northfield Sportswear Ltd ,NS008727,2025-04-20,2025-04,1200,Central,71271.92,2025-04-01,2025-04-20,Stock purchase
998,Apex Athletic Supply Limited,APX-01982,20/04/2025,2025-04,1200,Central,53582.14,2025-04-01,2025-04-20,Stock purchase
999,Northfield Sportswear,NS008728,2025-04-21,2025-04,1200,Central,53413.52,2025-04-01,2025-04-21,Stock purchase
1000,APEX ATHLETIC SUPPLY LTD,APX-01983,2025-04-22,2025-04,1200,Central,71220.57,2025-04-01,2025-04-22,Stock purchase
1001,Northfield Sportswear,NS008729,24/04/2025,2025-04,1200,Central,55928.33,2025-04-01,2025-04-24,Stock purchase
1002,Northfield Sportswear Ltd ,NS008730,2025-04-26,2025-04,1200,Central,73704.43,2025-04-01,2025-04-26,Stock purchase
1003,NORTHFIELD SPORTSWEAR LTD,NS008731,26/04/2025,2025-04,1200,Central,32071.00,2025-04-01,2025-04-26,Stock purchase
1004,Stride Apparel Limited,SA01237,2025-04-27,2025-04,1200,Central,"£32,073.38",2025-04-01,2025-04-27,Stock purchase
1005,Peak Footwear Distribution,PFD/04906,2025-04-28,2025-04,1200,Central,18335.17,2025-04-01,2025-04-28,Stock purchase
1006,Apex Athletic Supply Ltd,APX-01984,2025-04-28,2025-04,1200,Central,"£16,612.28",2025-04-01,2025-04-28,Stock purchase
1007,Northfield Sportswear Limited,NS008732,2025-04-28,2025-04,1200,Central,82178.20,2025-04-01,2025-04-28,Stock purchase
1008,Summit Outdoor Goods Limited,SOG-06454,2025-04-30,2025-04,1200,Central,"£37,849.46",2025-04-01,2025-04-30,Stock purchase
1009,ParcelCo,PC-003750,18/05/2025,2025-05,6000,Website,116502.24,2025-05-01,2025-05-15,"Parcel delivery, website account"
1010,ParcelCo Ltd ,PC-003751,2025-06-03,2025-05,6000,Website,"£124,576.62",2025-05-16,2025-05-31,"Parcel delivery, website account"
1011,ParcelCo Limited,PC-003752,2025-05-18,2025-05,6000,Marketplace,72818.20,2025-05-01,2025-05-15,"Parcel delivery, marketplace account"
1012,ParcelCo Limited,PC-003753,03/06/2025,2025-05,6000,Marketplace,77864.94,2025-05-16,2025-05-31,"Parcel delivery, marketplace account"
1013,SEARCHLY ADS LTD,SRCH-07520,2025-05-31,2025-05,6200,Website,164742.29,2025-05-01,2025-05-31,Advertising
1014,Socialreach Media Limited,SRM04354,2025-05-31,2025-05,7110,Website,"£82,371.14",2025-05-01,2025-05-31,Advertising
1015,Linkpartner Affiliates Ltd,LPA-06153,31/05/2025,2025-05,6200,Website,27457.05,2025-05-01,2025-05-31,Advertising
1016,MIDSHIRE LOGISTICS PARK LTD,MLP8436,2025-05-01,2025-05,7100,Central,"£120,925.51",2025-05-01,2025-05-01,Monthly charge
1017,Cloudstack Software Ltd,CS-07629,01/05/2025,2025-05,7110,Central,66509.03,2025-05-01,2025-05-01,Monthly charge
1018,Kestrel Grid Energy Ltd,KGE002531,2025-05-01,2025-05,7120,Central,"£36,277.65",2025-05-01,2025-05-01,Monthly charge
1019,Ashcombe & Rowe LLP ,AR-4294,2025-05-01,2025-05,7130,Central,"£48,370.20",2025-05-01,2025-05-01,Monthly charge
1020,Harbourline Insurance Ltd,HI02503,2025-05-01,2025-05,7140,Central,30231.39,2025-05-01,2025-05-01,Monthly charge
1021,Brightdesk IT Ltd ,BIT05890,2025-05-18,2025-05,1500,Central,70000.00,2025-05-01,2025-05-18,Warehouse and IT equipment
1022,NORTHFIELD SPORTSWEAR LTD,NS008733,2025-05-01,2025-05,1200,Central,82329.50,2025-05-01,2025-05-01,Stock purchase
1023,Northfield Sportswear Limited,NS008734,2025-05-03,2025-05,1200,Central,35476.33,2025-05-01,2025-05-03,Stock purchase
1024,Stride Apparel Limited,SA01238,03/05/2025,2025-05,1200,Central,75926.85,2025-05-01,2025-05-03,Stock purchase
1025,Velocity Equipment Co,VE-01756,2025-05-04,2025-05,1200,Central,"£131,880.40",2025-05-01,2025-05-04,Stock purchase
1026,Northfield Sportswear Limited,NS008735,2025-05-04,2025-05,1200,Central,"£135,949.03",2025-05-01,2025-05-04,Stock purchase
1027,Northfield Sportswear Limited,NS008736,2025-05-06,2025-05,1200,Central,53201.68,2025-05-01,2025-05-06,Stock purchase
1028,Apex Athletic Supply,APX-01985,2025-05-08,2025-05,1200,Central,104174.78,2025-05-01,2025-05-08,Stock purchase
1029,Peak Footwear Distribution Limited,PFD/04907,2025-05-13,2025-05,1200,Central,50153.71,2025-05-01,2025-05-13,Stock purchase
1030,Stride Apparel Ltd ,SA01239,2025-05-15,2025-05,1200,Central,139654.83,2025-05-01,2025-05-15,Stock purchase
1031,Summit Outdoor Goods Ltd ,SOG-06455,2025-05-17,2025-05,1200,Central,40765.42,2025-05-01,2025-05-17,Stock purchase
1032,Northfield Sportswear Ltd,NS008737,19/05/2025,2025-05,1200,Central,44011.66,2025-05-01,2025-05-19,Stock purchase
1033,Peak Footwear Distribution Ltd ,PFD/04908,2025-05-20,2025-05,1200,Central,144316.36,2025-05-01,2025-05-20,Stock purchase
1034,Apex Athletic Supply Limited,APX-01986,2025-05-23,2025-05,1200,Central,"£122,310.21",2025-05-01,2025-05-23,Stock purchase
1035,Velocity Equipment Co Limited,VE-01757,24/05/2025,2025-05,1200,Central,"£133,118.86",2025-05-01,2025-05-24,Stock purchase
1036,Velocity Equipment Co Ltd,VE-01758,2025-05-25,2025-05,1200,Central,83166.38,2025-05-01,2025-05-25,Stock purchase
1037,Apex Athletic Supply Limited,APX-01987,2025-05-25,2025-05,1200,Central,66906.30,2025-05-01,2025-05-25,Stock purchase
1038,Stride Apparel Ltd ,SA01240,28/05/2025,2025-05,1200,Central,"£96,296.90",2025-05-01,2025-05-28,Stock purchase
1039,Summit Outdoor Goods Ltd ,SOG-06456,2025-05-29,2025-05,1200,Central,99872.64,2025-05-01,2025-05-29,Stock purchase
1040,Apex Athletic Supply Ltd,APX-01988,29/05/2025,2025-05,1200,Central,78912.36,2025-05-01,2025-05-29,Stock purchase
1041,Peak Footwear Distribution Ltd ,PFD/04909,2025-05-30,2025-05,1200,Central,76754.72,2025-05-01,2025-05-30,Stock purchase
1042,Summit Outdoor Goods Limited,SOG-06457,30/05/2025,2025-05,1200,Central,139453.94,2025-05-01,2025-05-30,Stock purchase
1043,ParcelCo Ltd,PC-003754,18/06/2025,2025-06,6000,Website,"£143,517.70",2025-06-01,2025-06-15,"Parcel delivery, website account"
1044,ParcelCo Limited,PC-003755,2025-07-03,2025-06,6000,Website,143050.24,2025-06-16,2025-06-30,"Parcel delivery, website account"
1045,ParcelCo,PC-003756,2025-06-18,2025-06,6000,Marketplace,101256.38,2025-06-01,2025-06-15,"Parcel delivery, marketplace account"
1046,ParcelCo Ltd ,PC-003757,03/07/2025,2025-06,6000,Marketplace,"£100,926.61",2025-06-16,2025-06-30,"Parcel delivery, marketplace account"
1047,Searchly Ads Limited,SRCH-07521,2025-06-30,2025-06,6200,Website,171745.91,2025-06-01,2025-06-30,Advertising
1048,SOCIALREACH MEDIA LTD,SRM04355,2025-06-30,2025-06,6200,Website,85872.96,2025-06-01,2025-06-30,Advertising
1049,Linkpartner Affiliates Ltd ,LPA-06154,2025-06-30,2025-06,6200,Website,28624.32,2025-06-01,2025-06-30,Advertising
1050,Midshire Logistics Park Limited,MLP8437,2025-06-01,2025-06,7100,Central,118083.14,2025-06-01,2025-06-01,Monthly charge
1051,Cloudstack Software Limited,CS-07630,2025-06-01,2025-06,7110,Central,64945.73,2025-06-01,2025-06-01,Monthly charge
1052,KESTREL GRID ENERGY LTD,KGE002532,2025-06-01,2025-06,7120,Central,35424.94,2025-06-01,2025-06-01,Monthly charge
1053,Ashcombe & Rowe LLP ,AR-4295,2025-06-01,2025-06,7130,Central,47233.26,2025-06-01,2025-06-01,Monthly charge
1054,Harbourline Insurance Ltd,HI02504,2025-06-01,2025-06,7140,Central,29520.79,2025-06-01,2025-06-01,Monthly charge
1055,FULCRUM AUTOMATION LTD,FA-03863,18/06/2025,2025-06,1500,Central,70000.00,2025-06-01,2025-06-18,Warehouse and IT equipment
1056,Apex Athletic Supply Ltd ,APX-01989,2025-06-01,2025-06,1200,Central,44888.57,2025-06-01,2025-06-01,Stock purchase
1057,Summit Outdoor Goods,SOG-06458,2025-06-03,2025-06,1200,Central,"£78,448.53",2025-06-01,2025-06-03,Stock purchase
1058,Apex Athletic Supply Ltd ,APX-01990,2025-06-04,2025-06,1200,Central,139864.13,2025-06-01,2025-06-04,Stock purchase
1059,Apex Athletic Supply Ltd,APX-01991,2025-06-05,2025-06,1200,Central,132151.22,2025-06-01,2025-06-05,Stock purchase
1060,Summit Outdoor Goods Ltd ,SOG-06459,2025-06-07,2025-06,1200,Central,93131.89,2025-06-01,2025-06-07,Stock purchase
1061,Summit Outdoor Goods Limited,SOG-06460,09/06/2025,2025-06,1200,Central,125401.45,2025-06-01,2025-06-09,Stock purchase
1062,Peak Footwear Distribution Limited,PFD/04910,2025-06-09,2025-06,1200,Central,34742.99,2025-06-01,2025-06-09,Stock purchase
1063,Apex Athletic Supply Limited,APX-01992,2025-06-10,2025-06,1200,Central,61481.87,2025-06-01,2025-06-10,Stock purchase
1064,Velocity Equipment Co Ltd,VE-01759,2025-06-10,2025-06,1200,Central,112028.15,2025-06-01,2025-06-10,Stock purchase
1065,APEX ATHLETIC SUPPLY LTD,APX-01993,10/06/2025,2025-06,1200,Central,"£78,037.53",2025-06-01,2025-06-10,Stock purchase
1066,Summit Outdoor Goods Limited,SOG-06461,2025-06-10,2025-06,1200,Central,81774.21,2025-06-01,2025-06-10,Stock purchase
1067,Velocity Equipment Co,VE-01760,2025-06-13,2025-06,1200,Central,55580.28,2025-06-01,2025-06-13,Stock purchase
1068,Northfield Sportswear,NS008738,2025-06-13,2025-06,1200,Central,44586.91,2025-06-01,2025-06-13,Stock purchase
1069,Velocity Equipment Co,VE-01761,13/06/2025,2025-06,1200,Central,87284.32,2025-06-01,2025-06-13,Stock purchase
1070,Stride Apparel Limited,SA01241,16/06/2025,2025-06,1200,Central,167264.64,2025-06-01,2025-06-16,Stock purchase
1071,Peak Footwear Distribution,PFD/04911,2025-06-16,2025-06,1200,Central,102348.43,2025-06-01,2025-06-16,Stock purchase
1072,Stride Apparel Ltd ,SA01242,2025-06-16,2025-06,1200,Central,117470.83,2025-06-01,2025-06-16,Stock purchase
1073,Northfield Sportswear Ltd ,NS008739,17/06/2025,2025-06,1200,Central,121926.48,2025-06-01,2025-06-17,Stock purchase
1074,Stride Apparel,SA01243,20/06/2025,2025-06,1200,Central,"£63,609.40",2025-06-01,2025-06-20,Stock purchase
1075,Stride Apparel Ltd,SA01244,2025-06-21,2025-06,1200,Central,94262.67,2025-06-01,2025-06-21,Stock purchase
1076,Stride Apparel Ltd,SA01245,2025-06-23,2025-06,1200,Central,"£129,474.89",2025-06-01,2025-06-23,Stock purchase
1077,Velocity Equipment Co Ltd ,VE-01762,2025-06-24,2025-06,1200,Central,"£96,162.75",2025-06-01,2025-06-24,Stock purchase
1078,Stride Apparel Ltd ,SA01246,25/06/2025,2025-06,1200,Central,122908.16,2025-06-01,2025-06-25,Stock purchase
1079,STRIDE APPAREL LTD,SA01247,2025-06-26,2025-06,1200,Central,71220.94,2025-06-01,2025-06-26,Stock purchase
1080,Stride Apparel Ltd ,SA01248,2025-06-26,2025-06,1200,Central,51127.47,2025-06-01,2025-06-26,Stock purchase
1081,Stride Apparel Ltd,SA01249,2025-06-30,2025-06,1200,Central,49738.17,2025-06-01,2025-06-30,Stock purchase
1082,ParcelCo Ltd,PC-003758,2025-07-18,2025-07,6000,Website,"£139,420.33",2025-07-01,2025-07-15,"Parcel delivery, website account"
1083,ParcelCo Limited,PC-003759,03/08/2025,2025-07,6000,Website,148162.77,2025-07-16,2025-07-31,"Parcel delivery, website account"
1084,ParcelCo Ltd,PC-003760,2025-07-18,2025-07,6000,Marketplace,"£101,472.46",2025-07-01,2025-07-15,"Parcel delivery, marketplace account"
1085,ParcelCo Ltd ,PC-003761,03/08/2025,2025-07,6000,Marketplace,"£107,835.37",2025-07-16,2025-07-31,"Parcel delivery, marketplace account"
1086,SEARCHLY ADS LTD,SRCH-07522,2025-07-31,2025-07,6200,Website,"£176,676.34",2025-07-01,2025-07-31,Advertising
1087,SOCIALREACH MEDIA LTD,SRM04356,31/07/2025,2025-07,6200,Website,88338.17,2025-07-01,2025-07-31,Advertising
1088,LINKPARTNER AFFILIATES LTD,LPA-06155,31/07/2025,2025-07,6200,Website,"£29,446.05",2025-07-01,2025-07-31,Advertising
1089,Midshire Logistics Park Ltd,MLP8438,01/07/2025,2025-07,7100,Central,123606.05,2025-07-01,2025-07-01,Monthly charge
1090,Cloudstack Software Ltd,CS-07631,2025-07-01,2025-07,7110,Central,67983.33,2025-07-01,2025-07-01,Monthly charge
1091,Kestrel Grid Energy Ltd,KGE002533,2025-07-01,2025-07,7120,Central,37081.81,2025-07-01,2025-07-01,Monthly charge
1092,Ashcombe & Rowe LLP ,AR-4296,01/07/2025,2025-07,7130,Central,49442.42,2025-07-01,2025-07-01,Monthly charge
1093,HARBOURLINE INSURANCE LTD,HI02505,2025-07-01,2025-07,7140,Central,"£30,901.51",2025-07-01,2025-07-01,Monthly charge
1094,Brightdesk IT Ltd ,BIT05891,16/07/2025,2025-07,1500,Central,70000.00,2025-07-01,2025-07-16,Warehouse and IT equipment
1095,Peak Footwear Distribution,PFD/04912,01/07/2025,2025-07,1200,Central,"£35,781.19",2025-07-01,2025-07-01,Stock purchase
1096,Velocity Equipment Co,VE-01763,2025-07-02,2025-07,1200,Central,98003.12,2025-07-01,2025-07-02,Stock purchase
1097,Summit Outdoor Goods,SOG-06462,03/07/2025,2025-07,1200,Central,176064.40,2025-07-01,2025-07-03,Stock purchase
1098,Summit Outdoor Goods Limited,SOG-06463,2025-07-05,2025-07,1200,Central,57035.61,2025-07-01,2025-07-05,Stock purchase
1099,Apex Athletic Supply Limited,APX-01994,2025-07-06,2025-07,1200,Central,117853.67,2025-07-01,2025-07-06,Stock purchase
1100,Velocity Equipment Co Ltd,VE-01764,2025-07-06,2025-07,1200,Central,170120.67,2025-07-01,2025-07-06,Stock purchase
1101,Peak Footwear Distribution Limited,PFD/04913,2025-07-08,2025-07,1200,Central,"£169,744.05",2025-07-01,2025-07-08,Stock purchase
1102,Northfield Sportswear,NS008740,2025-07-08,2025-07,1200,Central,158333.02,2025-07-01,2025-07-08,Stock purchase
1103,Stride Apparel,SA01250,10/07/2025,2025-07,1200,Central,89969.04,2025-07-01,2025-07-10,Stock purchase
1104,Stride Apparel Ltd,SA01251,2025-07-14,2025-07,1200,Central,"£117,164.30",2025-07-01,2025-07-14,Stock purchase
1105,STRIDE APPAREL LTD,SA01252,2025-07-15,2025-07,1200,Central,158441.77,2025-07-01,2025-07-15,Stock purchase
1106,SUMMIT OUTDOOR GOODS LTD,SOG-06464,2025-07-15,2025-07,1200,Central,"£95,816.53",2025-07-01,2025-07-15,Stock purchase
1107,Stride Apparel,SA01253,2025-07-17,2025-07,1200,Central,63534.07,2025-07-01,2025-07-17,Stock purchase
1108,Stride Apparel,SA01254,17/07/2025,2025-07,1200,Central,62959.71,2025-07-01,2025-07-17,Stock purchase
1109,Velocity Equipment Co,VE-01765,19/07/2025,2025-07,1200,Central,115585.00,2025-07-01,2025-07-19,Stock purchase
1110,Stride Apparel,SA01255,23/07/2025,2025-07,1200,Central,102267.35,2025-07-01,2025-07-23,Stock purchase
1111,Velocity Equipment Co Ltd,VE-01766,2025-07-23,2025-07,1200,Central,73068.00,2025-07-01,2025-07-23,Stock purchase
1112,Stride Apparel,SA01256,2025-07-25,2025-07,1200,Central,71934.16,2025-07-01,2025-07-25,Stock purchase
1113,Northfield Sportswear Ltd,NS008741,2025-07-25,2025-07,1200,Central,"£67,800.38",2025-07-01,2025-07-25,Stock purchase
1114,Velocity Equipment Co Ltd ,VE-01767,2025-07-25,2025-07,1200,Central,178373.47,2025-07-01,2025-07-25,Stock purchase
1115,Summit Outdoor Goods Limited,SOG-06465,2025-07-29,2025-07,1200,Central,57657.48,2025-07-01,2025-07-29,Stock purchase
1116,Northfield Sportswear Ltd ,NS008742,2025-07-30,2025-07,1200,Central,89161.55,2025-07-01,2025-07-30,Stock purchase
1117,ParcelCo Limited,PC-003762,18/08/2025,2025-08,6000,Website,143059.36,2025-08-01,2025-08-15,"Parcel delivery, website account"
1118,ParcelCo Ltd,PC-003763,2025-09-03,2025-09,6000,Website,153883.06,2025-08-16,2025-08-31,"Parcel delivery, website account"
1119,ParcelCo Limited,PC-003764,2025-08-18,2025-08,6000,Marketplace,"£103,736.96",2025-08-01,2025-08-15,"Parcel delivery, marketplace account"
1120,ParcelCo Limited,PC-003765,2025-09-03,2025-08,6000,Marketplace,"£111,585.58",2025-08-16,2025-08-31,"Parcel delivery, marketplace account"
1121,Searchly Ads Ltd ,SRCH-07523,2025-08-31,2025-08,6200,Website,"£196,159.31",2025-08-01,2025-08-31,Advertising
1122,Socialreach Media Limited,SRM04357,2025-08-31,2025-08,7110,Website,"£98,079.65",2025-08-01,2025-08-31,Advertising
1123,LINKPARTNER AFFILIATES LTD,LPA-06156,2025-08-31,2025-08,6200,Website,32693.22,2025-08-01,2025-08-31,Advertising
1124,Midshire Logistics Park Limited,MLP8439,2025-08-01,2025-08,7100,Central,118877.20,2025-08-01,2025-08-01,Monthly charge
1125,Cloudstack Software Ltd,CS-07632,2025-08-01,2025-08,7110,Central,65382.46,2025-08-01,2025-08-01,Monthly charge
1126,Kestrel Grid Energy Ltd ,KGE002534,2025-08-01,2025-08,7120,Central,35663.16,2025-08-01,2025-08-01,Monthly charge
1127,Ashcombe & Rowe LLP,AR-4297,2025-08-01,2025-08,7130,Central,47550.88,2025-08-01,2025-08-01,Monthly charge
1128,Harbourline Insurance,HI02506,01/08/2025,2025-08,7140,Central,29719.31,2025-08-01,2025-08-01,Monthly charge
1129,Fulcrum Automation,FA-03864,2025-08-12,2025-08,1500,Central,"£70,000.00",2025-08-01,2025-08-12,Warehouse and IT equipment
1130,Northfield Sportswear,NS008743,2025-08-01,2025-08,1200,Central,"£174,364.38",2025-08-01,2025-08-01,Stock purchase
1131,PEAK FOOTWEAR DISTRIBUTION LTD,PFD/04914,2025-08-02,2025-08,1200,Central,96282.33,2025-08-01,2025-08-02,Stock purchase
1132,Peak Footwear Distribution Ltd,PFD/04915,2025-08-02,2025-08,1200,Central,"£174,025.63",2025-08-01,2025-08-02,Stock purchase
1133,STRIDE APPAREL LTD,SA01257,2025-08-02,2025-08,1200,Central,64486.31,2025-08-01,2025-08-02,Stock purchase
1134,Northfield Sportswear,NS008744,03/08/2025,2025-08,1200,Central,"£58,401.74",2025-08-01,2025-08-03,Stock purchase
1135,Stride Apparel,SA01258,2025-08-06,2025-08,1200,Central,99674.41,2025-08-01,2025-08-06,Stock purchase
1136,APEX ATHLETIC SUPPLY LTD,APX-01995,2025-08-06,2025-08,1200,Central,46663.28,2025-08-01,2025-08-06,Stock purchase
1137,Summit Outdoor Goods Ltd,SOG-06466,2025-08-08,2025-08,1200,Central,43203.39,2025-08-01,2025-08-08,Stock purchase
1138,Apex Athletic Supply Ltd,APX-01996,2025-08-15,2025-08,1200,Central,"£136,174.42",2025-08-01,2025-08-15,Stock purchase
1139,VELOCITY EQUIPMENT CO LTD,VE-01768,2025-08-16,2025-08,1200,Central,201055.44,2025-08-01,2025-08-16,Stock purchase
1140,Velocity Equipment Co Ltd,VE-01769,2025-08-17,2025-08,1200,Central,"£163,959.17",2025-08-01,2025-08-17,Stock purchase
1141,Summit Outdoor Goods Limited,SOG-06467,2025-08-17,2025-08,1200,Central,"£167,944.95",2025-08-01,2025-08-17,Stock purchase
1142,Peak Footwear Distribution Ltd ,PFD/04916,17/08/2025,2025-08,1200,Central,"£176,263.74",2025-08-01,2025-08-17,Stock purchase
1143,Summit Outdoor Goods,SOG-06468,2025-08-20,2025-08,1200,Central,"£72,993.07",2025-08-01,2025-08-20,Stock purchase
1144,Apex Athletic Supply Ltd,APX-01997,2025-08-21,2025-08,1200,Central,95643.36,2025-08-01,2025-08-21,Stock purchase
1145,VELOCITY EQUIPMENT CO LTD,VE-01770,2025-08-23,2025-08,1200,Central,"£134,943.64",2025-08-01,2025-08-23,Stock purchase
1146,Stride Apparel Ltd ,SA01259,2025-08-24,2025-08,1200,Central,96608.31,2025-08-01,2025-08-24,Stock purchase
1147,Summit Outdoor Goods Ltd ,SOG-06469,28/08/2025,2025-08,1200,Central,58734.50,2025-08-01,2025-08-28,Stock purchase
1148,Summit Outdoor Goods Ltd ,SOG-06470,2025-08-28,2025-08,1200,Central,49223.32,2025-08-01,2025-08-28,Stock purchase
1149,APEX ATHLETIC SUPPLY LTD,APX-01998,2025-08-30,2025-08,1200,Central,54670.73,2025-08-01,2025-08-30,Stock purchase
1150,Summit Outdoor Goods Limited,SOG-06471,2025-08-30,2025-08,1200,Central,214457.52,2025-08-01,2025-08-30,Stock purchase
1151,Summit Outdoor Goods Ltd ,SOG-06472,2025-08-31,2025-08,1200,Central,93178.70,2025-08-01,2025-08-31,Stock purchase
1152,ParcelCo Ltd ,PC-003766,18/09/2025,2025-09,6000,Website,147537.40,2025-09-01,2025-09-15,"Parcel delivery, website account"
1153,ParcelCo,PC-003767,2025-10-03,2025-09,6000,Website,146090.89,2025-09-16,2025-09-30,"Parcel delivery, website account"
1154,ParcelCo Ltd,PC-003768,2025-09-18,2025-09,6000,Marketplace,"£98,873.62",2025-09-01,2025-09-15,"Parcel delivery, marketplace account"
1155,ParcelCo Ltd ,PC-003769,2025-10-03,2025-10,6000,Marketplace,"£97,904.37",2025-09-16,2025-09-30,"Parcel delivery, marketplace account"
1156,Searchly Ads Ltd ,SRCH-07524,2025-09-30,2025-09,6200,Website,164937.55,2025-09-01,2025-09-30,Advertising
1157,SOCIALREACH MEDIA LTD,SRM04358,2025-09-30,2025-09,6200,Website,82468.77,2025-09-01,2025-09-30,Advertising
1158,Linkpartner Affiliates Limited,LPA-06157,2025-09-30,2025-09,6200,Website,27489.59,2025-09-01,2025-09-30,Advertising
1159,Midshire Logistics Park Ltd ,MLP8440,01/09/2025,2025-09,7100,Central,122168.37,2025-09-01,2025-09-01,Monthly charge
1160,Cloudstack Software Limited,CS-07633,2025-09-01,2025-09,7110,Central,67192.60,2025-09-01,2025-09-01,Monthly charge
1161,Kestrel Grid Energy Limited,KGE002535,2025-09-01,2025-09,7120,Central,36650.51,2025-09-01,2025-09-01,Monthly charge
1162,Ashcombe & Rowe LLP,AR-4298,2025-09-01,2025-09,7130,Central,48867.35,2025-09-01,2025-09-01,Monthly charge
1163,HARBOURLINE INSURANCE LTD,HI02507,2025-09-01,2025-09,7140,Central,"£30,542.10",2025-09-01,2025-09-01,Monthly charge
1164,Brightdesk IT,BIT05892,11/09/2025,2025-09,1500,Central,70000.00,2025-09-01,2025-09-11,Warehouse and IT equipment
1165,Summit Outdoor Goods Ltd,SOG-06473,01/09/2025,2025-09,1200,Central,"£105,407.53",2025-09-01,2025-09-01,Stock purchase
1166,Summit Outdoor Goods Limited,SOG-06474,02/09/2025,2025-09,1200,Central,142955.96,2025-09-01,2025-09-02,Stock purchase
1167,Stride Apparel Ltd ,SA01260,2025-09-03,2025-09,1200,Central,119528.51,2025-09-01,2025-09-03,Stock purchase
1168,Stride Apparel,SA01261,2025-09-03,2025-09,1200,Central,64348.97,2025-09-01,2025-09-03,Stock purchase
1169,Velocity Equipment Co Ltd ,VE-01771,06/09/2025,2025-09,1200,Central,72742.71,2025-09-01,2025-09-06,Stock purchase
1170,Velocity Equipment Co Ltd,VE-01772,07/09/2025,2025-09,1200,Central,"£76,506.79",2025-09-01,2025-09-07,Stock purchase
1171,SUMMIT OUTDOOR GOODS LTD,SOG-06475,2025-09-07,2025-09,1200,Central,"£155,982.99",2025-09-01,2025-09-07,Stock purchase
1172,Stride Apparel,SA01262,08/09/2025,2025-09,1200,Central,139460.47,2025-09-01,2025-09-08,Stock purchase
1173,Velocity Equipment Co Limited,VE-01773,08/09/2025,2025-09,1200,Central,92340.57,2025-09-01,2025-09-08,Stock purchase
1174,Stride Apparel Ltd,SA01263,2025-09-09,2025-09,1200,Central,"£134,137.05",2025-09-01,2025-09-09,Stock purchase
1175,APEX ATHLETIC SUPPLY LTD,APX-01999,2025-09-10,2025-09,1200,Central,"£128,113.22",2025-09-01,2025-09-10,Stock purchase
1176,Peak Footwear Distribution Limited,PFD/04917,2025-09-13,2025-09,1200,Central,"£60,277.25",2025-09-01,2025-09-13,Stock purchase
1177,Northfield Sportswear Limited,NS008745,2025-09-16,2025-09,1200,Central,161845.73,2025-09-01,2025-09-16,Stock purchase
1178,NORTHFIELD SPORTSWEAR LTD,NS008746,18/09/2025,2025-09,1200,Central,159225.98,2025-09-01,2025-09-18,Stock purchase
1179,Peak Footwear Distribution Ltd,PFD/04918,20/09/2025,2025-09,1200,Central,"£43,066.64",2025-09-01,2025-09-20,Stock purchase
1180,Summit Outdoor Goods Ltd,SOG-06476,22/09/2025,2025-09,1200,Central,27985.67,2025-09-01,2025-09-22,Stock purchase
1181,STRIDE APPAREL LTD,SA01264,23/09/2025,2025-09,1200,Central,"£84,528.43",2025-09-01,2025-09-23,Stock purchase
1182,Peak Footwear Distribution,PFD/04919,27/09/2025,2025-09,1200,Central,94631.42,2025-09-01,2025-09-27,Stock purchase
1183,NORTHFIELD SPORTSWEAR LTD,NS008747,2025-09-28,2025-09,1200,Central,"£132,151.16",2025-09-01,2025-09-28,Stock purchase
1184,Northfield Sportswear Limited,NS008748,2025-09-29,2025-09,1200,Central,"£126,541.39",2025-09-01,2025-09-29,Stock purchase
1185,ParcelCo,PC-003770,18/10/2025,2025-10,6000,Website,130838.28,2025-10-01,2025-10-15,"Parcel delivery, website account"
1186,ParcelCo,PC-003771,2025-11-03,2025-10,6000,Website,139474.43,2025-10-16,2025-10-31,"Parcel delivery, website account"
1187,ParcelCo Ltd,PC-003772,2025-10-18,2025-10,6000,Marketplace,"£100,213.43",2025-10-01,2025-10-15,"Parcel delivery, marketplace account"
1188,PARCELCO LTD,PC-003773,2025-11-03,2025-10,6000,Marketplace,106828.14,2025-10-16,2025-10-31,"Parcel delivery, marketplace account"
1189,Searchly Ads Limited,SRCH-07525,2025-10-31,2025-10,6200,Website,"£158,706.85",2025-10-01,2025-10-31,Advertising
1190,Socialreach Media,SRM04359,2025-10-31,2025-10,6200,Website,"£79,353.42",2025-10-01,2025-10-31,Advertising
1191,LINKPARTNER AFFILIATES LTD,LPA-06158,2025-10-31,2025-10,6200,Website,"£26,451.14",2025-10-01,2025-10-31,Advertising
1192,MIDSHIRE LOGISTICS PARK LTD,MLP8441,2025-10-01,2025-10,7100,Central,125929.26,2025-10-01,2025-10-01,Monthly charge
1193,Cloudstack Software Limited,CS-07634,01/10/2025,2025-10,7110,Central,69261.09,2025-10-01,2025-10-01,Monthly charge
1194,Kestrel Grid Energy Limited,KGE002536,2025-10-01,2025-10,7120,Central,37778.78,2025-10-01,2025-10-01,Monthly charge
1195,Ashcombe & Rowe LLP,AR-4299,01/10/2025,2025-10,7130,Central,50371.70,2025-10-01,2025-10-01,Monthly charge
1196,Harbourline Insurance Ltd ,HI02508,2025-10-01,2025-10,7140,Central,"£31,482.31",2025-10-01,2025-10-01,Monthly charge
1197,Fulcrum Automation,FA-03865,2025-10-16,2025-10,1500,Central,70000.00,2025-10-01,2025-10-16,Warehouse and IT equipment
1198,Stride Apparel,SA01265,2025-10-03,2025-10,1200,Central,100866.17,2025-10-01,2025-10-03,Stock purchase
1199,Velocity Equipment Co,VE-01774,03/10/2025,2025-10,1200,Central,75032.16,2025-10-01,2025-10-03,Stock purchase
1200,Apex Athletic Supply Ltd ,APX-02000,03/10/2025,2025-10,1200,Central,"£120,718.70",2025-10-01,2025-10-03,Stock purchase
1201,Northfield Sportswear Ltd,NS008749,03/10/2025,2025-10,1200,Central,80099.36,2025-10-01,2025-10-03,Stock purchase
1202,Peak Footwear Distribution Ltd,PFD/04920,05/10/2025,2025-10,1200,Central,"£60,901.82",2025-10-01,2025-10-05,Stock purchase
1203,Summit Outdoor Goods,SOG-06477,05/10/2025,2025-10,1200,Central,36570.87,2025-10-01,2025-10-05,Stock purchase
1204,Summit Outdoor Goods Ltd,SOG-06478,2025-10-08,2025-10,1200,Central,59396.59,2025-10-01,2025-10-08,Stock purchase
1205,Stride Apparel,SA01266,2025-10-08,2025-10,1200,Central,135640.41,2025-10-01,2025-10-08,Stock purchase
1206,Apex Athletic Supply Ltd ,APX-02001,09/10/2025,2025-10,1200,Central,48764.65,2025-10-01,2025-10-09,Stock purchase
1207,Velocity Equipment Co,VE-01775,2025-10-09,2025-10,1200,Central,37187.83,2025-10-01,2025-10-09,Stock purchase
1208,Peak Footwear Distribution Limited,PFD/04921,2025-10-09,2025-10,1200,Central,"£93,796.30",2025-10-01,2025-10-09,Stock purchase
1209,Stride Apparel Ltd ,SA01267,2025-10-10,2025-10,1200,Central,24482.34,2025-10-01,2025-10-10,Stock purchase
1210,Stride Apparel Limited,SA01268,2025-10-11,2025-10,1200,Central,58256.30,2025-10-01,2025-10-11,Stock purchase
1211,Apex Athletic Supply Ltd ,APX-02002,2025-10-12,2025-10,1200,Central,"£62,182.93",2025-10-01,2025-10-12,Stock purchase
1212,Apex Athletic Supply Ltd ,APX-02003,2025-10-14,2025-10,1200,Central,53298.01,2025-10-01,2025-10-14,Stock purchase
1213,Apex Athletic Supply,APX-02004,2025-10-16,2025-10,1200,Central,134532.41,2025-10-01,2025-10-16,Stock purchase
1214,Northfield Sportswear,NS008750,2025-10-17,2025-10,1200,Central,83601.75,2025-10-01,2025-10-17,Stock purchase
1215,Summit Outdoor Goods Limited,SOG-06479,20/10/2025,2025-10,1200,Central,74825.93,2025-10-01,2025-10-20,Stock purchase
1216,Stride Apparel Limited,SA01269,2025-10-21,2025-10,1200,Central,80631.34,2025-10-01,2025-10-21,Stock purchase
1217,Velocity Equipment Co Limited,VE-01776,2025-10-22,2025-10,1200,Central,"£61,951.37",2025-10-01,2025-10-22,Stock purchase
1218,Stride Apparel,SA01270,22/10/2025,2025-10,1200,Central,103887.66,2025-10-01,2025-10-22,Stock purchase
1219,SUMMIT OUTDOOR GOODS LTD,SOG-06480,2025-10-23,2025-10,1200,Central,121191.00,2025-10-01,2025-10-23,Stock purchase
1220,APEX ATHLETIC SUPPLY LTD,APX-02005,24/10/2025,2025-10,1200,Central,"£70,019.55",2025-10-01,2025-10-24,Stock purchase
1221,VELOCITY EQUIPMENT CO LTD,VE-01777,2025-10-27,2025-10,1200,Central,"£71,147.97",2025-10-01,2025-10-27,Stock purchase
1222,Northfield Sportswear,NS008751,27/10/2025,2025-10,1200,Central,40256.53,2025-10-01,2025-10-27,Stock purchase
1223,Northfield Sportswear,NS008752,2025-10-31,2025-10,1200,Central,75230.07,2025-10-01,2025-10-31,Stock purchase
1224,NORTHFIELD SPORTSWEAR LTD,NS008753,31/10/2025,2025-10,1200,Central,"£36,041.59",2025-10-01,2025-10-31,Stock purchase
1225,PARCELCO LTD,PC-003774,18/11/2025,2025-11,6000,Website,"£159,204.01",2025-11-01,2025-11-15,"Parcel delivery, website account"
1226,ParcelCo Limited,PC-003775,03/12/2025,2025-11,6000,Website,181722.92,2025-11-16,2025-11-30,"Parcel delivery, website account"
1227,PARCELCO LTD,PC-003776,2025-11-18,2025-11,6000,Marketplace,"£113,223.71",2025-11-01,2025-11-15,"Parcel delivery, marketplace account"
1228,PARCELCO LTD,PC-003777,03/12/2025,2025-11,6000,Marketplace,"£129,238.92",2025-11-16,2025-11-30,"Parcel delivery, marketplace account"
1229,Searchly Ads Limited,SRCH-07526,2025-11-30,2025-11,6200,Website,263659.02,2025-11-01,2025-11-30,Advertising
1230,Socialreach Media Limited,SRM04360,2025-11-30,2025-11,6200,Website,"£131,829.51",2025-11-01,2025-11-30,Advertising
1231,Linkpartner Affiliates,LPA-06159,2025-11-30,2025-11,6200,Website,43943.17,2025-11-01,2025-11-30,Advertising
1232,Midshire Logistics Park,MLP8442,01/11/2025,2025-11,7100,Central,118023.18,2025-11-01,2025-11-01,Monthly charge
1233,Cloudstack Software Ltd,CS-07635,2025-11-01,2025-11,7110,Central,64912.75,2025-11-01,2025-11-01,Monthly charge
1234,KESTREL GRID ENERGY LTD,KGE002537,2025-11-01,2025-11,7120,Central,35406.96,2025-11-01,2025-11-01,Monthly charge
1235,Ashcombe & Rowe LLP,AR-4300,2025-11-01,2025-11,7130,Central,47209.27,2025-11-01,2025-11-01,Monthly charge
1236,Harbourline Insurance Ltd ,HI02509,01/11/2025,2025-11,7140,Central,29505.80,2025-11-01,2025-11-01,Monthly charge
1237,Brightdesk IT,BIT05893,2025-11-14,2025-11,1500,Central,70000.00,2025-11-01,2025-11-14,Warehouse and IT equipment
1238,Summit Outdoor Goods Ltd ,SOG-06481,01/11/2025,2025-11,1200,Central,186034.68,2025-11-01,2025-11-01,Stock purchase
1239,Velocity Equipment Co Ltd,VE-01778,2025-11-05,2025-11,1200,Central,97960.10,2025-11-01,2025-11-05,Stock purchase
1240,STRIDE APPAREL LTD,SA01271,2025-11-05,2025-11,1200,Central,70599.61,2025-11-01,2025-11-05,Stock purchase
1241,STRIDE APPAREL LTD,SA01272,2025-11-08,2025-11,1200,Central,51383.74,2025-11-01,2025-11-08,Stock purchase
1242,Apex Athletic Supply,APX-02006,2025-11-09,2025-11,1200,Central,176370.11,2025-11-01,2025-11-09,Stock purchase
1243,Peak Footwear Distribution Ltd ,PFD/04922,2025-11-09,2025-11,1200,Central,"£120,461.06",2025-11-01,2025-11-09,Stock purchase
1244,Stride Apparel Ltd,SA01273,10/11/2025,2025-11,1200,Central,99089.86,2025-11-01,2025-11-10,Stock purchase
1245,Northfield Sportswear Limited,NS008754,2025-11-11,2025-11,1200,Central,65203.80,2025-11-01,2025-11-11,Stock purchase
1246,Stride Apparel Ltd ,SA01274,13/11/2025,2025-11,1200,Central,104616.16,2025-11-01,2025-11-13,Stock purchase
1247,PEAK FOOTWEAR DISTRIBUTION LTD,PFD/04923,2025-11-17,2025-11,1200,Central,166480.31,2025-11-01,2025-11-17,Stock purchase
1248,Northfield Sportswear Limited,NS008755,19/11/2025,2025-11,1200,Central,188763.33,2025-11-01,2025-11-19,Stock purchase
1249,Peak Footwear Distribution,PFD/04924,2025-11-19,2025-11,1200,Central,163544.52,2025-11-01,2025-11-19,Stock purchase
1250,Northfield Sportswear Ltd ,NS008756,2025-11-25,2025-11,1200,Central,84742.94,2025-11-01,2025-11-25,Stock purchase
1251,Peak Footwear Distribution,PFD/04925,25/11/2025,2025-11,1200,Central,120165.71,2025-11-01,2025-11-25,Stock purchase
1252,Summit Outdoor Goods Limited,SOG-06482,2025-11-25,2025-11,1200,Central,180086.89,2025-11-01,2025-11-25,Stock purchase
1253,Stride Apparel Ltd,SA01275,2025-11-26,2025-11,1200,Central,99523.67,2025-11-01,2025-11-26,Stock purchase
1254,SUMMIT OUTDOOR GOODS LTD,SOG-06483,27/11/2025,2025-11,1200,Central,125423.79,2025-11-01,2025-11-27,Stock purchase
1255,Summit Outdoor Goods,SOG-06484,2025-11-27,2025-11,1200,Central,"£106,786.37",2025-11-01,2025-11-27,Stock purchase
1256,SUMMIT OUTDOOR GOODS LTD,SOG-06485,28/11/2025,2025-11,1200,Central,"£80,785.60",2025-11-01,2025-11-28,Stock purchase
1257,Apex Athletic Supply Ltd ,APX-02007,2025-11-30,2025-11,1200,Central,"£168,037.20",2025-11-01,2025-11-30,Stock purchase
1258,ParcelCo Ltd,PC-003778,18/12/2025,2025-12,6000,Website,174433.36,2025-12-01,2025-12-15,"Parcel delivery, website account"
1259,PARCELCO LTD,PC-003779,03/01/2026,2025-12,6000,Website,"£172,678.43",2025-12-16,2025-12-31,"Parcel delivery, website account"
1260,ParcelCo Ltd ,PC-003780,2025-12-18,2025-12,6000,Marketplace,"£139,159.04",2025-12-01,2025-12-15,"Parcel delivery, marketplace account"
1261,ParcelCo,PC-003781,03/01/2026,2025-12,6000,Marketplace,"£137,758.99",2025-12-16,2025-12-31,"Parcel delivery, marketplace account"
1262,Searchly Ads Ltd ,SRCH-07527,2025-12-31,2025-12,6200,Website,217961.92,2025-12-01,2025-12-31,Advertising
1263,Socialreach Media Ltd,SRM04361,2025-12-31,2025-12,6200,Website,108980.96,2025-12-01,2025-12-31,Advertising
1264,Linkpartner Affiliates Limited,LPA-06160,31/12/2025,2025-12,6200,Website,36326.98,2025-12-01,2025-12-31,Advertising
1265,Midshire Logistics Park,MLP8443,2025-12-01,2025-12,7100,Central,120938.97,2025-12-01,2025-12-01,Monthly charge
1266,Cloudstack Software Ltd,CS-07636,2025-12-01,2025-12,7110,Central,66516.43,2025-12-01,2025-12-01,Monthly charge
1267,Kestrel Grid Energy,KGE002538,01/12/2025,2025-12,7120,Central,36281.69,2025-12-01,2025-12-01,Monthly charge
1268,Ashcombe & Rowe LLP,AR-4301,01/12/2025,2025-12,7130,Central,48375.59,2025-12-01,2025-12-01,Monthly charge
1269,Harbourline Insurance Limited,HI02510,01/12/2025,2025-12,7130,Central,"£30,234.74",2025-12-01,2025-12-01,Broker advisory fee
1270,Fulcrum Automation Ltd,FA-03866,2025-12-15,2025-12,1500,Central,70000.00,2025-12-01,2025-12-15,Warehouse and IT equipment
1271,Velocity Equipment Co Limited,VE-01779,01/12/2025,2025-12,1200,Central,89697.36,2025-12-01,2025-12-01,Stock purchase
1272,Stride Apparel Limited,SA01276,02/12/2025,2025-12,1200,Central,"£153,153.11",2025-12-01,2025-12-02,Stock purchase
1273,Velocity Equipment Co Limited,VE-01780,05/12/2025,2025-12,1200,Central,143667.27,2025-12-01,2025-12-05,Stock purchase
1274,Peak Footwear Distribution Limited,PFD/04926,2025-12-05,2025-12,1200,Central,104627.25,2025-12-01,2025-12-05,Stock purchase
1275,STRIDE APPAREL LTD,SA01277,2025-12-07,2025-12,1200,Central,125290.02,2025-12-01,2025-12-07,Stock purchase
1276,Velocity Equipment Co Ltd ,VE-01781,09/12/2025,2025-12,1200,Central,"£128,031.76",2025-12-01,2025-12-09,Stock purchase
1277,Apex Athletic Supply Limited,APX-02008,2025-12-09,2025-12,1200,Central,"£135,301.17",2025-12-01,2025-12-09,Stock purchase
1278,VELOCITY EQUIPMENT CO LTD,VE-01782,2025-12-09,2025-12,1200,Central,94005.73,2025-12-01,2025-12-09,Stock purchase
1279,Stride Apparel Ltd ,SA01278,2025-12-11,2025-12,1200,Central,"£101,939.45",2025-12-01,2025-12-11,Stock purchase
1280,NORTHFIELD SPORTSWEAR LTD,NS008757,2025-12-13,2025-12,1200,Central,105504.54,2025-12-01,2025-12-13,Stock purchase
1281,Stride Apparel Ltd ,SA01279,2025-12-15,2025-12,1200,Central,130126.96,2025-12-01,2025-12-15,Stock purchase
1282,APEX ATHLETIC SUPPLY LTD,APX-02009,2025-12-15,2025-12,1200,Central,118156.41,2025-12-01,2025-12-15,Stock purchase
1283,STRIDE APPAREL LTD,SA01280,15/12/2025,2025-12,1200,Central,61166.89,2025-12-01,2025-12-15,Stock purchase
1284,Northfield Sportswear,NS008758,2025-12-16,2025-12,1200,Central,61648.77,2025-12-01,2025-12-16,Stock purchase
1285,Northfield Sportswear,NS008759,17/12/2025,2025-12,1200,Central,"£75,789.50",2025-12-01,2025-12-17,Stock purchase
1286,Summit Outdoor Goods Limited,SOG-06486,2025-12-18,2025-12,1200,Central,34403.99,2025-12-01,2025-12-18,Stock purchase
1287,Summit Outdoor Goods Limited,SOG-06487,20/12/2025,2025-12,1200,Central,"£55,046.80",2025-12-01,2025-12-20,Stock purchase
1288,Velocity Equipment Co Ltd,VE-01783,23/12/2025,2025-12,1200,Central,"£127,830.66",2025-12-01,2025-12-23,Stock purchase
1289,APEX ATHLETIC SUPPLY LTD,APX-02010,23/12/2025,2025-12,1200,Central,138968.57,2025-12-01,2025-12-23,Stock purchase
1290,Apex Athletic Supply,APX-02011,2025-12-24,2025-12,1200,Central,39594.79,2025-12-01,2025-12-24,Stock purchase
1291,Summit Outdoor Goods,SOG-06488,2025-12-25,2025-12,1200,Central,114777.75,2025-12-01,2025-12-25,Stock purchase
1292,Peak Footwear Distribution Ltd,PFD/04927,26/12/2025,2025-12,1200,Central,"£34,390.86",2025-12-01,2025-12-26,Stock purchase
1293,Apex Athletic Supply Ltd,APX-02012,2025-12-28,2025-12,1200,Central,"£48,381.68",2025-12-01,2025-12-28,Stock purchase
1294,Northfield Sportswear,NS008760,28/12/2025,2025-12,1200,Central,"£148,213.04",2025-12-01,2025-12-28,Stock purchase
1295,Peak Footwear Distribution Ltd ,PFD/04928,2025-12-28,2025-12,1200,Central,"£40,404.50",2025-12-01,2025-12-28,Stock purchase
1296,STRIDE APPAREL LTD,SA01281,31/12/2025,2025-12,1200,Central,128387.81,2025-12-01,2025-12-31,Stock purchase
1297,STRIDE APPAREL LTD,SA01282,2025-12-31,2025-12,1200,Central,154240.44,2025-12-01,2025-12-31,Stock purchase
1298,ParcelCo Ltd,PC-003782,18/01/2026,2026-01,6000,Website,157397.38,2026-01-01,2026-01-15,"Parcel delivery, website account"
1299,ParcelCo Ltd ,PC-003783,2026-02-03,2026-01,6000,Website,168306.13,2026-01-16,2026-01-31,"Parcel delivery, website account"
1300,ParcelCo,PC-003784,2026-01-18,2026-01,6000,Marketplace,104435.80,2026-01-01,2026-01-15,"Parcel delivery, marketplace account"
1301,ParcelCo,PC-003785,2026-02-03,2026-01,6000,Marketplace,111673.96,2026-01-16,2026-01-31,"Parcel delivery, marketplace account"
1302,Searchly Ads Ltd ,SRCH-07528,2026-01-31,2026-01,6200,Website,163701.43,2026-01-01,2026-01-31,Advertising
1303,SOCIALREACH MEDIA LTD,SRM04362,2026-01-31,2026-01,6200,Website,81850.72,2026-01-01,2026-01-31,Advertising
1304,Linkpartner Affiliates Ltd,LPA-06161,2026-01-31,2026-01,6200,Website,27283.57,2026-01-01,2026-01-31,Advertising
1305,Midshire Logistics Park Ltd ,MLP8444,01/01/2026,2026-01,7100,Central,117388.75,2026-01-01,2026-01-01,Monthly charge
1306,CLOUDSTACK SOFTWARE LTD,CS-07637,01/01/2026,2026-01,7110,Central,"£64,563.81",2026-01-01,2026-01-01,Monthly charge
1307,Kestrel Grid Energy Ltd,KGE002539,01/01/2026,2026-01,7150,Central,35216.63,2026-01-01,2026-01-01,Approved recode: emergency generator repair
1308,Ashcombe & Rowe LLP,AR-4302,2026-01-01,2026-01,6200,Central,46955.50,2026-01-01,2026-01-01,Monthly charge
1309,Harbourline Insurance Ltd ,HI02511,01/01/2026,2026-01,7140,Central,29347.19,2026-01-01,2026-01-01,Monthly charge
1310,Brightdesk IT Ltd ,BIT05894,2026-01-10,2026-01,1500,Central,70000.00,2026-01-01,2026-01-10,Warehouse and IT equipment
1311,NORTHFIELD SPORTSWEAR LTD,NS008761,2026-01-02,2026-01,1200,Central,130938.57,2026-01-01,2026-01-02,Stock purchase
1312,Summit Outdoor Goods Ltd ,SOG-06489,02/01/2026,2026-01,1200,Central,98444.16,2026-01-01,2026-01-02,Stock purchase
1313,Summit Outdoor Goods Ltd ,SOG-06490,03/01/2026,2026-01,1200,Central,152194.00,2026-01-01,2026-01-03,Stock purchase
1314,SUMMIT OUTDOOR GOODS LTD,SOG-06491,2026-01-06,2026-01,1200,Central,"£50,456.18",2026-01-01,2026-01-06,Stock purchase
1315,Apex Athletic Supply Ltd,APX-02013,2026-01-08,2026-01,1200,Central,57066.53,2026-01-01,2026-01-08,Stock purchase
1316,Peak Footwear Distribution,PFD/04929,2026-01-08,2026-01,1200,Central,"£94,328.29",2026-01-01,2026-01-08,Stock purchase
1317,Northfield Sportswear Ltd,NS008762,2026-01-08,2026-01,1200,Central,97967.13,2026-01-01,2026-01-08,Stock purchase
1318,Stride Apparel,SA01283,2026-01-10,2026-01,1200,Central,119193.80,2026-01-01,2026-01-10,Stock purchase
1319,Apex Athletic Supply Limited,APX-02014,11/01/2026,2026-01,1200,Central,114109.43,2026-01-01,2026-01-11,Stock purchase
1320,Stride Apparel Ltd ,SA01284,2026-01-13,2026-01,1200,Central,156037.71,2026-01-01,2026-01-13,Stock purchase
1321,STRIDE APPAREL LTD,SA01285,15/01/2026,2026-01,1200,Central,"£35,729.18",2026-01-01,2026-01-15,Stock purchase
1322,Apex Athletic Supply Limited,APX-02015,2026-01-16,2026-01,1200,Central,99116.15,2026-01-01,2026-01-16,Stock purchase
1323,Peak Footwear Distribution Limited,PFD/04930,2026-01-17,2026-01,1200,Central,"£84,922.86",2026-01-01,2026-01-17,Stock purchase
1324,Stride Apparel Limited,SA01286,18/01/2026,2026-01,1200,Central,90674.98,2026-01-01,2026-01-18,Stock purchase
1325,PEAK FOOTWEAR DISTRIBUTION LTD,PFD/04931,2026-01-19,2026-01,1200,Central,160630.36,2026-01-01,2026-01-19,Stock purchase
1326,Northfield Sportswear Ltd,NS008763,2026-01-19,2026-01,1200,Central,95958.70,2026-01-01,2026-01-19,Stock purchase
1327,Northfield Sportswear Ltd,NS008764,2026-01-19,2026-01,1200,Central,107045.32,2026-01-01,2026-01-19,Stock purchase
1328,Apex Athletic Supply Ltd,APX-02016,2026-01-23,2026-01,1200,Central,160619.67,2026-01-01,2026-01-23,Stock purchase
1329,Summit Outdoor Goods Ltd,SOG-06492,2026-01-25,2026-01,1200,Central,"£46,590.30",2026-01-01,2026-01-25,Stock purchase
1330,Peak Footwear Distribution,PFD/04932,2026-01-26,2026-01,1200,Central,45836.79,2026-01-01,2026-01-26,Stock purchase
1331,Apex Athletic Supply,APX-02017,27/01/2026,2026-01,1200,Central,"£77,365.92",2026-01-01,2026-01-27,Stock purchase
1332,Peak Footwear Distribution Ltd,PFD/04933,2026-01-28,2026-01,1200,Central,"£50,992.15",2026-01-01,2026-01-28,Stock purchase
1333,Stride Apparel Ltd,SA01287,2026-01-29,2026-01,1200,Central,131969.39,2026-01-01,2026-01-29,Stock purchase
1334,Summit Outdoor Goods Ltd ,SOG-06493,2026-01-30,2026-01,1200,Central,67719.59,2026-01-01,2026-01-30,Stock purchase
1335,SUMMIT OUTDOOR GOODS LTD,SOG-06494,30/01/2026,2026-01,1200,Central,"£60,644.30",2026-01-01,2026-01-30,Stock purchase
1336,Apex Athletic Supply Limited,APX-02018,2026-01-31,2026-01,1200,Central,67393.70,2026-01-01,2026-01-31,Stock purchase
1337,Peak Footwear Distribution Ltd ,PFD/04921,2025-10-09,2025-10,1200,Central,"£93,796.30",2025-10-01,2025-10-09,Stock purchase
1338,SUMMIT OUTDOOR GOODS LTD, sog-06372,16/03/2023,2023-03,1200,Central,56375.15,2023-03-01,2023-03-16,Stock purchase
1339,Summit Outdoor Goods Ltd , sog-06377,2023-04-06,2023-04,1200,Central,"£31,911.02",2023-04-01,2023-04-06,Stock purchase
1340,PEAK FOOTWEAR DISTRIBUTION LTD,PFD/04840,2023-12-25,2023-12,1200,Central,"£123,253.81",2023-12-01,2023-12-25,Stock purchase
1341,Stride Apparel, sa01220,2025-01-18,2025-01,1200,Central,92260.64,2025-01-01,2025-01-18,Stock purchase
1342,Peak Footwear Distribution Limited, pfd/04867,2024-07-22,2024-07,1200,Central,137845.84,2024-07-01,2024-07-22,Stock purchase
1343,Peak Footwear Distribution Ltd,PFD/04903,2025-04-13,2025-04,1200,Central,68649.88,2025-04-01,2025-04-13,Stock purchase
1344,Apex Athletic Supply Ltd,APX01891,10/03/2023,2023-03,1200,Central,"£60,938.93",2023-03-01,2023-03-10,Stock purchase
1345,Stride Apparel,SA01115,05/03/2023,2023-03,1200,Central,48796.34,2023-03-01,2023-03-05,Stock purchase
1346,VELOCITY EQUIPMENT CO LTD,VE01696,2024-03-08,2024-03,1200,Central,"£83,905.07",2024-03-01,2024-03-08,Stock purchase
1347,NORTHFIELD SPORTSWEAR LTD,NS008729,29/04/2025,2025-04,1200,Central,"£55,899.34",2025-04-01,2025-04-29,Stock purchase
1348,Ashcombe & Rowe LLP,AR-4291,2025-02-05,2025-02,7130,Central,"£46,050.24",2025-02-01,2025-02-05,Monthly charge
1349,Northfield Sportswear Ltd,NS008671,2024-04-20,2024-04,1200,Central,74277.53,2024-04-01,2024-04-20,Stock purchase
1350,Northfield Sportswear,NS008765,18/08/2023,2023-08,1200,Central,31546.64,2023-08-01,2023-08-18,Stock purchase
1351,Summit Outdoor Goods Ltd ,SOG-06495,2025-09-16,2025-09,1200,Central,58734.50,2025-09-01,2025-09-16,Stock purchase
1352,Stride Apparel Ltd,SA01288,2025-08-10,2025-08,1200,Central,117164.30,2025-08-01,2025-08-10,Stock purchase
